#pragma once
#include <Arduino.h>
#include <stdint.h>

// Generated bitmap subset for names found in the Shanghai OSM PBF.
// The source font file is not distributed with this project.
struct FT02RoadGlyph16 { uint32_t codepoint; uint8_t rows[32]; };

static const FT02RoadGlyph16 FT02_ROAD_GLYPHS[] PROGMEM = {
    {0x0020, {0x00,0x00,0x00,0x00,0x00,0x00,0x00,0x00,0x00,0x00,0x00,0x00,0x00,0x00,0x00,0x00,0x00,0x00,0x00,0x00,0x00,0x00,0x00,0x00,0x00,0x00,0x00,0x00,0x00,0x00,0x00,0x00}},
    {0x0021, {0x00,0x00,0x01,0x80,0x01,0x80,0x01,0x80,0x01,0x80,0x01,0x80,0x01,0x80,0x01,0x80,0x01,0x80,0x01,0x80,0x01,0x80,0x00,0x00,0x00,0x00,0x01,0x80,0x01,0x80,0x00,0x00}},
    {0x0023, {0x00,0x00,0x02,0x20,0x02,0x20,0x02,0x20,0x02,0x20,0x0F,0xF8,0x02,0x60,0x06,0x60,0x06,0x60,0x0F,0xF0,0x04,0x40,0x04,0x40,0x04,0x40,0x04,0xC0,0x00,0x00,0x00,0x00}},
    {0x0025, {0x00,0x00,0x38,0x30,0x6C,0x20,0x44,0x60,0x46,0x40,0x44,0xC0,0x44,0xBC,0x6D,0x24,0x3B,0x66,0x13,0x62,0x06,0x62,0x04,0x66,0x0C,0x26,0x08,0x3C,0x00,0x00,0x00,0x00}},
    {0x0026, {0x00,0x00,0x03,0x80,0x06,0xC0,0x0C,0xC0,0x0C,0xC0,0x0C,0x80,0x07,0x80,0x06,0x08,0x0F,0x0C,0x1B,0x98,0x19,0x98,0x10,0xF0,0x18,0x70,0x1F,0xFC,0x0F,0x8C,0x00,0x00}},
    {0x0027, {0x00,0x00,0x00,0x00,0x00,0x00,0x00,0x00,0x00,0x00,0x03,0x00,0x01,0x00,0x01,0x00,0x01,0x00,0x01,0x00,0x00,0x00,0x00,0x00,0x00,0x00,0x00,0x00,0x00,0x00,0x00,0x00}},
    {0x0028, {0x00,0x80,0x00,0x80,0x01,0x80,0x01,0x00,0x01,0x00,0x03,0x00,0x03,0x00,0x03,0x00,0x03,0x00,0x01,0x00,0x01,0x00,0x01,0x00,0x01,0x80,0x00,0x80,0x00,0x00,0x00,0x00}},
    {0x0029, {0x01,0x00,0x01,0x00,0x01,0x80,0x00,0x80,0x00,0x80,0x00,0xC0,0x00,0xC0,0x00,0xC0,0x00,0xC0,0x00,0xC0,0x00,0x80,0x00,0x80,0x01,0x80,0x01,0x00,0x00,0x00,0x00,0x00}},
    {0x002B, {0x00,0x00,0x00,0x00,0x00,0x00,0x00,0x00,0x01,0x80,0x01,0x80,0x01,0x80,0x01,0x80,0x0F,0xF0,0x01,0x80,0x01,0x80,0x01,0x80,0x01,0x80,0x00,0x00,0x00,0x00,0x00,0x00}},
    {0x002C, {0x00,0x00,0x00,0x00,0x00,0x00,0x00,0x00,0x00,0x00,0x03,0x80,0x01,0x80,0x01,0x80,0x01,0x80,0x03,0x00,0x00,0x00,0x00,0x00,0x00,0x00,0x00,0x00,0x00,0x00,0x00,0x00}},
    {0x002D, {0x00,0x00,0x00,0x00,0x00,0x00,0x00,0x00,0x00,0x00,0x00,0x00,0x00,0x00,0x03,0xE0,0x00,0x00,0x00,0x00,0x00,0x00,0x00,0x00,0x00,0x00,0x00,0x00,0x00,0x00,0x00,0x00}},
    {0x002E, {0x00,0x00,0x00,0x00,0x00,0x00,0x00,0x00,0x00,0x00,0x00,0x00,0x01,0x00,0x03,0x80,0x01,0x00,0x00,0x00,0x00,0x00,0x00,0x00,0x00,0x00,0x00,0x00,0x00,0x00,0x00,0x00}},
    {0x002F, {0x00,0x20,0x00,0x60,0x00,0x40,0x00,0x40,0x00,0xC0,0x00,0x80,0x00,0x80,0x01,0x80,0x01,0x00,0x01,0x00,0x03,0x00,0x03,0x00,0x02,0x00,0x06,0x00,0x06,0x00,0x00,0x00}},
    {0x0030, {0x00,0x00,0x03,0xC0,0x07,0xE0,0x04,0x20,0x0C,0x30,0x0C,0x30,0x0C,0x30,0x0C,0x30,0x0C,0x30,0x0C,0x30,0x0C,0x30,0x0C,0x30,0x04,0x20,0x07,0xE0,0x03,0xC0,0x00,0x00}},
    {0x0031, {0x00,0x00,0x03,0x80,0x07,0x80,0x01,0x80,0x01,0x80,0x01,0x80,0x01,0x80,0x01,0x80,0x01,0x80,0x01,0x80,0x01,0x80,0x01,0x80,0x01,0x80,0x01,0xC0,0x0F,0xF0,0x00,0x00}},
    {0x0032, {0x00,0x00,0x07,0xC0,0x0F,0xE0,0x08,0x60,0x00,0x20,0x00,0x20,0x00,0x60,0x00,0x60,0x00,0x60,0x00,0xC0,0x01,0x80,0x03,0x00,0x07,0x00,0x0E,0xF0,0x0F,0xF0,0x00,0x00}},
    {0x0033, {0x00,0x00,0x07,0xC0,0x0F,0xE0,0x00,0x60,0x00,0x30,0x00,0x60,0x00,0xE0,0x03,0xC0,0x01,0xE0,0x00,0x30,0x00,0x30,0x00,0x30,0x08,0x30,0x0F,0xE0,0x07,0xC0,0x00,0x00}},
    {0x0034, {0x00,0x00,0x00,0xE0,0x00,0xE0,0x01,0xE0,0x01,0x60,0x03,0x60,0x06,0x60,0x06,0x60,0x0C,0x60,0x1C,0x60,0x1F,0xF8,0x00,0x60,0x00,0x60,0x00,0x60,0x00,0x60,0x00,0x00}},
    {0x0035, {0x00,0x00,0x07,0xE0,0x07,0xE0,0x04,0x00,0x04,0x00,0x04,0x00,0x0F,0xC0,0x06,0xE0,0x00,0x30,0x00,0x30,0x00,0x30,0x00,0x30,0x08,0x30,0x0F,0xE0,0x07,0xC0,0x00,0x00}},
    {0x0036, {0x00,0x00,0x03,0xC0,0x07,0xE0,0x0C,0x00,0x18,0x00,0x18,0x00,0x1B,0xC0,0x1E,0xE0,0x18,0x60,0x18,0x60,0x18,0x60,0x18,0x60,0x0C,0x60,0x0E,0xC0,0x07,0x80,0x00,0x00}},
    {0x0037, {0x00,0x00,0x0F,0xF0,0x0F,0xF0,0x00,0x20,0x00,0x60,0x00,0xC0,0x00,0xC0,0x00,0x80,0x01,0x80,0x01,0x80,0x01,0x80,0x01,0x80,0x01,0x80,0x01,0x00,0x03,0x00,0x00,0x00}},
    {0x0038, {0x00,0x00,0x03,0xC0,0x06,0x60,0x04,0x30,0x0C,0x30,0x04,0x30,0x06,0x20,0x03,0xC0,0x06,0xE0,0x0C,0x70,0x0C,0x30,0x08,0x30,0x0C,0x30,0x0E,0x70,0x03,0xC0,0x00,0x00}},
    {0x0039, {0x00,0x00,0x03,0xC0,0x06,0xE0,0x0C,0x60,0x0C,0x30,0x08,0x30,0x0C,0x30,0x0C,0x30,0x0E,0xF0,0x07,0xB0,0x00,0x30,0x00,0x30,0x00,0x60,0x0F,0xC0,0x07,0x80,0x00,0x00}},
    {0x003A, {0x00,0x00,0x00,0x00,0x00,0x00,0x01,0x00,0x03,0x80,0x01,0x00,0x00,0x00,0x00,0x00,0x00,0x00,0x00,0x00,0x01,0x00,0x03,0x80,0x01,0x00,0x00,0x00,0x00,0x00,0x00,0x00}},
    {0x003B, {0x00,0x00,0x01,0x00,0x03,0x80,0x01,0x00,0x00,0x00,0x00,0x00,0x00,0x00,0x00,0x00,0x00,0x00,0x03,0x80,0x01,0x80,0x01,0x80,0x01,0x80,0x03,0x00,0x00,0x00,0x00,0x00}},
    {0x003F, {0x00,0x00,0x03,0xC0,0x07,0xE0,0x00,0x30,0x00,0x30,0x00,0x60,0x00,0x60,0x00,0xC0,0x01,0x80,0x01,0x80,0x01,0x80,0x00,0x00,0x00,0x00,0x01,0x80,0x01,0x80,0x00,0x00}},
    {0x0041, {0x00,0x00,0x03,0x80,0x03,0x80,0x02,0x80,0x06,0xC0,0x06,0xC0,0x04,0x40,0x0C,0x60,0x0C,0x60,0x0F,0xE0,0x18,0x30,0x18,0x30,0x18,0x30,0x30,0x18,0x30,0x18,0x00,0x00}},
    {0x0042, {0x00,0x00,0x0F,0xE0,0x0C,0xF0,0x0C,0x30,0x0C,0x30,0x0C,0x30,0x0C,0x70,0x0F,0xE0,0x0C,0x70,0x0C,0x18,0x0C,0x18,0x0C,0x18,0x0C,0x18,0x0C,0xF0,0x0F,0xE0,0x00,0x00}},
    {0x0043, {0x00,0x00,0x03,0xE0,0x07,0xF0,0x0E,0x10,0x0C,0x00,0x18,0x00,0x18,0x00,0x18,0x00,0x18,0x00,0x18,0x00,0x18,0x00,0x0C,0x00,0x0E,0x10,0x07,0xF0,0x03,0xE0,0x00,0x00}},
    {0x0044, {0x00,0x00,0x1F,0x80,0x1B,0xC0,0x18,0x60,0x18,0x30,0x18,0x30,0x18,0x30,0x18,0x30,0x18,0x30,0x18,0x30,0x18,0x30,0x18,0x30,0x18,0x60,0x1B,0xC0,0x1F,0x80,0x00,0x00}},
    {0x0045, {0x00,0x00,0x0F,0xF0,0x0F,0xE0,0x0C,0x00,0x0C,0x00,0x0C,0x00,0x0C,0x00,0x0F,0xE0,0x0F,0xC0,0x0C,0x00,0x0C,0x00,0x0C,0x00,0x0C,0x00,0x0F,0xE0,0x0F,0xF0,0x00,0x00}},
    {0x0046, {0x00,0x00,0x0F,0xF0,0x0F,0xE0,0x0C,0x00,0x0C,0x00,0x0C,0x00,0x0C,0x00,0x0F,0xE0,0x0F,0xC0,0x0C,0x00,0x0C,0x00,0x0C,0x00,0x0C,0x00,0x0C,0x00,0x0C,0x00,0x00,0x00}},
    {0x0047, {0x00,0x00,0x07,0xC0,0x0F,0xF0,0x1C,0x00,0x18,0x00,0x30,0x00,0x30,0x00,0x30,0x00,0x30,0xF0,0x30,0x30,0x30,0x30,0x18,0x30,0x1C,0x30,0x0F,0xF0,0x07,0xE0,0x00,0x00}},
    {0x0048, {0x00,0x00,0x18,0x10,0x18,0x10,0x18,0x10,0x18,0x10,0x18,0x10,0x18,0x10,0x1F,0xF0,0x1F,0xF0,0x18,0x10,0x18,0x10,0x18,0x10,0x18,0x10,0x18,0x10,0x18,0x10,0x00,0x00}},
    {0x0049, {0x00,0x00,0x01,0x80,0x01,0x80,0x01,0x80,0x01,0x80,0x01,0x80,0x01,0x80,0x01,0x80,0x01,0x80,0x01,0x80,0x01,0x80,0x01,0x80,0x01,0x80,0x01,0x80,0x01,0x80,0x00,0x00}},
    {0x004A, {0x00,0x00,0x00,0x30,0x00,0x30,0x00,0x30,0x00,0x30,0x00,0x30,0x00,0x30,0x00,0x30,0x00,0x30,0x00,0x30,0x00,0x30,0x00,0x30,0x04,0x30,0x07,0xE0,0x03,0xC0,0x00,0x00}},
    {0x004B, {0x00,0x00,0x18,0x30,0x18,0x60,0x18,0xC0,0x19,0x80,0x1B,0x80,0x1B,0x00,0x1F,0x80,0x1D,0x80,0x18,0xC0,0x18,0xC0,0x18,0x60,0x18,0x60,0x18,0x30,0x18,0x30,0x00,0x00}},
    {0x004C, {0x00,0x00,0x0C,0x00,0x0C,0x00,0x0C,0x00,0x0C,0x00,0x0C,0x00,0x0C,0x00,0x0C,0x00,0x0C,0x00,0x0C,0x00,0x0C,0x00,0x0C,0x00,0x0C,0x00,0x0F,0xE0,0x0F,0xE0,0x00,0x00}},
    {0x004D, {0x00,0x00,0x18,0x1C,0x18,0x1C,0x1C,0x1C,0x1C,0x3C,0x16,0x3C,0x16,0x2C,0x12,0x6C,0x13,0x6C,0x13,0x4C,0x11,0xCC,0x11,0xCC,0x11,0x8C,0x10,0x0C,0x10,0x0C,0x00,0x00}},
    {0x004E, {0x00,0x00,0x18,0x30,0x18,0x30,0x1C,0x30,0x16,0x30,0x16,0x30,0x13,0x30,0x13,0x30,0x11,0xB0,0x11,0x90,0x10,0xD0,0x10,0xD0,0x10,0x70,0x10,0x30,0x10,0x30,0x00,0x00}},
    {0x004F, {0x00,0x00,0x07,0xC0,0x0F,0xE0,0x18,0x30,0x18,0x18,0x30,0x18,0x30,0x18,0x30,0x18,0x30,0x18,0x30,0x18,0x30,0x18,0x18,0x18,0x18,0x30,0x0F,0xE0,0x07,0xC0,0x00,0x00}},
    {0x0050, {0x00,0x00,0x0F,0xE0,0x0D,0xF0,0x0C,0x30,0x0C,0x18,0x0C,0x18,0x0C,0x30,0x0C,0x70,0x0F,0xE0,0x0C,0x00,0x0C,0x00,0x0C,0x00,0x0C,0x00,0x0C,0x00,0x0C,0x00,0x00,0x00}},
    {0x0051, {0x07,0xC0,0x0F,0xE0,0x18,0x70,0x30,0x30,0x30,0x30,0x30,0x10,0x30,0x10,0x30,0x30,0x30,0x30,0x18,0x30,0x1C,0x60,0x0F,0xC0,0x03,0x80,0x01,0xC0,0x00,0xF8,0x00,0x00}},
    {0x0052, {0x00,0x00,0x0F,0xE0,0x0C,0xF0,0x0C,0x30,0x0C,0x18,0x0C,0x18,0x0C,0x30,0x0C,0xF0,0x0F,0xE0,0x0C,0xC0,0x0C,0x60,0x0C,0x60,0x0C,0x30,0x0C,0x30,0x0C,0x18,0x00,0x00}},
    {0x0053, {0x00,0x00,0x03,0xE0,0x07,0xF0,0x06,0x10,0x0C,0x00,0x06,0x00,0x07,0x00,0x03,0xC0,0x00,0xF0,0x00,0x38,0x00,0x18,0x00,0x18,0x0C,0x18,0x0F,0xF0,0x03,0xE0,0x00,0x00}},
    {0x0054, {0x00,0x00,0x3F,0xF0,0x1F,0xF0,0x03,0x00,0x03,0x00,0x03,0x00,0x03,0x00,0x03,0x00,0x03,0x00,0x03,0x00,0x03,0x00,0x03,0x00,0x03,0x00,0x03,0x00,0x03,0x00,0x00,0x00}},
    {0x0055, {0x00,0x00,0x18,0x10,0x18,0x10,0x18,0x10,0x18,0x10,0x18,0x10,0x18,0x10,0x18,0x10,0x18,0x10,0x18,0x30,0x18,0x30,0x18,0x30,0x18,0x30,0x0F,0xE0,0x07,0xC0,0x00,0x00}},
    {0x0056, {0x00,0x00,0x30,0x30,0x30,0x30,0x18,0x30,0x18,0x20,0x18,0x60,0x08,0x60,0x0C,0x60,0x0C,0xC0,0x0C,0xC0,0x06,0xC0,0x06,0x80,0x07,0x80,0x03,0x80,0x03,0x00,0x00,0x00}},
    {0x0057, {0x00,0x00,0xC3,0x04,0x43,0x8C,0x63,0x8C,0x63,0x8C,0x66,0x8C,0x66,0xC8,0x26,0xD8,0x34,0xD8,0x34,0x58,0x3C,0x58,0x3C,0x70,0x18,0x70,0x18,0x30,0x00,0x00,0x00,0x00}},
    {0x0058, {0x00,0x00,0x0C,0x18,0x0C,0x30,0x06,0x30,0x06,0x60,0x03,0x60,0x03,0xC0,0x01,0x80,0x01,0xC0,0x03,0xC0,0x02,0x60,0x06,0x60,0x04,0x30,0x0C,0x30,0x18,0x18,0x00,0x00}},
    {0x0059, {0x00,0x00,0x18,0x10,0x0C,0x30,0x0C,0x30,0x0C,0x60,0x06,0x60,0x06,0xC0,0x03,0xC0,0x03,0x80,0x01,0x80,0x01,0x80,0x01,0x80,0x01,0x80,0x01,0x80,0x01,0x80,0x00,0x00}},
    {0x005A, {0x00,0x00,0x0F,0xF8,0x07,0xF8,0x00,0x30,0x00,0x70,0x00,0x60,0x00,0xC0,0x00,0xC0,0x01,0x80,0x03,0x80,0x03,0x00,0x06,0x00,0x06,0x00,0x0F,0xF8,0x0F,0xF8,0x00,0x00}},
    {0x0060, {0x00,0x00,0x00,0x00,0x00,0x00,0x00,0x00,0x00,0x00,0x02,0x00,0x03,0x00,0x01,0x80,0x00,0x80,0x00,0x00,0x00,0x00,0x00,0x00,0x00,0x00,0x00,0x00,0x00,0x00,0x00,0x00}},
    {0x0061, {0x00,0x00,0x00,0x00,0x00,0x00,0x03,0xC0,0x07,0xE0,0x00,0x30,0x00,0x30,0x01,0xF0,0x06,0x30,0x0C,0x30,0x0C,0x30,0x0F,0xF0,0x07,0xB0,0x00,0x00,0x00,0x00,0x00,0x00}},
    {0x0062, {0x00,0x00,0x08,0x00,0x08,0x00,0x08,0x00,0x08,0x00,0x0B,0xC0,0x0F,0xE0,0x0C,0x30,0x08,0x30,0x08,0x30,0x08,0x30,0x08,0x30,0x0C,0x30,0x0F,0xE0,0x0B,0xC0,0x00,0x00}},
    {0x0063, {0x00,0x00,0x00,0x00,0x00,0x00,0x03,0xE0,0x07,0xE0,0x0E,0x00,0x0C,0x00,0x0C,0x00,0x0C,0x00,0x0C,0x00,0x0E,0x00,0x07,0xF0,0x03,0xE0,0x00,0x00,0x00,0x00,0x00,0x00}},
    {0x0064, {0x00,0x00,0x00,0x18,0x00,0x18,0x00,0x18,0x00,0x18,0x03,0xD8,0x07,0xF8,0x0E,0x18,0x0C,0x18,0x0C,0x18,0x0C,0x18,0x0C,0x18,0x0C,0x38,0x07,0xF8,0x03,0xD8,0x00,0x00}},
    {0x0065, {0x00,0x00,0x00,0x00,0x00,0x00,0x03,0xC0,0x07,0xE0,0x0C,0x30,0x0C,0x10,0x0F,0xF0,0x0C,0x00,0x0C,0x00,0x0E,0x00,0x07,0xF0,0x03,0xE0,0x00,0x00,0x00,0x00,0x00,0x00}},
    {0x0066, {0x01,0xC0,0x03,0xC0,0x03,0x00,0x03,0x00,0x03,0x00,0x07,0xC0,0x07,0x00,0x03,0x00,0x03,0x00,0x03,0x00,0x03,0x00,0x03,0x00,0x03,0x00,0x03,0x00,0x03,0x00,0x00,0x00}},
    {0x0067, {0x00,0x00,0x03,0xF8,0x06,0x60,0x0C,0x20,0x0C,0x30,0x0C,0x20,0x06,0x60,0x07,0xC0,0x04,0x00,0x0E,0x00,0x07,0xF0,0x0C,0x18,0x0C,0x18,0x0E,0x30,0x07,0xE0,0x00,0x00}},
    {0x0068, {0x00,0x00,0x08,0x00,0x08,0x00,0x08,0x00,0x08,0x00,0x09,0xC0,0x0F,0xE0,0x0C,0x60,0x08,0x30,0x08,0x30,0x08,0x30,0x08,0x30,0x08,0x30,0x08,0x30,0x08,0x30,0x00,0x00}},
    {0x0069, {0x00,0x00,0x03,0x80,0x01,0x00,0x00,0x00,0x00,0x00,0x01,0x00,0x01,0x00,0x01,0x00,0x01,0x00,0x01,0x00,0x01,0x00,0x01,0x00,0x01,0x00,0x01,0x00,0x01,0x00,0x00,0x00}},
    {0x006A, {0x00,0x00,0x00,0xC0,0x00,0x00,0x00,0x00,0x00,0xC0,0x00,0xC0,0x00,0xC0,0x00,0xC0,0x00,0xC0,0x00,0xC0,0x00,0xC0,0x00,0xC0,0x00,0xC0,0x00,0x80,0x03,0x80,0x00,0x00}},
    {0x006B, {0x08,0x00,0x08,0x00,0x08,0x00,0x08,0x00,0x08,0x00,0x08,0x60,0x08,0xC0,0x09,0x80,0x09,0x80,0x0F,0x00,0x0F,0x80,0x0C,0xC0,0x08,0xC0,0x08,0x60,0x08,0x30,0x00,0x00}},
    {0x006C, {0x01,0x00,0x01,0x00,0x01,0x00,0x01,0x00,0x01,0x00,0x01,0x00,0x01,0x00,0x01,0x00,0x01,0x00,0x01,0x00,0x01,0x00,0x01,0x00,0x01,0x00,0x01,0x80,0x01,0x80,0x00,0x00}},
    {0x006D, {0x00,0x00,0x00,0x00,0x00,0x00,0x5E,0x78,0x7F,0xFC,0x63,0x8C,0x43,0x0C,0x43,0x0C,0x43,0x0C,0x43,0x0C,0x43,0x0C,0x43,0x0C,0x43,0x0C,0x00,0x00,0x00,0x00,0x00,0x00}},
    {0x006E, {0x00,0x00,0x00,0x00,0x00,0x00,0x09,0xC0,0x0F,0xE0,0x0C,0x60,0x08,0x30,0x08,0x30,0x08,0x30,0x08,0x30,0x08,0x30,0x08,0x30,0x08,0x30,0x00,0x00,0x00,0x00,0x00,0x00}},
    {0x006F, {0x00,0x00,0x00,0x00,0x00,0x00,0x03,0xE0,0x07,0xF0,0x0E,0x30,0x0C,0x18,0x0C,0x18,0x0C,0x18,0x0C,0x18,0x0C,0x30,0x07,0xF0,0x03,0xE0,0x00,0x00,0x00,0x00,0x00,0x00}},
    {0x0070, {0x00,0x00,0x0B,0xC0,0x0F,0xE0,0x0C,0x30,0x08,0x30,0x08,0x30,0x08,0x30,0x08,0x30,0x0C,0x30,0x0F,0xE0,0x0B,0xC0,0x08,0x00,0x08,0x00,0x08,0x00,0x08,0x00,0x00,0x00}},
    {0x0071, {0x00,0x00,0x03,0xD8,0x07,0xF8,0x0E,0x18,0x0C,0x18,0x0C,0x18,0x0C,0x18,0x0C,0x18,0x0C,0x38,0x07,0xF8,0x03,0xD8,0x00,0x18,0x00,0x18,0x00,0x18,0x00,0x18,0x00,0x00}},
    {0x0072, {0x00,0x00,0x00,0x00,0x00,0x00,0x02,0xE0,0x03,0xE0,0x03,0x00,0x03,0x00,0x02,0x00,0x02,0x00,0x02,0x00,0x02,0x00,0x02,0x00,0x02,0x00,0x00,0x00,0x00,0x00,0x00,0x00}},
    {0x0073, {0x00,0x00,0x00,0x00,0x00,0x00,0x03,0xE0,0x07,0x60,0x06,0x00,0x06,0x00,0x03,0x80,0x00,0xE0,0x00,0x30,0x00,0x30,0x07,0x60,0x03,0xC0,0x00,0x00,0x00,0x00,0x00,0x00}},
    {0x0074, {0x00,0x00,0x03,0x00,0x03,0x00,0x03,0x00,0x0F,0xC0,0x07,0x00,0x03,0x00,0x03,0x00,0x03,0x00,0x03,0x00,0x03,0x00,0x03,0x00,0x03,0xC0,0x01,0xC0,0x00,0x00,0x00,0x00}},
    {0x0075, {0x00,0x00,0x00,0x00,0x00,0x00,0x18,0x20,0x18,0x20,0x18,0x20,0x18,0x20,0x18,0x20,0x18,0x20,0x18,0x20,0x0C,0x60,0x0F,0xE0,0x07,0x20,0x00,0x00,0x00,0x00,0x00,0x00}},
    {0x0076, {0x00,0x00,0x00,0x00,0x00,0x00,0x18,0x30,0x0C,0x30,0x0C,0x20,0x0C,0x60,0x04,0x60,0x06,0x40,0x06,0xC0,0x02,0xC0,0x03,0x80,0x03,0x80,0x00,0x00,0x00,0x00,0x00,0x00}},
    {0x0077, {0x00,0x00,0x00,0x00,0x00,0x00,0x61,0x86,0x31,0xC6,0x31,0xC4,0x33,0x4C,0x13,0x4C,0x1A,0x6C,0x1A,0x68,0x1E,0x38,0x0E,0x38,0x0C,0x38,0x00,0x00,0x00,0x00,0x00,0x00}},
    {0x0078, {0x00,0x00,0x00,0x00,0x00,0x00,0x0C,0x60,0x0C,0x60,0x06,0xC0,0x03,0x80,0x03,0x80,0x03,0x80,0x06,0xC0,0x06,0xC0,0x0C,0x60,0x18,0x60,0x00,0x00,0x00,0x00,0x00,0x00}},
    {0x0079, {0x00,0x00,0x18,0x30,0x0C,0x30,0x0C,0x20,0x0C,0x60,0x06,0x60,0x06,0x40,0x02,0xC0,0x03,0xC0,0x01,0x80,0x01,0x80,0x01,0x80,0x03,0x00,0x0F,0x00,0x0E,0x00,0x00,0x00}},
    {0x007A, {0x00,0x00,0x00,0x00,0x00,0x00,0x0F,0xE0,0x00,0xE0,0x00,0xC0,0x01,0x80,0x01,0x80,0x03,0x00,0x06,0x00,0x06,0x00,0x0C,0x00,0x0F,0xE0,0x00,0x00,0x00,0x00,0x00,0x00}},
    {0x007C, {0x00,0x00,0x01,0x00,0x01,0x00,0x01,0x00,0x01,0x00,0x01,0x00,0x01,0x00,0x01,0x00,0x01,0x00,0x01,0x00,0x01,0x00,0x01,0x00,0x01,0x00,0x01,0x00,0x01,0x00,0x00,0x00}},
    {0x007E, {0x00,0x00,0x00,0x00,0x00,0x00,0x00,0x00,0x00,0x00,0x00,0x00,0x07,0x00,0x0D,0xB0,0x00,0xE0,0x00,0x00,0x00,0x00,0x00,0x00,0x00,0x00,0x00,0x00,0x00,0x00,0x00,0x00}},
    {0x00B0, {0x00,0x00,0x00,0x00,0x00,0x00,0x00,0x00,0x00,0x00,0x01,0xC0,0x03,0x60,0x02,0x20,0x02,0x60,0x01,0xC0,0x00,0x00,0x00,0x00,0x00,0x00,0x00,0x00,0x00,0x00,0x00,0x00}},
    {0x00B3, {0x00,0x00,0x00,0x00,0x00,0x00,0x03,0x80,0x04,0xC0,0x00,0xC0,0x01,0x80,0x00,0xC0,0x00,0x40,0x04,0xC0,0x03,0xC0,0x00,0x00,0x00,0x00,0x00,0x00,0x00,0x00,0x00,0x00}},
    {0x00B4, {0x00,0x00,0x00,0x00,0x00,0x00,0x00,0x00,0x00,0x00,0x00,0x80,0x01,0x80,0x03,0x00,0x06,0x00,0x00,0x00,0x00,0x00,0x00,0x00,0x00,0x00,0x00,0x00,0x00,0x00,0x00,0x00}},
    {0x00B7, {0x00,0x00,0x00,0x00,0x00,0x00,0x00,0x00,0x00,0x00,0x00,0x00,0x01,0x80,0x03,0xC0,0x03,0xC0,0x01,0x80,0x00,0x00,0x00,0x00,0x00,0x00,0x00,0x00,0x00,0x00,0x00,0x00}},
    {0x00C9, {0x00,0x00,0x00,0xC0,0x01,0x80,0x00,0x00,0x07,0xE0,0x0C,0x00,0x0C,0x00,0x0C,0x00,0x0E,0x00,0x07,0xC0,0x0C,0x00,0x0C,0x00,0x0C,0x00,0x0C,0x00,0x07,0xE0,0x00,0x00}},
    {0x00E0, {0x02,0x00,0x03,0x00,0x01,0x80,0x00,0x80,0x00,0x00,0x00,0x00,0x07,0xE0,0x04,0x60,0x00,0x30,0x01,0xF0,0x07,0xB0,0x0C,0x30,0x0C,0x30,0x0E,0xF0,0x07,0xB0,0x00,0x00}},
    {0x00E1, {0x00,0x00,0x00,0x60,0x00,0xC0,0x01,0x80,0x00,0x00,0x00,0x00,0x07,0xE0,0x04,0x60,0x00,0x30,0x01,0xF0,0x07,0xB0,0x0C,0x30,0x0C,0x30,0x0E,0xF0,0x07,0xB0,0x00,0x00}},
    {0x00E2, {0x01,0xC0,0x03,0xE0,0x06,0x20,0x00,0x00,0x00,0x00,0x03,0xC0,0x07,0xE0,0x00,0x30,0x00,0x30,0x01,0xF0,0x06,0x30,0x0C,0x30,0x0C,0x30,0x0F,0xF0,0x07,0xB0,0x00,0x00}},
    {0x00E4, {0x00,0x00,0x02,0x60,0x02,0x60,0x00,0x00,0x00,0x00,0x03,0xC0,0x07,0xE0,0x00,0x30,0x00,0x30,0x01,0xF0,0x06,0x30,0x0C,0x30,0x0C,0x30,0x0F,0xF0,0x07,0xB0,0x00,0x00}},
    {0x00E8, {0x00,0x00,0x06,0x00,0x03,0x00,0x01,0x80,0x00,0x00,0x00,0x00,0x07,0xC0,0x0E,0x60,0x0C,0x20,0x0F,0xE0,0x0F,0xE0,0x0C,0x00,0x0C,0x00,0x07,0x60,0x03,0xC0,0x00,0x00}},
    {0x00E9, {0x00,0x00,0x00,0xC0,0x01,0x80,0x01,0x00,0x00,0x00,0x00,0x00,0x07,0xC0,0x0E,0x60,0x0C,0x20,0x0F,0xE0,0x0F,0xE0,0x0C,0x00,0x0C,0x00,0x07,0x60,0x03,0xC0,0x00,0x00}},
    {0x00EA, {0x01,0xC0,0x03,0xC0,0x06,0x20,0x00,0x00,0x00,0x00,0x03,0xC0,0x07,0xE0,0x0C,0x30,0x0C,0x10,0x0F,0xF0,0x0C,0x00,0x0C,0x00,0x0E,0x00,0x07,0xF0,0x03,0xE0,0x00,0x00}},
    {0x00EC, {0x02,0x00,0x03,0x00,0x01,0x80,0x00,0x80,0x00,0x00,0x00,0x00,0x01,0x80,0x00,0x80,0x00,0x80,0x00,0x80,0x00,0x80,0x00,0x80,0x00,0x80,0x00,0x80,0x00,0x80,0x00,0x00}},
    {0x00F3, {0x00,0x00,0x00,0xC0,0x01,0x80,0x01,0x80,0x00,0x00,0x00,0x00,0x07,0xC0,0x06,0x60,0x0C,0x30,0x0C,0x30,0x0C,0x30,0x0C,0x30,0x0C,0x30,0x07,0xE0,0x03,0xC0,0x00,0x00}},
    {0x00F4, {0x01,0xC0,0x03,0xE0,0x02,0x20,0x00,0x00,0x00,0x00,0x03,0xE0,0x07,0xF0,0x0E,0x30,0x0C,0x18,0x0C,0x18,0x0C,0x18,0x0C,0x18,0x0C,0x30,0x07,0xF0,0x03,0xE0,0x00,0x00}},
    {0x00F6, {0x00,0x00,0x02,0x20,0x02,0x20,0x00,0x00,0x00,0x00,0x03,0xE0,0x07,0xF0,0x0E,0x30,0x0C,0x18,0x0C,0x18,0x0C,0x18,0x0C,0x18,0x0C,0x30,0x07,0xF0,0x03,0xE0,0x00,0x00}},
    {0x00FC, {0x00,0x00,0x04,0x40,0x04,0x40,0x00,0x00,0x00,0x00,0x18,0x20,0x18,0x20,0x18,0x20,0x18,0x20,0x18,0x20,0x18,0x20,0x18,0x20,0x0C,0x60,0x0F,0xE0,0x07,0x20,0x00,0x00}},
    {0x012B, {0x00,0x00,0x07,0xC0,0x00,0x00,0x00,0x00,0x00,0x00,0x01,0x00,0x01,0x00,0x01,0x00,0x01,0x00,0x01,0x00,0x01,0x00,0x01,0x00,0x01,0x00,0x01,0x00,0x01,0x00,0x00,0x00}},
    {0x014D, {0x00,0x00,0x03,0xE0,0x00,0x00,0x00,0x00,0x00,0x00,0x03,0xE0,0x07,0xF0,0x0E,0x30,0x0C,0x18,0x0C,0x18,0x0C,0x18,0x0C,0x18,0x0C,0x30,0x07,0xF0,0x03,0xE0,0x00,0x00}},
    {0x0160, {0x00,0x00,0x00,0x00,0x00,0x00,0x3C,0x00,0x66,0x46,0x40,0x6C,0x60,0x38,0x38,0x18,0x0C,0x00,0x06,0x00,0x02,0x00,0x66,0x00,0x3C,0x00,0x00,0x00,0x00,0x00,0x00,0x00}},
    {0x016B, {0x00,0x00,0x07,0xC0,0x00,0x00,0x00,0x00,0x00,0x00,0x18,0x20,0x18,0x20,0x18,0x20,0x18,0x20,0x18,0x20,0x18,0x20,0x18,0x20,0x0C,0x60,0x0F,0xE0,0x07,0x20,0x00,0x00}},
    {0x01D4, {0x00,0x00,0x06,0x60,0x03,0xC0,0x01,0x80,0x00,0x00,0x00,0x00,0x0C,0x30,0x0C,0x20,0x0C,0x30,0x0C,0x30,0x0C,0x30,0x0C,0x30,0x0C,0x60,0x07,0xE0,0x07,0xB0,0x00,0x00}},
    {0x0414, {0x07,0xE0,0x06,0x60,0x06,0x20,0x04,0x20,0x04,0x20,0x0C,0x20,0x0C,0x20,0x0C,0x20,0x08,0x20,0x08,0x20,0x1F,0xF0,0x3F,0xF8,0x30,0x18,0x30,0x10,0x30,0x10,0x00,0x00}},
    {0x0430, {0x00,0x00,0x00,0x00,0x00,0x00,0x03,0xC0,0x07,0xE0,0x00,0x30,0x00,0x30,0x01,0xF0,0x06,0x30,0x0C,0x30,0x0C,0x30,0x0F,0xF0,0x07,0xB0,0x00,0x00,0x00,0x00,0x00,0x00}},
    {0x0434, {0x00,0x00,0x07,0xE0,0x0C,0x60,0x0C,0x60,0x0C,0x60,0x0C,0x60,0x0C,0x60,0x0C,0x60,0x08,0x60,0x18,0x60,0x3F,0xF0,0x30,0x10,0x30,0x10,0x30,0x10,0x10,0x10,0x00,0x00}},
    {0x0435, {0x00,0x00,0x00,0x00,0x00,0x00,0x03,0xC0,0x07,0xE0,0x0C,0x30,0x0C,0x10,0x0F,0xF0,0x0C,0x00,0x0C,0x00,0x0E,0x00,0x07,0xF0,0x03,0xE0,0x00,0x00,0x00,0x00,0x00,0x00}},
    {0x0436, {0x00,0x00,0x00,0x00,0x00,0x00,0x31,0x8C,0x39,0x9C,0x19,0x90,0x09,0xB0,0x0F,0xF0,0x0D,0xB0,0x19,0x98,0x11,0x98,0x31,0x8C,0x61,0x8C,0x00,0x00,0x00,0x00,0x00,0x00}},
    {0x0438, {0x00,0x00,0x00,0x00,0x00,0x00,0x08,0x30,0x08,0x70,0x08,0xF0,0x08,0xB0,0x09,0xB0,0x0B,0x30,0x0B,0x30,0x0E,0x30,0x0C,0x30,0x0C,0x30,0x00,0x00,0x00,0x00,0x00,0x00}},
    {0x0439, {0x00,0x00,0x06,0x60,0x03,0x60,0x01,0xC0,0x00,0x00,0x00,0x00,0x0C,0x30,0x0C,0x70,0x0C,0xF0,0x0C,0xB0,0x0D,0xB0,0x0D,0x30,0x0F,0x30,0x0E,0x30,0x0C,0x30,0x00,0x00}},
    {0x043A, {0x00,0x00,0x00,0x00,0x00,0x00,0x08,0x60,0x08,0xE0,0x08,0xC0,0x09,0x80,0x0F,0x80,0x0D,0x80,0x08,0xC0,0x08,0xC0,0x08,0x60,0x08,0x30,0x00,0x00,0x00,0x00,0x00,0x00}},
    {0x043B, {0x00,0x00,0x00,0x00,0x00,0x00,0x03,0xF0,0x03,0x30,0x02,0x30,0x06,0x30,0x06,0x30,0x06,0x30,0x06,0x30,0x06,0x30,0x0C,0x30,0x1C,0x30,0x00,0x00,0x00,0x00,0x00,0x00}},
    {0x043D, {0x00,0x00,0x00,0x00,0x00,0x00,0x08,0x30,0x08,0x30,0x08,0x30,0x08,0x30,0x0F,0xF0,0x0F,0xF0,0x08,0x30,0x08,0x30,0x08,0x30,0x08,0x30,0x00,0x00,0x00,0x00,0x00,0x00}},
    {0x043E, {0x00,0x00,0x00,0x00,0x00,0x00,0x03,0xE0,0x07,0xF0,0x0E,0x30,0x0C,0x18,0x0C,0x18,0x0C,0x18,0x0C,0x18,0x0C,0x30,0x07,0xF0,0x03,0xE0,0x00,0x00,0x00,0x00,0x00,0x00}},
    {0x0440, {0x00,0x00,0x0B,0xC0,0x0F,0xE0,0x0C,0x30,0x08,0x30,0x08,0x30,0x08,0x30,0x08,0x30,0x0C,0x30,0x0F,0xE0,0x0B,0xC0,0x08,0x00,0x08,0x00,0x08,0x00,0x08,0x00,0x00,0x00}},
    {0x0441, {0x00,0x00,0x00,0x00,0x00,0x00,0x03,0xE0,0x07,0xE0,0x0E,0x00,0x0C,0x00,0x0C,0x00,0x0C,0x00,0x0C,0x00,0x0E,0x00,0x07,0xF0,0x03,0xE0,0x00,0x00,0x00,0x00,0x00,0x00}},
    {0x0446, {0x00,0x00,0x08,0x20,0x08,0x20,0x08,0x20,0x08,0x20,0x08,0x20,0x08,0x20,0x08,0x20,0x08,0x20,0x0C,0x70,0x0F,0xF8,0x00,0x18,0x00,0x18,0x00,0x18,0x00,0x10,0x00,0x00}},
    {0x044C, {0x00,0x00,0x00,0x00,0x00,0x00,0x08,0x00,0x08,0x00,0x08,0x00,0x0C,0x00,0x0F,0xC0,0x08,0x60,0x08,0x60,0x08,0x60,0x0C,0xE0,0x0F,0xC0,0x00,0x00,0x00,0x00,0x00,0x00}},
    {0x044E, {0x00,0x00,0x00,0x00,0x00,0x00,0x20,0xF0,0x23,0xF8,0x23,0x18,0x26,0x0C,0x3E,0x0C,0x3E,0x0C,0x26,0x0C,0x23,0x18,0x23,0xF8,0x20,0xF0,0x00,0x00,0x00,0x00,0x00,0x00}},
    {0x044F, {0x00,0x00,0x00,0x00,0x00,0x00,0x03,0xF0,0x07,0x30,0x0C,0x30,0x0C,0x30,0x06,0x30,0x03,0xF0,0x03,0x30,0x06,0x30,0x06,0x30,0x0C,0x30,0x00,0x00,0x00,0x00,0x00,0x00}},
    {0x0627, {0x3F,0xF8,0x20,0x08,0x30,0x18,0x28,0x28,0x24,0x48,0x26,0xC8,0x23,0x88,0x21,0x08,0x23,0x88,0x26,0xC8,0x24,0x48,0x28,0x28,0x30,0x18,0x20,0x08,0x3F,0xF8,0x00,0x00}},
    {0x062A, {0x3F,0xF8,0x20,0x08,0x30,0x18,0x28,0x28,0x24,0x48,0x26,0xC8,0x23,0x88,0x21,0x08,0x23,0x88,0x26,0xC8,0x24,0x48,0x28,0x28,0x30,0x18,0x20,0x08,0x3F,0xF8,0x00,0x00}},
    {0x062F, {0x3F,0xF8,0x20,0x08,0x30,0x18,0x28,0x28,0x24,0x48,0x26,0xC8,0x23,0x88,0x21,0x08,0x23,0x88,0x26,0xC8,0x24,0x48,0x28,0x28,0x30,0x18,0x20,0x08,0x3F,0xF8,0x00,0x00}},
    {0x0642, {0x3F,0xF8,0x20,0x08,0x30,0x18,0x28,0x28,0x24,0x48,0x26,0xC8,0x23,0x88,0x21,0x08,0x23,0x88,0x26,0xC8,0x24,0x48,0x28,0x28,0x30,0x18,0x20,0x08,0x3F,0xF8,0x00,0x00}},
    {0x0644, {0x3F,0xF8,0x20,0x08,0x30,0x18,0x28,0x28,0x24,0x48,0x26,0xC8,0x23,0x88,0x21,0x08,0x23,0x88,0x26,0xC8,0x24,0x48,0x28,0x28,0x30,0x18,0x20,0x08,0x3F,0xF8,0x00,0x00}},
    {0x0645, {0x3F,0xF8,0x20,0x08,0x30,0x18,0x28,0x28,0x24,0x48,0x26,0xC8,0x23,0x88,0x21,0x08,0x23,0x88,0x26,0xC8,0x24,0x48,0x28,0x28,0x30,0x18,0x20,0x08,0x3F,0xF8,0x00,0x00}},
    {0x0646, {0x3F,0xF8,0x20,0x08,0x30,0x18,0x28,0x28,0x24,0x48,0x26,0xC8,0x23,0x88,0x21,0x08,0x23,0x88,0x26,0xC8,0x24,0x48,0x28,0x28,0x30,0x18,0x20,0x08,0x3F,0xF8,0x00,0x00}},
    {0x06AF, {0x3F,0xF8,0x20,0x08,0x30,0x18,0x28,0x28,0x24,0x48,0x26,0xC8,0x23,0x88,0x21,0x08,0x23,0x88,0x26,0xC8,0x24,0x48,0x28,0x28,0x30,0x18,0x20,0x08,0x3F,0xF8,0x00,0x00}},
    {0x06CC, {0x3F,0xF8,0x20,0x08,0x30,0x18,0x28,0x28,0x24,0x48,0x26,0xC8,0x23,0x88,0x21,0x08,0x23,0x88,0x26,0xC8,0x24,0x48,0x28,0x28,0x30,0x18,0x20,0x08,0x3F,0xF8,0x00,0x00}},
    {0x200C, {0x00,0x00,0x00,0x00,0x00,0x00,0x00,0x00,0x00,0x00,0x00,0x00,0x00,0x00,0x00,0x00,0x00,0x00,0x00,0x00,0x00,0x00,0x00,0x00,0x00,0x00,0x00,0x00,0x00,0x00,0x00,0x00}},
    {0x200E, {0x00,0x00,0x00,0x00,0x00,0x00,0x00,0x00,0x00,0x00,0x00,0x00,0x00,0x00,0x00,0x00,0x00,0x00,0x00,0x00,0x00,0x00,0x00,0x00,0x00,0x00,0x00,0x00,0x00,0x00,0x00,0x00}},
    {0x2014, {0x00,0x00,0x00,0x00,0x00,0x00,0x00,0x00,0x00,0x00,0x00,0x00,0x00,0x00,0x7F,0xFC,0x00,0x00,0x00,0x00,0x00,0x00,0x00,0x00,0x00,0x00,0x00,0x00,0x00,0x00,0x00,0x00}},
    {0x2019, {0x00,0x00,0x00,0x00,0x00,0x00,0x00,0x00,0x00,0x00,0x01,0x80,0x01,0xC0,0x00,0x80,0x00,0x80,0x01,0x00,0x00,0x00,0x00,0x00,0x00,0x00,0x00,0x00,0x00,0x00,0x00,0x00}},
    {0x201C, {0x00,0x00,0x00,0x00,0x00,0x00,0x00,0x00,0x00,0x00,0x02,0x40,0x04,0xC0,0x0C,0x80,0x0E,0xC0,0x0E,0xC0,0x00,0x00,0x00,0x00,0x00,0x00,0x00,0x00,0x00,0x00,0x00,0x00}},
    {0x201D, {0x00,0x00,0x00,0x00,0x00,0x00,0x00,0x00,0x00,0x00,0x06,0xC0,0x06,0xE0,0x02,0x60,0x02,0x40,0x04,0xC0,0x00,0x00,0x00,0x00,0x00,0x00,0x00,0x00,0x00,0x00,0x00,0x00}},
    {0x2022, {0x00,0x00,0x00,0x00,0x00,0x00,0x00,0x00,0x00,0x00,0x00,0x00,0x01,0x80,0x03,0xC0,0x03,0xC0,0x01,0x80,0x00,0x00,0x00,0x00,0x00,0x00,0x00,0x00,0x00,0x00,0x00,0x00}},
    {0x2103, {0x00,0x00,0x00,0x00,0x70,0x78,0x48,0xEC,0x49,0x80,0x73,0x00,0x03,0x00,0x03,0x00,0x03,0x00,0x03,0x00,0x01,0x00,0x01,0x84,0x00,0xFC,0x00,0x30,0x00,0x00,0x00,0x00}},
    {0x2160, {0x00,0x00,0x01,0x80,0x01,0x80,0x01,0x80,0x01,0x80,0x01,0x80,0x01,0x80,0x01,0x80,0x01,0x80,0x01,0x80,0x01,0x80,0x01,0x80,0x01,0x80,0x01,0x80,0x01,0x80,0x00,0x00}},
    {0x2161, {0x00,0x00,0x0C,0x30,0x0C,0x30,0x0C,0x30,0x0C,0x30,0x0C,0x30,0x0C,0x30,0x0C,0x30,0x0C,0x30,0x0C,0x30,0x0C,0x30,0x0C,0x30,0x0C,0x30,0x0C,0x30,0x0C,0x30,0x00,0x00}},
    {0x2162, {0x00,0x00,0x31,0x8C,0x31,0x8C,0x31,0x8C,0x31,0x8C,0x31,0x8C,0x31,0x8C,0x31,0x8C,0x31,0x8C,0x31,0x8C,0x31,0x8C,0x31,0x8C,0x31,0x8C,0x31,0x8C,0x31,0x8C,0x00,0x00}},
    {0x3000, {0x00,0x00,0x00,0x00,0x00,0x00,0x00,0x00,0x00,0x00,0x00,0x00,0x00,0x00,0x00,0x00,0x00,0x00,0x00,0x00,0x00,0x00,0x00,0x00,0x00,0x00,0x00,0x00,0x00,0x00,0x00,0x00}},
    {0x3001, {0x00,0x00,0x00,0x00,0x00,0x00,0x00,0x00,0x00,0x00,0x06,0x00,0x07,0x00,0x03,0x80,0x01,0xC0,0x00,0xC0,0x00,0x00,0x00,0x00,0x00,0x00,0x00,0x00,0x00,0x00,0x00,0x00}},
    {0x3007, {0x03,0x80,0x0F,0xE0,0x18,0x30,0x30,0x18,0x60,0x0C,0x40,0x04,0x40,0x04,0x40,0x04,0x40,0x04,0x40,0x04,0x60,0x0C,0x30,0x18,0x18,0x30,0x0F,0xE0,0x03,0x80,0x00,0x00}},
    {0x300A, {0x00,0xA0,0x01,0xA0,0x01,0x40,0x03,0x40,0x02,0xC0,0x06,0x80,0x05,0x80,0x0D,0x00,0x05,0x80,0x06,0x80,0x02,0xC0,0x03,0x40,0x01,0x60,0x01,0xA0,0x00,0xA0,0x00,0x00}},
    {0x300B, {0x05,0x00,0x05,0x80,0x06,0x80,0x02,0xC0,0x03,0x40,0x01,0x60,0x01,0xA0,0x00,0xB0,0x01,0xA0,0x01,0x60,0x03,0x40,0x02,0xC0,0x06,0x80,0x05,0x80,0x05,0x00,0x00,0x00}},
    {0x306B, {0x00,0x00,0x30,0x00,0x21,0xFC,0x21,0xFC,0x60,0x00,0x60,0x00,0x60,0x00,0x60,0x00,0x60,0x00,0x72,0x00,0x73,0x00,0x72,0x00,0x63,0x9C,0x61,0xFC,0x20,0x00,0x00,0x00}},
    {0x306E, {0x00,0x00,0x00,0x00,0x0F,0xE0,0x1D,0xB8,0x31,0x18,0x63,0x0C,0x63,0x04,0x43,0x04,0xC3,0x04,0xC6,0x04,0x46,0x0C,0x6C,0x0C,0x7C,0x18,0x38,0xF0,0x00,0xC0,0x00,0x00}},
    {0x3084, {0x00,0x00,0x03,0x00,0x11,0x80,0x10,0xF0,0x1B,0xF8,0x1E,0x0C,0x3C,0x0C,0x64,0x08,0x06,0xF8,0x06,0x60,0x02,0x00,0x03,0x00,0x03,0x00,0x01,0x00,0x00,0x00,0x00,0x00}},
    {0x30C4, {0x00,0x00,0x02,0x00,0x43,0x0C,0x63,0x0C,0x63,0x0C,0x31,0x18,0x30,0x18,0x00,0x10,0x00,0x30,0x00,0x60,0x00,0xC0,0x03,0x80,0x0F,0x00,0x0C,0x00,0x00,0x00,0x00,0x00}},
    {0x30FB, {0x00,0x00,0x00,0x00,0x00,0x00,0x00,0x00,0x00,0x00,0x00,0x00,0x01,0x80,0x03,0xC0,0x03,0xC0,0x01,0x80,0x00,0x00,0x00,0x00,0x00,0x00,0x00,0x00,0x00,0x00,0x00,0x00}},
    {0x3109, {0x00,0x00,0x04,0x00,0x0C,0x00,0x0C,0x00,0x0F,0xFC,0x01,0x8C,0x01,0x88,0x01,0x88,0x01,0x08,0x03,0x08,0x02,0x08,0x06,0x18,0x0C,0x18,0x18,0xF0,0x00,0x00,0x00,0x00}},
    {0x4A4A, {0x00,0x20,0x7E,0xF8,0x7F,0xFC,0x11,0x04,0x7C,0x80,0x6E,0xFC,0x7D,0xF4,0x7B,0x74,0x6F,0xD4,0x7E,0xD4,0x7E,0xDC,0x4A,0x90,0x7C,0x90,0x7F,0x16,0x00,0x1C,0x00,0x00}},
    {0x4E00, {0x00,0x00,0x00,0x00,0x00,0x00,0x00,0x00,0x00,0x00,0x00,0x00,0x00,0x00,0x7F,0xFE,0x7F,0xFC,0x00,0x00,0x00,0x00,0x00,0x00,0x00,0x00,0x00,0x00,0x00,0x00,0x00,0x00}},
    {0x4E01, {0xFF,0xFE,0x01,0x80,0x01,0x80,0x01,0x80,0x01,0x80,0x01,0x80,0x01,0x80,0x01,0x80,0x01,0x80,0x01,0x80,0x01,0x80,0x01,0x80,0x01,0x80,0x1F,0x80,0x0E,0x00,0x00,0x00}},
    {0x4E03, {0x00,0x00,0x04,0x00,0x04,0x00,0x04,0x00,0x04,0x00,0x04,0x1C,0x07,0xFC,0x7F,0x80,0x64,0x00,0x04,0x00,0x04,0x00,0x04,0x04,0x04,0x0C,0x06,0x0C,0x03,0xF8,0x00,0x00}},
    {0x4E07, {0x7F,0xFE,0x7F,0xFE,0x06,0x00,0x06,0x00,0x04,0x00,0x07,0xF8,0x07,0xFC,0x0C,0x08,0x0C,0x08,0x0C,0x08,0x18,0x08,0x18,0x08,0x30,0x18,0x60,0xF8,0x00,0x60,0x00,0x00}},
    {0x4E08, {0x00,0x40,0x00,0xC0,0x00,0xC0,0x7F,0xFC,0x7F,0xFC,0x10,0xC0,0x18,0xC0,0x08,0xC0,0x0C,0x80,0x05,0x80,0x07,0x00,0x03,0x00,0x0F,0xC0,0x78,0x7C,0x20,0x1C,0x00,0x00}},
    {0x4E09, {0x00,0x00,0x7F,0xFC,0x00,0x00,0x00,0x00,0x00,0x00,0x00,0x00,0x00,0x00,0x3F,0xF8,0x3F,0xF0,0x00,0x00,0x00,0x00,0x00,0x00,0x00,0x00,0xFF,0xFE,0xFF,0xFC,0x00,0x00}},
    {0x4E0A, {0x00,0x00,0x00,0x00,0x03,0x00,0x03,0x00,0x03,0x00,0x03,0x00,0x03,0xF8,0x03,0xF8,0x03,0x00,0x03,0x00,0x03,0x00,0x03,0x00,0x03,0x00,0x03,0x00,0x7F,0xFC,0x00,0x00}},
    {0x4E0B, {0x00,0x00,0x7F,0xFC,0x7F,0xFC,0x01,0x00,0x03,0x00,0x01,0x80,0x03,0xE0,0x03,0x70,0x03,0x18,0x03,0x00,0x03,0x00,0x03,0x00,0x03,0x00,0x03,0x00,0x01,0x00,0x00,0x00}},
    {0x4E0D, {0x00,0x00,0x7F,0xFC,0x7F,0xFC,0x01,0x80,0x03,0x00,0x03,0xC0,0x07,0xE0,0x19,0x30,0x39,0x1C,0x61,0x0C,0x01,0x00,0x01,0x00,0x01,0x00,0x01,0x00,0x01,0x00,0x00,0x00}},
    {0x4E0E, {0x00,0x00,0x08,0x00,0x1F,0xF8,0x1F,0xF8,0x18,0x00,0x10,0x00,0x1F,0xF8,0x1F,0xF8,0x00,0x08,0x00,0x08,0x7F,0xD8,0x00,0x18,0x00,0x18,0x01,0xF0,0x00,0xE0,0x00,0x00}},
    {0x4E13, {0x02,0x00,0x02,0x00,0x3F,0xF8,0x06,0x80,0x06,0x00,0x7F,0xFC,0x0C,0x00,0x0C,0x00,0x0F,0xF0,0x00,0x30,0x00,0x60,0x0C,0xC0,0x07,0x80,0x00,0xE0,0x00,0x20,0x00,0x00}},
    {0x4E14, {0x00,0x00,0x0F,0xE0,0x1F,0xF0,0x10,0x10,0x10,0x10,0x1F,0xF0,0x18,0x10,0x10,0x10,0x18,0x10,0x1F,0xF0,0x10,0x10,0x10,0x10,0x18,0x10,0x7F,0xFC,0x00,0x00,0x00,0x00}},
    {0x4E15, {0x00,0x00,0x7F,0xF8,0x7F,0xFC,0x01,0x80,0x03,0x00,0x07,0x40,0x0F,0x60,0x19,0x38,0x71,0x0C,0x41,0x04,0x01,0x00,0x01,0x00,0x01,0x00,0x7F,0xFC,0x00,0x00,0x00,0x00}},
    {0x4E16, {0x00,0x00,0x01,0x10,0x11,0x10,0x11,0x10,0x11,0x10,0x7F,0xFC,0x3B,0xB8,0x11,0x10,0x11,0x10,0x11,0x10,0x11,0xF0,0x10,0x00,0x10,0x00,0x1F,0xFC,0x1F,0xFC,0x00,0x00}},
    {0x4E18, {0x00,0x00,0x00,0x30,0x1F,0xF0,0x1C,0x00,0x10,0x00,0x18,0x00,0x1F,0xFC,0x18,0x20,0x10,0x20,0x10,0x20,0x10,0x20,0x10,0x20,0x18,0x20,0x7F,0xFC,0x00,0x00,0x00,0x00}},
    {0x4E19, {0x3F,0xFC,0x7F,0xFE,0x01,0x80,0x01,0x80,0x3F,0xFC,0x31,0x84,0x21,0x84,0x23,0xC4,0x23,0x64,0x26,0x34,0x2C,0x14,0x28,0x04,0x20,0x04,0x20,0x3C,0x20,0x18,0x00,0x00}},
    {0x4E1A, {0x00,0x00,0x06,0x60,0x06,0x60,0x06,0x60,0x26,0x64,0x26,0x66,0x36,0x6C,0x36,0x6C,0x16,0x68,0x1E,0x78,0x06,0x60,0x06,0x60,0x06,0x60,0x06,0x60,0x7F,0xFE,0x00,0x00}},
    {0x4E1B, {0x00,0x00,0x08,0x20,0x08,0x60,0x08,0x60,0x08,0x60,0x08,0x60,0x1C,0x60,0x1E,0x70,0x16,0xD0,0x13,0x90,0x31,0x98,0x61,0x8C,0x63,0x04,0x00,0x00,0x7F,0xFC,0x00,0x00}},
    {0x4E1C, {0x02,0x00,0x02,0x00,0x7F,0xFC,0x3E,0x78,0x0C,0x00,0x09,0x80,0x19,0x80,0x3F,0xF8,0x07,0xC0,0x01,0x80,0x19,0xB0,0x11,0x98,0x31,0x8C,0x63,0x84,0x03,0x00,0x00,0x00}},
    {0x4E1D, {0x00,0x00,0x08,0x00,0x08,0x30,0x18,0x60,0x12,0x64,0x32,0xCC,0x36,0xD8,0x7D,0xF0,0x08,0x20,0x10,0x60,0x30,0xC0,0x7F,0xFC,0x00,0x00,0x7F,0xFC,0x7F,0xFC,0x00,0x00}},
    {0x4E1E, {0x00,0x00,0x1F,0xF8,0x00,0x70,0x00,0xE0,0x7D,0xC4,0x3D,0xEC,0x05,0xF8,0x0D,0xB0,0x09,0xB0,0x19,0x98,0x31,0x8C,0x61,0x86,0x47,0x00,0x06,0x00,0x7F,0xFE,0x00,0x00}},
    {0x4E24, {0x7B,0xFE,0x7F,0xFE,0x06,0x60,0x06,0x60,0x3F,0xFC,0x26,0x64,0x24,0x64,0x26,0x64,0x26,0x74,0x2F,0xD4,0x28,0xDC,0x39,0x84,0x20,0x04,0x20,0x04,0x20,0x3C,0x00,0x00}},
    {0x4E25, {0x3F,0xFC,0x06,0x40,0x36,0x4C,0x12,0x48,0x1A,0x58,0x06,0x70,0x3F,0xFE,0x20,0x00,0x20,0x00,0x20,0x00,0x60,0x00,0x60,0x00,0x60,0x00,0x40,0x00,0x40,0x00,0x00,0x00}},
    {0x4E2A, {0x00,0x00,0x00,0x00,0x01,0x80,0x03,0x80,0x06,0xC0,0x1C,0x70,0x31,0x1C,0x61,0x0C,0x01,0x00,0x01,0x00,0x01,0x00,0x01,0x00,0x01,0x00,0x01,0x00,0x01,0x00,0x00,0x00}},
    {0x4E2B, {0x10,0x08,0x18,0x18,0x0E,0x30,0x06,0x60,0x00,0xC0,0x01,0x80,0x01,0x80,0x01,0x80,0x01,0x80,0x01,0x80,0x01,0x80,0x01,0x80,0x01,0x80,0x01,0x80,0x00,0x00,0x00,0x00}},
    {0x4E2D, {0x01,0x00,0x01,0x00,0x01,0x00,0x3F,0xF8,0x61,0x0C,0x61,0x0C,0x61,0x0C,0x61,0x0C,0x7F,0xFC,0x7F,0xFC,0x01,0x00,0x01,0x00,0x01,0x00,0x01,0x00,0x01,0x00,0x00,0x00}},
    {0x4E30, {0x01,0x00,0x01,0x00,0x3F,0xF8,0x7F,0xFC,0x01,0x00,0x01,0x00,0x3F,0xF8,0x01,0x00,0x01,0x00,0x03,0x80,0x7F,0xFC,0x01,0x00,0x01,0x00,0x01,0x00,0x01,0x00,0x00,0x00}},
    {0x4E32, {0x00,0x00,0x01,0x00,0x3F,0xF8,0x37,0xD8,0x31,0x18,0x3F,0xF8,0x01,0x00,0x3F,0xF8,0x3F,0xFC,0x21,0x0C,0x23,0x0C,0x3F,0xFC,0x21,0x08,0x01,0x00,0x01,0x00,0x00,0x00}},
    {0x4E34, {0x08,0x80,0x09,0x80,0x49,0xFC,0x69,0xD0,0x6B,0x40,0x6E,0x30,0x68,0x10,0x69,0xFC,0x6B,0xFC,0x6B,0x64,0x6B,0x64,0x6B,0x64,0x6B,0x6C,0x0B,0xFC,0x0B,0x0C,0x00,0x00}},
    {0x4E38, {0x02,0x00,0x06,0x00,0x06,0x00,0x06,0x00,0x7F,0xE0,0x06,0x30,0x06,0x30,0x36,0x30,0x1C,0x30,0x0E,0x30,0x0F,0x30,0x19,0x36,0x30,0x26,0x60,0x3E,0x40,0x1C,0x00,0x00}},
    {0x4E39, {0x00,0x00,0x1F,0xF0,0x10,0x10,0x12,0x10,0x13,0x10,0x11,0x90,0x10,0x10,0x7F,0xFC,0x7F,0xFC,0x10,0x10,0x30,0x10,0x30,0x10,0x20,0x10,0x60,0x10,0x40,0xF0,0x00,0x00}},
    {0x4E3A, {0x02,0x00,0x13,0x00,0x1B,0x00,0x02,0x00,0x7F,0xF8,0x07,0x08,0x02,0x08,0x06,0x88,0x06,0xC8,0x04,0x48,0x0C,0x48,0x18,0x08,0x30,0x18,0x60,0x78,0x00,0x60,0x00,0x00}},
    {0x4E3B, {0x04,0x00,0x07,0x00,0x01,0x80,0x7F,0xF8,0x7F,0xF8,0x03,0x00,0x03,0x00,0x03,0x00,0x3F,0xF0,0x3F,0xF8,0x03,0x00,0x03,0x00,0x03,0x00,0x03,0x00,0xFF,0xFC,0x00,0x00}},
    {0x4E3C, {0x08,0x20,0x08,0x20,0x08,0x20,0x7F,0xFC,0x3F,0xF8,0x0A,0x20,0x0B,0x20,0x09,0xA0,0x08,0x20,0x7F,0xFC,0x18,0x20,0x18,0x20,0x30,0x20,0x60,0x20,0x40,0x20,0x00,0x00}},
    {0x4E3D, {0x00,0x00,0x7F,0xFC,0x7F,0xFC,0x00,0x00,0x3E,0xFC,0x66,0x8C,0x62,0x8C,0x72,0xEC,0x7A,0xAC,0x6E,0x9C,0x66,0x8C,0x66,0x8C,0x62,0x8C,0x6E,0x9C,0x04,0x90,0x00,0x00}},
    {0x4E3E, {0x02,0x00,0x33,0x10,0x19,0x20,0x7F,0xFC,0x7F,0xFC,0x19,0x30,0x31,0x18,0x7F,0xFC,0x4F,0xE4,0x01,0x00,0x3F,0xF8,0x7F,0xFC,0x01,0x00,0x01,0x00,0x01,0x00,0x00,0x00}},
    {0x4E43, {0x3F,0xE0,0x3F,0xF0,0x08,0x20,0x08,0x20,0x08,0x60,0x08,0x60,0x08,0x7C,0x18,0x0C,0x18,0x04,0x10,0x04,0x30,0x0C,0x30,0x0C,0x60,0x0C,0x60,0x78,0x40,0x70,0x00,0x00}},
    {0x4E45, {0x04,0x00,0x0C,0x00,0x0C,0x00,0x0F,0xC0,0x18,0xC0,0x30,0xC0,0x30,0x80,0x61,0x80,0x41,0xC0,0x03,0xC0,0x06,0x60,0x0C,0x30,0x18,0x18,0x70,0x0C,0x40,0x04,0x00,0x00}},
    {0x4E49, {0x00,0x00,0x00,0x00,0x03,0x00,0x31,0x18,0x31,0x90,0x18,0x30,0x08,0x30,0x0C,0x60,0x06,0x40,0x03,0xC0,0x03,0x80,0x07,0xC0,0x0C,0x60,0x78,0x3C,0x60,0x0C,0x00,0x00}},
    {0x4E4B, {0x03,0x00,0x01,0x00,0x01,0x80,0x3F,0xF8,0x3F,0xF8,0x00,0x30,0x00,0x60,0x00,0xC0,0x01,0x80,0x03,0x00,0x06,0x00,0x1C,0x00,0x7C,0x00,0x47,0xFC,0x00,0x00,0x00,0x00}},
    {0x4E4C, {0x02,0x00,0x07,0xC0,0x1F,0xF0,0x10,0x10,0x10,0x10,0x10,0x30,0x10,0x60,0x1F,0xF8,0x1F,0xFC,0x00,0x0C,0x7F,0xEC,0x7F,0xEC,0x00,0x08,0x00,0x78,0x00,0x30,0x00,0x00}},
    {0x4E4D, {0x06,0x00,0x06,0x00,0x0C,0x00,0x0F,0xFE,0x19,0x00,0x11,0x00,0x31,0xFC,0x01,0xFC,0x01,0x00,0x01,0x00,0x01,0xFC,0x01,0x00,0x01,0x00,0x01,0x00,0x01,0x00,0x00,0x00}},
    {0x4E4E, {0x00,0x10,0x3F,0xF8,0x3F,0x80,0x11,0x18,0x11,0x18,0x19,0x30,0x09,0x20,0x7F,0xFC,0x7F,0xFC,0x01,0x00,0x01,0x00,0x01,0x00,0x01,0x00,0x01,0x00,0x0F,0x00,0x00,0x00}},
    {0x4E50, {0x00,0x10,0x1F,0xF8,0x3E,0x00,0x31,0x00,0x31,0x80,0x21,0x00,0x33,0xA0,0x3F,0xFC,0x01,0x80,0x11,0x90,0x31,0x98,0x21,0x8C,0x61,0x84,0x07,0x00,0x06,0x00,0x00,0x00}},
    {0x4E52, {0x00,0x10,0x0F,0xF0,0x1F,0x00,0x18,0x00,0x18,0x00,0x1F,0xF8,0x18,0x60,0x18,0x60,0x18,0x60,0x7F,0xFC,0x04,0x00,0x0C,0x00,0x18,0x00,0x70,0x00,0x00,0x00,0x00,0x00}},
    {0x4E53, {0x00,0x10,0x0F,0xF0,0x1F,0x00,0x18,0x00,0x18,0x00,0x1F,0xF8,0x18,0x60,0x18,0x60,0x18,0x60,0x7F,0xFC,0x00,0x40,0x00,0x60,0x00,0x38,0x00,0x1C,0x00,0x00,0x00,0x00}},
    {0x4E54, {0x00,0x10,0x3F,0xF8,0x3F,0x00,0x02,0x00,0x7F,0xFC,0x0C,0xE0,0x18,0x20,0x38,0x38,0x6C,0x6C,0x0C,0x60,0x0C,0x60,0x08,0x60,0x18,0x60,0x30,0x60,0x20,0x40,0x00,0x00}},
    {0x4E58, {0x00,0x10,0x3F,0xF8,0x1B,0x00,0x7F,0xFC,0x7F,0xFC,0x09,0x20,0x39,0x28,0x39,0x38,0x09,0x24,0x7F,0xFC,0x07,0xC0,0x19,0x20,0x31,0x18,0x61,0x0C,0x01,0x00,0x00,0x00}},
    {0x4E59, {0x00,0x00,0x7F,0xF0,0x00,0x70,0x00,0xE0,0x01,0x80,0x03,0x00,0x06,0x00,0x0C,0x00,0x18,0x00,0x30,0x00,0x60,0x06,0x40,0x06,0xC0,0x06,0x70,0x0C,0x3F,0xFC,0x00,0x00}},
    {0x4E5D, {0x04,0x00,0x06,0x00,0x06,0x00,0x06,0x00,0x7F,0xE0,0x2E,0x60,0x04,0x20,0x04,0x20,0x0C,0x20,0x0C,0x20,0x08,0x20,0x18,0x26,0x30,0x26,0x60,0x3C,0x40,0x18,0x00,0x00}},
    {0x4E5F, {0x01,0x80,0x11,0x80,0x11,0x80,0x11,0xB8,0x13,0xF8,0x1F,0x88,0x79,0x88,0x51,0x88,0x11,0x98,0x11,0xF0,0x11,0x80,0x10,0x04,0x18,0x04,0x1F,0xFC,0x07,0xF0,0x00,0x00}},
    {0x4E60, {0x1F,0xF8,0x3F,0xFC,0x00,0x04,0x08,0x04,0x0E,0x04,0x07,0x04,0x01,0x84,0x00,0x04,0x00,0x64,0x03,0xCC,0x1F,0x0C,0x38,0x0C,0x00,0x0C,0x00,0x78,0x00,0x30,0x00,0x00}},
    {0x4E61, {0x01,0x80,0x03,0x00,0x06,0x10,0x0C,0x30,0x1F,0xE0,0x11,0xC0,0x03,0x0C,0x0E,0x0C,0x3F,0xF8,0x30,0x30,0x00,0x60,0x01,0xC0,0x0F,0x00,0x7C,0x00,0x20,0x00,0x00,0x00}},
    {0x4E66, {0x03,0x00,0x03,0x18,0x03,0x0C,0x3F,0xF4,0x03,0x10,0x03,0x10,0x03,0x10,0x7F,0xFC,0x3F,0xEC,0x03,0x04,0x03,0x04,0x03,0x0C,0x03,0x3C,0x03,0x30,0x03,0x00,0x00,0x00}},
    {0x4E70, {0x3F,0xFC,0x3F,0xFE,0x00,0x04,0x0C,0xCC,0x06,0xC8,0x20,0xC0,0x38,0x80,0x08,0x80,0x3F,0xFE,0x7F,0xFE,0x01,0x00,0x03,0x60,0x0E,0x38,0x7C,0x0E,0x60,0x04,0x00,0x00}},
    {0x4E71, {0x02,0x40,0x7F,0x40,0x78,0x40,0x08,0x40,0x0C,0x40,0x7F,0x40,0x08,0x40,0x08,0x40,0x7F,0x40,0x63,0x40,0x61,0x40,0x61,0x46,0x7F,0x44,0x7F,0x7C,0x00,0x38,0x00,0x00}},
    {0x4E73, {0x01,0x00,0x3F,0x60,0x79,0x60,0x29,0x60,0x2B,0x60,0x3E,0x60,0x3F,0x60,0x06,0x60,0x0C,0x60,0x0D,0x60,0x7F,0x60,0x08,0x66,0x08,0x64,0x08,0x7C,0x38,0x18,0x00,0x00}},
    {0x4E7E, {0x18,0x40,0x7E,0x40,0x7E,0xFC,0x18,0xFC,0x7F,0x80,0x63,0x00,0x7E,0xF8,0x7E,0x18,0x7E,0x30,0x18,0x60,0x18,0x40,0x7F,0xC4,0x18,0x86,0x18,0xFC,0x08,0x78,0x00,0x00}},
    {0x4E86, {0x3F,0xF8,0x3F,0xFC,0x00,0x18,0x00,0x30,0x00,0xE0,0x01,0xC0,0x01,0x80,0x01,0x80,0x01,0x80,0x01,0x80,0x01,0x80,0x01,0x80,0x01,0x80,0x01,0x80,0x0F,0x00,0x00,0x00}},
    {0x4E89, {0x04,0x00,0x0F,0xC0,0x1F,0xE0,0x30,0xC0,0x7F,0xF0,0x03,0x18,0x01,0x18,0x7F,0xFC,0x4F,0xFC,0x01,0x18,0x3F,0xF8,0x01,0x00,0x01,0x00,0x03,0x00,0x0F,0x00,0x00,0x00}},
    {0x4E8B, {0x01,0x00,0x7F,0xFC,0x7F,0xFC,0x1F,0xF0,0x33,0x98,0x3F,0xF8,0x01,0x00,0x3F,0xF0,0x03,0x98,0x7F,0xFC,0x01,0x18,0x1F,0xF8,0x3F,0xF8,0x01,0x00,0x07,0x00,0x00,0x00}},
    {0x4E8C, {0x00,0x00,0x00,0x00,0x7F,0xFC,0x3F,0xF8,0x00,0x00,0x00,0x00,0x00,0x00,0x00,0x00,0x00,0x00,0x00,0x00,0x00,0x00,0x00,0x00,0xFF,0xFE,0xFF,0xFE,0x00,0x00,0x00,0x00}},
    {0x4E8E, {0x00,0x00,0x3F,0xF8,0x3F,0xF8,0x01,0x00,0x01,0x00,0x01,0x00,0x01,0x80,0x7F,0xFC,0x01,0x00,0x01,0x00,0x01,0x00,0x01,0x00,0x01,0x00,0x0F,0x00,0x0E,0x00,0x00,0x00}},
    {0x4E91, {0x3F,0xF8,0x00,0x00,0x00,0x00,0x00,0x00,0x00,0x00,0xFF,0xFE,0x06,0x00,0x0C,0x00,0x0C,0x20,0x18,0x30,0x18,0x18,0x30,0x18,0x7F,0xFC,0x7E,0x06,0x00,0x04,0x00,0x00}},
    {0x4E92, {0x00,0x00,0x3F,0xFC,0x7F,0xFC,0x0C,0x00,0x0C,0x00,0x0F,0xF0,0x08,0x30,0x18,0x20,0x18,0x20,0x1F,0xE0,0x00,0x60,0x00,0x60,0x00,0x60,0x7F,0xFC,0x00,0x00,0x00,0x00}},
    {0x4E94, {0x00,0x00,0x7F,0xF8,0x06,0x00,0x06,0x00,0x06,0x00,0x06,0x00,0x3F,0xF0,0x04,0x30,0x0C,0x20,0x0C,0x20,0x0C,0x20,0x08,0x20,0xFF,0xFC,0xFF,0xFC,0x00,0x00,0x00,0x00}},
    {0x4E95, {0x0C,0x20,0x0C,0x60,0x0C,0x60,0x3F,0xFC,0x3F,0xF8,0x0C,0x60,0x0C,0x60,0x0C,0x60,0x7F,0xFC,0x7F,0xFC,0x08,0x60,0x18,0x60,0x10,0x60,0x30,0x60,0x20,0x60,0x00,0x00}},
    {0x4E9A, {0x00,0x00,0x7F,0xFC,0x7F,0xFC,0x04,0xC0,0x04,0xC0,0x64,0xCC,0x24,0xC8,0x34,0xD8,0x34,0xD0,0x14,0xF0,0x04,0xC0,0x04,0xC0,0x7F,0xFC,0x7F,0xFC,0x00,0x00,0x00,0x00}},
    {0x4E9B, {0x08,0x80,0x08,0xC0,0x28,0x98,0x6E,0xF8,0x68,0xC0,0x68,0x84,0x28,0xC4,0x7E,0xFC,0x70,0x00,0x00,0x00,0x3F,0xF8,0x00,0x00,0x00,0x00,0x7F,0xFC,0x7F,0xFC,0x00,0x00}},
    {0x4E9E, {0x00,0x00,0x3F,0xF8,0x7F,0xFC,0x04,0xC0,0x06,0xC0,0x3C,0xF8,0x20,0x08,0x20,0x08,0x20,0x08,0x3C,0xF8,0x06,0xC0,0x06,0xC0,0x06,0xC0,0x7F,0xFC,0x00,0x00,0x00,0x00}},
    {0x4EA4, {0x03,0x00,0x01,0x00,0x7F,0xFC,0x7F,0xFC,0x0C,0x20,0x18,0x30,0x30,0x18,0x6C,0x6C,0x04,0x40,0x06,0xC0,0x03,0x80,0x03,0x80,0x0E,0xE0,0x78,0x3C,0x60,0x0C,0x00,0x00}},
    {0x4EA6, {0x03,0x00,0x01,0x00,0x01,0x80,0x7F,0xFC,0x06,0x40,0x06,0x40,0x16,0x50,0x36,0x58,0x26,0x48,0x64,0x4C,0x4C,0x44,0x0C,0x40,0x18,0x40,0x31,0xC0,0x01,0x80,0x00,0x00}},
    {0x4EA7, {0x00,0x80,0x00,0x80,0x1F,0xFC,0x1F,0x3C,0x06,0x10,0x02,0x30,0x1F,0xFE,0x1F,0xFE,0x10,0x00,0x10,0x00,0x10,0x00,0x30,0x00,0x30,0x00,0x20,0x00,0x20,0x00,0x00,0x00}},
    {0x4EA8, {0x01,0x00,0x7F,0xF8,0x7F,0xFC,0x00,0x00,0x1F,0xF0,0x18,0x30,0x1F,0xF0,0x00,0x00,0x3F,0xF8,0x00,0x70,0x01,0xE0,0x01,0x00,0x01,0x00,0x01,0x00,0x0F,0x00,0x00,0x00}},
    {0x4EA9, {0x03,0x00,0x01,0x00,0x7F,0xFC,0x7F,0xFC,0x00,0x00,0x3F,0xF8,0x31,0x18,0x21,0x08,0x31,0x18,0x3F,0xF8,0x21,0x18,0x21,0x18,0x31,0x18,0x3F,0xF8,0x30,0x18,0x00,0x00}},
    {0x4EAB, {0x01,0x00,0x3F,0xF8,0x7F,0xFC,0x1F,0xF0,0x10,0x10,0x10,0x10,0x1F,0xF0,0x3F,0xF0,0x1F,0xF0,0x01,0xC0,0x7B,0x8C,0x7F,0xFC,0x01,0x00,0x01,0x00,0x0F,0x00,0x00,0x00}},
    {0x4EAC, {0x01,0x80,0x01,0x80,0x3F,0xFE,0x00,0x00,0x00,0x00,0x0F,0xF8,0x08,0x08,0x08,0x08,0x0F,0xF8,0x05,0xC0,0x00,0x80,0x08,0x98,0x18,0x8C,0x30,0x86,0x07,0x80,0x00,0x00}},
    {0x4EAD, {0x01,0x00,0x7F,0xFC,0x7F,0xFC,0x1F,0xF0,0x18,0x30,0x18,0x30,0x1F,0xF0,0x7F,0xFC,0x7F,0xFC,0x40,0x04,0x5F,0xFC,0x01,0x00,0x01,0x00,0x01,0x00,0x07,0x00,0x00,0x00}},
    {0x4EAE, {0x01,0x00,0x3F,0xF8,0x7F,0xFC,0x1F,0xF0,0x18,0x30,0x18,0x30,0x1F,0xF0,0x3F,0xF8,0x7F,0xFC,0x60,0x0C,0x0F,0xE0,0x0C,0x60,0x08,0x44,0x70,0x7C,0x20,0x10,0x00,0x00}},
    {0x4EB2, {0x01,0x00,0x01,0x00,0x3F,0xF8,0x1E,0xF8,0x08,0x60,0x0C,0x60,0x7F,0xFC,0x01,0x00,0x01,0x00,0x7F,0xFC,0x01,0x00,0x19,0x30,0x11,0x10,0x31,0x18,0x07,0x00,0x00,0x00}},
    {0x4EBA, {0x00,0x00,0x01,0x00,0x01,0x00,0x01,0x00,0x01,0x00,0x03,0x00,0x03,0x80,0x03,0x80,0x02,0x80,0x06,0xC0,0x0C,0x60,0x0C,0x20,0x18,0x30,0x70,0x1C,0x60,0x04,0x00,0x00}},
    {0x4EBF, {0x04,0x00,0x0C,0x30,0x09,0xFC,0x18,0x0C,0x18,0x18,0x38,0x30,0x78,0x60,0x08,0x40,0x18,0xC0,0x19,0x80,0x19,0x02,0x1B,0x02,0x1B,0x06,0x19,0xFC,0x08,0x00,0x00,0x00}},
    {0x4EC0, {0x08,0x40,0x08,0x40,0x18,0x40,0x10,0x40,0x30,0x40,0x70,0x60,0x77,0xFC,0x50,0x60,0x10,0x40,0x10,0x40,0x10,0x40,0x10,0x40,0x10,0x40,0x10,0x40,0x10,0x40,0x00,0x00}},
    {0x4EC1, {0x08,0x00,0x08,0x00,0x18,0x00,0x13,0xFC,0x30,0x00,0x70,0x00,0x70,0x00,0x50,0x00,0x10,0x00,0x10,0x00,0x10,0x00,0x10,0x00,0x17,0xFC,0x17,0xFC,0x10,0x00,0x00,0x00}},
    {0x4EC7, {0x09,0x00,0x19,0x80,0x11,0x80,0x31,0x80,0x37,0xF0,0x71,0x90,0x71,0x10,0x31,0x10,0x31,0x10,0x33,0x10,0x33,0x10,0x32,0x14,0x36,0x16,0x3C,0x1C,0x38,0x08,0x00,0x00}},
    {0x4ECA, {0x01,0x00,0x03,0x80,0x06,0xC0,0x0C,0x60,0x18,0x30,0x73,0x1C,0x41,0x84,0x00,0x80,0x3F,0xF8,0x00,0x30,0x00,0x30,0x00,0x60,0x00,0xC0,0x01,0x80,0x01,0x00,0x00,0x00}},
    {0x4ECB, {0x00,0x00,0x01,0x00,0x03,0x80,0x07,0xC0,0x0C,0x60,0x18,0x30,0x70,0x1C,0x48,0x24,0x0C,0x20,0x08,0x20,0x08,0x20,0x08,0x20,0x18,0x20,0x30,0x20,0x60,0x20,0x00,0x00}},
    {0x4ECE, {0x00,0x00,0x08,0x60,0x08,0x60,0x08,0x60,0x18,0x60,0x18,0x60,0x18,0x60,0x1C,0x60,0x16,0xE0,0x13,0xF0,0x31,0x90,0x31,0x98,0x63,0x0C,0x42,0x04,0x00,0x00,0x00,0x00}},
    {0x4ED1, {0x00,0x00,0x01,0x00,0x03,0x80,0x06,0xC0,0x0C,0x60,0x18,0x30,0x70,0x1C,0x48,0x24,0x18,0xE0,0x1B,0x80,0x0E,0x00,0x18,0x00,0x18,0x18,0x08,0x18,0x0F,0xF0,0x00,0x00}},
    {0x4ED3, {0x01,0x00,0x03,0x80,0x07,0xC0,0x0C,0x60,0x18,0x30,0x38,0x1C,0x7F,0xF4,0x18,0x30,0x18,0x30,0x18,0x20,0x18,0xE0,0x18,0x08,0x18,0x18,0x0F,0xF8,0x07,0xE0,0x00,0x00}},
    {0x4ED4, {0x08,0x00,0x1B,0xF8,0x13,0xFC,0x30,0x18,0x30,0x70,0x70,0x40,0x70,0x40,0x37,0xFC,0x37,0xFC,0x30,0x40,0x30,0x40,0x30,0x40,0x30,0x40,0x33,0xC0,0x01,0x80,0x00,0x00}},
    {0x4ED5, {0x08,0x40,0x08,0x40,0x18,0x40,0x10,0x40,0x30,0x40,0x7F,0xFE,0xF0,0x40,0x10,0x40,0x10,0x40,0x10,0x40,0x10,0x40,0x10,0x40,0x10,0x40,0x17,0xFC,0x10,0x00,0x00,0x00}},
    {0x4ED6, {0x08,0x40,0x18,0x60,0x12,0x60,0x32,0x6C,0x32,0x7C,0x73,0xEC,0xF7,0xEC,0xBE,0x6C,0x32,0x6C,0x32,0x6C,0x32,0x78,0x32,0x00,0x32,0x06,0x33,0xFC,0x20,0xF8,0x00,0x00}},
    {0x4ED8, {0x08,0x10,0x08,0x18,0x18,0x18,0x10,0x18,0x37,0xFC,0x30,0x18,0x70,0x18,0x53,0x18,0x11,0x18,0x11,0x98,0x10,0x98,0x10,0x18,0x10,0x18,0x10,0x18,0x10,0xF0,0x00,0x00}},
    {0x4ED9, {0x04,0x20,0x0C,0x20,0x08,0x20,0x18,0x20,0x1B,0x26,0x3B,0x26,0x7B,0x26,0x1B,0x26,0x1B,0x26,0x1B,0x26,0x1B,0x26,0x1B,0x26,0x1B,0xFE,0x19,0xFE,0x18,0x02,0x00,0x00}},
    {0x4EDE, {0x08,0x00,0x19,0x10,0x17,0xFC,0x30,0x44,0x30,0x44,0x72,0x44,0xF6,0xC4,0x36,0xC4,0x3C,0x84,0x30,0x84,0x31,0x8C,0x31,0x0C,0x33,0x0C,0x36,0x38,0x04,0x30,0x00,0x00}},
    {0x4EDF, {0x08,0x00,0x18,0x38,0x17,0xF0,0x32,0x40,0x30,0x40,0x70,0x40,0xF6,0xE0,0x37,0xFC,0x30,0x40,0x30,0x40,0x30,0x40,0x30,0x40,0x30,0x40,0x30,0x40,0x30,0x40,0x00,0x00}},
    {0x4EE3, {0x00,0x80,0x0C,0xD8,0x18,0xCC,0x18,0xC0,0x30,0xCC,0x77,0xFC,0x77,0xC0,0x50,0x40,0x10,0x40,0x10,0x60,0x10,0x60,0x10,0x26,0x10,0x36,0x10,0x1C,0x10,0x0C,0x00,0x00}},
    {0x4EE4, {0x01,0x00,0x03,0x80,0x07,0xC0,0x0C,0x60,0x1B,0x38,0x71,0x9C,0x40,0x84,0x1F,0xF0,0x1F,0xF8,0x00,0x30,0x04,0x60,0x07,0xC0,0x03,0x80,0x00,0xC0,0x00,0x40,0x00,0x00}},
    {0x4EE5, {0x00,0x00,0x00,0x18,0x26,0x18,0x22,0x10,0x23,0x10,0x21,0x10,0x20,0x30,0x20,0x30,0x20,0x30,0x22,0x60,0x2E,0x60,0x78,0xF0,0x61,0x98,0x07,0x0C,0x06,0x04,0x00,0x00}},
    {0x4EE8, {0x08,0x00,0x08,0x00,0x1B,0xFC,0x12,0xE8,0x30,0x00,0x70,0x00,0xF0,0x00,0x93,0xF8,0x11,0xE8,0x10,0x00,0x10,0x00,0x10,0x00,0x10,0x00,0x17,0xFC,0x10,0x00,0x00,0x00}},
    {0x4EEA, {0x00,0x00,0x08,0x80,0x1A,0xCC,0x12,0x68,0x32,0x08,0x73,0x18,0xF3,0x18,0xB1,0x10,0x31,0xB0,0x30,0xE0,0x30,0xE0,0x30,0xE0,0x33,0xB8,0x3E,0x1C,0x00,0x04,0x00,0x00}},
    {0x4EEC, {0x0A,0x00,0x0B,0x7C,0x19,0x8C,0x12,0x0C,0x36,0x0C,0x36,0x0C,0x76,0x0C,0x16,0x0C,0x16,0x0C,0x16,0x0C,0x16,0x0C,0x16,0x0C,0x16,0x0C,0x16,0x1C,0x00,0x00,0x00,0x00}},
    {0x4EF0, {0x08,0x00,0x09,0xC0,0x0B,0xBE,0x1A,0x3E,0x12,0x26,0x32,0x26,0x7A,0x26,0x1A,0x26,0x1A,0x26,0x1A,0x26,0x1B,0xE6,0x1B,0x3C,0x18,0x20,0x18,0x20,0x10,0x20,0x00,0x00}},
    {0x4EF2, {0x04,0x20,0x0C,0x20,0x08,0x20,0x1B,0xFE,0x1B,0xFE,0x3A,0x22,0x7A,0x22,0x1A,0x22,0x1B,0xFE,0x1B,0xFE,0x1A,0x20,0x18,0x20,0x18,0x20,0x18,0x20,0x18,0x20,0x00,0x00}},
    {0x4EF6, {0x08,0x40,0x1B,0x40,0x12,0x40,0x33,0xFC,0x37,0xF8,0x74,0x40,0xF4,0x40,0x30,0x40,0x37,0xFC,0x30,0x60,0x30,0x40,0x30,0x40,0x30,0x40,0x30,0x40,0x30,0x40,0x00,0x00}},
    {0x4EF7, {0x00,0x00,0x08,0x40,0x18,0xC0,0x11,0xA0,0x33,0x30,0x36,0x18,0x7C,0x0C,0x73,0x10,0x33,0x10,0x33,0x10,0x33,0x10,0x33,0x10,0x36,0x10,0x34,0x10,0x34,0x10,0x00,0x00}},
    {0x4EFB, {0x08,0x00,0x08,0x38,0x1F,0xF0,0x12,0x40,0x30,0x40,0x70,0x40,0x70,0x40,0xDF,0xFC,0x17,0xFC,0x10,0x40,0x10,0x40,0x10,0x40,0x10,0x40,0x17,0xFC,0x10,0x00,0x00,0x00}},
    {0x4EFD, {0x08,0x00,0x19,0xB0,0x11,0x10,0x33,0x18,0x32,0x18,0x76,0x0C,0x7F,0xFC,0x33,0xF8,0x30,0x98,0x31,0x98,0x31,0x18,0x33,0x18,0x32,0x18,0x36,0x70,0x00,0x20,0x00,0x00}},
    {0x4EFF, {0x08,0x40,0x18,0x40,0x10,0x60,0x37,0xFC,0x31,0x80,0x71,0x80,0x71,0xF8,0x31,0xF8,0x31,0x08,0x31,0x08,0x33,0x08,0x33,0x08,0x36,0x18,0x3C,0x78,0x00,0x20,0x00,0x00}},
    {0x4F01, {0x01,0x00,0x03,0x80,0x06,0xC0,0x0C,0x60,0x19,0x38,0x71,0x1C,0x41,0x04,0x11,0x00,0x11,0xF8,0x11,0x80,0x11,0x00,0x11,0x00,0x11,0x00,0x7F,0xFC,0x2F,0xFC,0x00,0x00}},
    {0x4F0A, {0x08,0x00,0x1B,0xF8,0x13,0xF8,0x30,0x88,0x30,0x88,0x7F,0xFC,0xF0,0x8C,0x30,0x88,0x30,0x88,0x37,0xF8,0x31,0x88,0x31,0x80,0x33,0x00,0x36,0x00,0x34,0x00,0x00,0x00}},
    {0x4F0D, {0x08,0x00,0x1F,0xFC,0x17,0xFC,0x30,0x80,0x30,0x80,0x70,0x80,0xF7,0xF8,0x37,0xF8,0x31,0x88,0x31,0x98,0x31,0x18,0x31,0x18,0x31,0x18,0x3F,0xFC,0x30,0x00,0x00,0x00}},
    {0x4F0F, {0x08,0x40,0x18,0xD8,0x18,0xC8,0x30,0xCC,0x30,0xC0,0x77,0xFC,0xF0,0xC0,0x30,0xC0,0x30,0xE0,0x30,0xA0,0x31,0xB0,0x31,0x10,0x33,0x18,0x36,0x0C,0x14,0x04,0x00,0x00}},
    {0x4F10, {0x08,0x80,0x08,0xB0,0x18,0x98,0x10,0x80,0x31,0xFC,0x7F,0xF0,0x70,0xC8,0x50,0xC8,0x10,0xD8,0x10,0x70,0x10,0x60,0x10,0xE4,0x13,0xA6,0x16,0x3C,0x10,0x1C,0x00,0x00}},
    {0x4F11, {0x08,0x40,0x08,0x40,0x18,0x40,0x10,0x40,0x3F,0xFC,0x71,0xE0,0xF0,0xE0,0x11,0xF0,0x13,0x50,0x13,0x58,0x16,0x4C,0x1C,0x44,0x18,0x40,0x10,0x40,0x10,0x40,0x00,0x00}},
    {0x4F17, {0x00,0x00,0x01,0x00,0x03,0x00,0x03,0x80,0x0E,0xC0,0x1C,0x30,0x78,0x1C,0x48,0x64,0x08,0x60,0x1C,0x60,0x1E,0x60,0x12,0xF0,0x31,0x98,0x61,0x8C,0x43,0x04,0x00,0x00}},
    {0x4F18, {0x08,0x80,0x18,0x90,0x10,0x98,0x31,0x88,0x3F,0xFC,0x71,0x80,0x71,0xA0,0x31,0xE0,0x31,0x60,0x31,0x60,0x33,0x60,0x33,0x64,0x36,0x64,0x3C,0x3C,0x30,0x18,0x00,0x00}},
    {0x4F19, {0x00,0x00,0x08,0x40,0x18,0x40,0x10,0x40,0x32,0x44,0x32,0x4C,0x76,0x4C,0x76,0xC8,0x30,0xC0,0x30,0xE0,0x30,0xE0,0x31,0xB0,0x33,0x18,0x36,0x0C,0x14,0x04,0x00,0x00}},
    {0x4F1A, {0x01,0x00,0x03,0x80,0x07,0xC0,0x0C,0x60,0x38,0x38,0x7F,0xFC,0x40,0x00,0x00,0x00,0x7F,0xFC,0x3F,0xF8,0x04,0x60,0x0C,0x30,0x18,0xF8,0x3F,0xF8,0x00,0x08,0x00,0x00}},
    {0x4F1E, {0x01,0x00,0x03,0x80,0x06,0xC0,0x1C,0x70,0x71,0x1C,0x41,0x04,0x19,0x30,0x09,0x20,0x09,0x20,0x01,0x00,0x7F,0xFC,0x01,0x00,0x01,0x00,0x01,0x00,0x01,0x00,0x00,0x00}},
    {0x4F1F, {0x04,0x20,0x0C,0x60,0x0B,0xFE,0x19,0x60,0x18,0x60,0x3B,0xFC,0x38,0x60,0x18,0x60,0x1F,0xFE,0x18,0x66,0x18,0x62,0x18,0x62,0x18,0x6E,0x18,0x6C,0x18,0x20,0x00,0x00}},
    {0x4F20, {0x08,0x00,0x18,0xC0,0x17,0xFC,0x31,0xC0,0x31,0x80,0x7F,0xFC,0xF1,0x00,0x31,0x00,0x33,0xF8,0x30,0x18,0x30,0x30,0x31,0xE0,0x30,0xE0,0x30,0x70,0x30,0x00,0x00,0x00}},
    {0x4F24, {0x04,0x80,0x0D,0x80,0x09,0xFE,0x19,0xFE,0x1B,0x40,0x32,0x40,0x79,0xF8,0x1B,0xFE,0x18,0x46,0x18,0xC6,0x18,0xC4,0x18,0x84,0x19,0x84,0x1B,0x3C,0x12,0x10,0x00,0x00}},
    {0x4F26, {0x08,0x40,0x18,0xC0,0x11,0xE0,0x31,0x30,0x33,0x18,0x7E,0x0C,0xFA,0x04,0x33,0x30,0x33,0x70,0x33,0xC0,0x33,0x00,0x33,0x00,0x33,0x0C,0x33,0xF8,0x20,0xF0,0x00,0x00}},
    {0x4F2A, {0x04,0x40,0x0E,0x40,0x09,0x40,0x18,0x40,0x1B,0xFE,0x38,0xE6,0x78,0x46,0x18,0xE6,0x18,0xF6,0x18,0x96,0x19,0x86,0x19,0x04,0x1B,0x04,0x1E,0x3C,0x00,0x18,0x00,0x00}},
    {0x4F2F, {0x04,0x60,0x0C,0x60,0x0C,0x40,0x0B,0xFC,0x1B,0x0C,0x1B,0x04,0x3B,0x04,0x3B,0x0C,0x1B,0xFC,0x1B,0x0C,0x1B,0x04,0x1B,0x04,0x1B,0x0C,0x1B,0xFC,0x1B,0x0C,0x00,0x00}},
    {0x4F30, {0x08,0x40,0x18,0x40,0x10,0x40,0x30,0x40,0x37,0xFC,0x70,0x40,0xF0,0x40,0x30,0x40,0x33,0xF8,0x32,0x0C,0x32,0x0C,0x32,0x0C,0x32,0x0C,0x33,0xFC,0x32,0x0C,0x00,0x00}},
    {0x4F34, {0x08,0x40,0x1E,0x4C,0x12,0x48,0x32,0x58,0x33,0x50,0x77,0xF8,0xF7,0xFC,0x30,0x40,0x30,0x40,0x3F,0xFC,0x30,0xC0,0x30,0x40,0x30,0x40,0x30,0x40,0x10,0x40,0x00,0x00}},
    {0x4F38, {0x04,0x20,0x0C,0x20,0x0B,0xFE,0x1B,0xFE,0x12,0x22,0x3A,0x66,0x7B,0xFE,0x1A,0x22,0x1A,0x22,0x1B,0xFE,0x1A,0x66,0x18,0x20,0x18,0x20,0x18,0x20,0x10,0x20,0x00,0x00}},
    {0x4F3D, {0x09,0x00,0x09,0x00,0x19,0x1E,0x1B,0x1E,0x17,0xF2,0x33,0x76,0x73,0x76,0x13,0x56,0x13,0x56,0x13,0x56,0x12,0x52,0x12,0x5E,0x16,0xDE,0x1D,0xD6,0x10,0x00,0x00,0x00}},
    {0x4F4D, {0x08,0x40,0x08,0x40,0x18,0x40,0x13,0xFC,0x30,0x00,0x71,0x18,0x73,0x18,0x11,0x18,0x31,0x10,0x31,0x10,0x31,0x90,0x31,0xB0,0x30,0x30,0x37,0xFC,0x30,0x00,0x00,0x00}},
    {0x4F4E, {0x08,0x08,0x19,0xF8,0x13,0xE0,0x36,0x20,0x36,0x20,0x76,0x20,0xF3,0xFC,0xB3,0xFC,0x36,0x20,0x36,0x30,0x36,0x30,0x36,0x10,0x36,0x56,0x37,0xFC,0x36,0x0C,0x00,0x00}},
    {0x4F4F, {0x08,0xC0,0x08,0xC0,0x18,0x40,0x17,0xFC,0x37,0xFC,0x70,0x40,0x70,0x40,0x10,0x40,0x33,0xFC,0x30,0x60,0x30,0x40,0x30,0x40,0x30,0x40,0x37,0xFC,0x10,0x00,0x00,0x00}},
    {0x4F50, {0x08,0x80,0x18,0x80,0x11,0x80,0x3F,0xFC,0x37,0xFC,0x71,0x00,0xF1,0x00,0x33,0xFC,0x33,0xFC,0x36,0x20,0x36,0x20,0x3C,0x20,0x38,0x20,0x33,0xFC,0x10,0x00,0x00,0x00}},
    {0x4F51, {0x08,0x40,0x18,0xC0,0x10,0x80,0x3F,0xFC,0x37,0xFC,0x71,0x80,0xF1,0x00,0x33,0xF8,0x33,0xFC,0x37,0x0C,0x3D,0x0C,0x31,0x0C,0x31,0xFC,0x31,0xFC,0x11,0x00,0x00,0x00}},
    {0x4F53, {0x08,0x40,0x18,0xC0,0x10,0x40,0x3F,0xFC,0x37,0xFC,0x71,0xE0,0xF1,0xF0,0x33,0x50,0x32,0x58,0x36,0x48,0x36,0xCC,0x3F,0xF4,0x30,0xC0,0x30,0x40,0x30,0x40,0x00,0x00}},
    {0x4F55, {0x08,0x00,0x18,0x20,0x17,0xFC,0x30,0x08,0x30,0x08,0x77,0xC8,0x76,0x48,0x36,0x48,0x36,0x48,0x36,0x48,0x37,0xC8,0x32,0x08,0x30,0x08,0x30,0x78,0x00,0x30,0x00,0x00}},
    {0x4F57, {0x04,0x60,0x0C,0x20,0x0B,0xFE,0x1B,0xFE,0x1A,0x02,0x3B,0x80,0x39,0x80,0x19,0x9C,0x19,0xF0,0x19,0xC0,0x19,0x80,0x19,0x82,0x19,0x82,0x18,0xFE,0x10,0x78,0x00,0x00}},
    {0x4F58, {0x01,0x00,0x03,0x80,0x06,0xC0,0x0C,0x60,0x38,0x38,0x6F,0xEE,0x40,0x00,0x00,0x00,0x3F,0xF8,0x03,0x00,0x19,0x20,0x11,0x30,0x31,0x18,0x61,0x0C,0x07,0x00,0x00,0x00}},
    {0x4F59, {0x01,0x00,0x03,0x80,0x06,0xC0,0x0C,0x70,0x38,0x38,0x7F,0xFC,0x01,0x00,0x01,0x00,0x7F,0xFC,0x01,0x80,0x09,0x20,0x19,0x30,0x31,0x18,0x61,0x0C,0x07,0x00,0x00,0x00}},
    {0x4F5B, {0x09,0x20,0x19,0x20,0x1F,0xF8,0x37,0xFC,0x31,0x24,0x71,0xAC,0xF7,0xFC,0x35,0x20,0x3D,0xA0,0x3F,0xFC,0x31,0x24,0x33,0x24,0x32,0x2C,0x36,0x28,0x34,0x20,0x00,0x00}},
    {0x4F5C, {0x08,0x00,0x09,0x80,0x19,0x80,0x11,0xFC,0x33,0xC0,0x76,0xC0,0x74,0xFC,0x10,0xFC,0x30,0xC0,0x30,0xC0,0x30,0xFC,0x30,0xC0,0x30,0xC0,0x30,0xC0,0x10,0x40,0x00,0x00}},
    {0x4F60, {0x09,0x00,0x1B,0x00,0x13,0x00,0x33,0xFC,0x37,0xFC,0x76,0x44,0xF4,0x44,0x31,0x48,0x33,0x48,0x32,0x4C,0x36,0x4C,0x36,0x44,0x34,0x44,0x30,0x40,0x31,0xC0,0x00,0x00}},
    {0x4F69, {0x10,0x00,0x17,0xF8,0x34,0x08,0x25,0xF8,0x64,0xC8,0x64,0xC8,0xE5,0xF8,0x26,0x18,0x27,0xD8,0x27,0x98,0x2F,0x98,0x2B,0xFC,0x28,0xEC,0x38,0x8C,0x20,0x84,0x00,0x00}},
    {0x4F6C, {0x08,0x80,0x19,0x84,0x17,0xFC,0x37,0xD8,0x30,0x90,0x75,0xF4,0x7F,0xFC,0x30,0xC0,0x33,0x88,0x37,0x38,0x3D,0xE0,0x31,0x00,0x31,0x04,0x31,0xFC,0x20,0xF8,0x00,0x00}},
    {0x4F70, {0x04,0x00,0x0F,0xFE,0x08,0x60,0x08,0x60,0x18,0x60,0x19,0xFC,0x39,0x04,0x39,0x04,0x19,0x04,0x19,0xFC,0x19,0x04,0x19,0x04,0x19,0xFC,0x19,0xFC,0x19,0x04,0x00,0x00}},
    {0x4F73, {0x08,0x40,0x18,0x40,0x13,0xF8,0x33,0xF8,0x30,0x40,0x70,0x40,0x77,0xFC,0x30,0x40,0x30,0x40,0x37,0xFC,0x30,0xC0,0x30,0x40,0x30,0x40,0x3F,0xFC,0x30,0x00,0x00,0x00}},
    {0x4F7F, {0x00,0x00,0x08,0x40,0x1F,0xFC,0x10,0xE0,0x30,0x40,0x77,0xFC,0xF4,0x44,0x34,0x44,0x37,0xFC,0x32,0xC0,0x32,0xC0,0x33,0x80,0x31,0xC0,0x37,0x7C,0x34,0x0C,0x00,0x00}},
    {0x4F86, {0x01,0x00,0x01,0x00,0x7F,0xFC,0x7F,0xFC,0x19,0x30,0x19,0x30,0x39,0x30,0x3D,0x78,0x63,0xCC,0x07,0xC0,0x0D,0x60,0x19,0x30,0x71,0x1C,0x61,0x0C,0x01,0x00,0x00,0x00}},
    {0x4F88, {0x04,0x40,0x0C,0xF0,0x09,0xFC,0x1B,0x08,0x1A,0xF0,0x38,0xE0,0x7B,0xE0,0x1B,0x7E,0x18,0xFE,0x19,0x84,0x1A,0x4C,0x18,0x38,0x18,0x70,0x1B,0xC0,0x1B,0x00,0x00,0x00}},
    {0x4F8B, {0x08,0x02,0x1F,0xE6,0x19,0x16,0x11,0x12,0x33,0x16,0x33,0xD6,0x32,0x56,0x16,0xD6,0x1F,0xD6,0x11,0x92,0x11,0x96,0x11,0x86,0x13,0x06,0x16,0x0E,0x10,0x08,0x00,0x00}},
    {0x4F8D, {0x00,0x40,0x18,0x40,0x13,0xFC,0x33,0xF8,0x30,0x40,0x77,0xEC,0xF7,0xFC,0x30,0x10,0x37,0xFC,0x37,0xFC,0x33,0x10,0x33,0x10,0x31,0x90,0x30,0x10,0x30,0x70,0x00,0x00}},
    {0x4F91, {0x04,0x40,0x0C,0xC0,0x0F,0xFC,0x1B,0x84,0x39,0x80,0x39,0xFC,0x7B,0x0C,0x1F,0x8C,0x19,0xFC,0x19,0x0C,0x19,0xFC,0x19,0x8C,0x19,0x0C,0x19,0x98,0x00,0x00,0x00,0x00}},
    {0x4F9B, {0x09,0x10,0x19,0x10,0x11,0x10,0x31,0x10,0x37,0xFC,0x71,0x10,0xF1,0x10,0x31,0x10,0x31,0x10,0x37,0xFC,0x30,0x00,0x31,0x10,0x33,0x18,0x36,0x0C,0x34,0x04,0x00,0x00}},
    {0x4F9D, {0x08,0x80,0x18,0xC0,0x10,0x40,0x3F,0xFC,0x31,0xC0,0x71,0xC0,0x73,0x4C,0x36,0x78,0x3E,0x30,0x3A,0x30,0x32,0x30,0x32,0x18,0x33,0xCC,0x33,0x84,0x32,0x00,0x00,0x00}},
    {0x4FA0, {0x08,0x40,0x18,0x40,0x17,0xFC,0x37,0xFC,0x32,0x48,0x72,0x48,0x73,0x58,0x30,0x50,0x3F,0xFC,0x30,0xE0,0x30,0xE0,0x31,0xB0,0x33,0x10,0x36,0x1C,0x3C,0x04,0x00,0x00}},
    {0x4FA3, {0x08,0x00,0x09,0xFC,0x09,0x0C,0x19,0x0C,0x19,0x0C,0x39,0xFC,0x78,0x00,0x18,0x00,0x1B,0xFC,0x1B,0x04,0x1A,0x04,0x1A,0x04,0x1A,0x04,0x1B,0xFC,0x1B,0x04,0x00,0x00}},
    {0x4FA6, {0x08,0x80,0x18,0xF8,0x10,0xFC,0x30,0xC0,0x30,0xC0,0x77,0xF8,0xF6,0x08,0x36,0x48,0x36,0x48,0x36,0xC8,0x36,0xC8,0x30,0x80,0x31,0xB0,0x37,0x0C,0x34,0x04,0x00,0x00}},
    {0x4FA7, {0x00,0x00,0x1B,0x82,0x1F,0xE2,0x14,0x5A,0x15,0x7A,0x35,0x7A,0x35,0x7A,0x35,0x7A,0x15,0x7A,0x15,0x7A,0x15,0x7A,0x11,0x02,0x13,0xC2,0x12,0x46,0x14,0x0E,0x00,0x00}},
    {0x4FA8, {0x08,0x00,0x1B,0xF8,0x13,0xC0,0x30,0x80,0x2F,0xFC,0x73,0xB0,0xF3,0x18,0x36,0x1C,0x3D,0x14,0x31,0x30,0x33,0x30,0x33,0x30,0x32,0x30,0x36,0x30,0x24,0x10,0x00,0x00}},
    {0x4FAC, {0x10,0x40,0x10,0x40,0x17,0xFC,0x37,0xFC,0x24,0xC4,0x71,0xC0,0xF1,0x60,0x33,0x2C,0x37,0x38,0x3F,0x30,0x33,0x10,0x33,0x18,0x33,0xCC,0x33,0xC4,0x32,0x00,0x00,0x00}},
    {0x4FAF, {0x10,0x00,0x13,0xF0,0x10,0x10,0x30,0x30,0x3F,0xFC,0x72,0x00,0x73,0xF8,0x77,0xF8,0x34,0xC0,0x30,0xC0,0x3F,0xFC,0x30,0xC0,0x31,0xB0,0x37,0x1C,0x3C,0x04,0x00,0x00}},
    {0x4FB5, {0x08,0x00,0x1B,0xF8,0x11,0xF8,0x31,0xF8,0x30,0x08,0x73,0xF8,0xF0,0x00,0x37,0xFC,0x34,0x04,0x33,0xF8,0x33,0x10,0x31,0xB0,0x30,0xE0,0x37,0xF8,0x36,0x0C,0x00,0x00}},
    {0x4FBF, {0x08,0x00,0x1F,0xFC,0x10,0x40,0x37,0xFC,0x36,0x4C,0x76,0x4C,0x77,0xFC,0x34,0x4C,0x37,0xFC,0x30,0xC0,0x36,0xC0,0x33,0x80,0x33,0xE0,0x3E,0x7C,0x00,0x00,0x00,0x00}},
    {0x4FC3, {0x10,0x00,0x13,0xF8,0x32,0x08,0x32,0x08,0x62,0x0C,0x63,0xF8,0xF0,0x40,0x30,0x40,0x32,0x40,0x32,0x7C,0x36,0x40,0x37,0x40,0x35,0xC0,0x3C,0xFC,0x28,0x1C,0x00,0x00}},
    {0x4FC4, {0x08,0x20,0x0B,0xE8,0x1F,0x24,0x11,0x24,0x31,0xB0,0x37,0xFC,0x71,0x30,0x11,0x3C,0x13,0xF8,0x1F,0x18,0x11,0x10,0x11,0x32,0x11,0x7E,0x17,0x4C,0x00,0x00,0x00,0x00}},
    {0x4FCA, {0x08,0x80,0x19,0xB0,0x13,0x18,0x37,0xF8,0x37,0x20,0x73,0x30,0x76,0x18,0x35,0x84,0x31,0xF8,0x33,0x18,0x37,0x30,0x30,0xE0,0x31,0xE0,0x3F,0x3C,0x3C,0x0C,0x00,0x00}},
    {0x4FD7, {0x08,0x00,0x19,0x30,0x13,0x18,0x36,0x4C,0x34,0xC4,0x71,0xE0,0xF1,0x30,0x32,0x18,0x3E,0x0C,0x3F,0xFC,0x36,0x18,0x36,0x18,0x36,0x18,0x33,0xF8,0x32,0x18,0x00,0x00}},
    {0x4FDD, {0x08,0x00,0x1B,0xFC,0x12,0x0C,0x32,0x0C,0x32,0x0C,0x73,0xFC,0xF0,0x40,0x30,0x40,0x37,0xFC,0x30,0xE0,0x31,0xF0,0x33,0x58,0x36,0x4C,0x3C,0x44,0x10,0x40,0x00,0x00}},
    {0x4FDE, {0x01,0x00,0x03,0x80,0x06,0xC0,0x1C,0x30,0x7F,0xFC,0x40,0x04,0x08,0x00,0x3E,0x48,0x22,0x48,0x3E,0x48,0x32,0x48,0x3E,0x48,0x22,0x08,0x22,0x08,0x26,0x38,0x00,0x00}},
    {0x4FE1, {0x00,0x80,0x18,0xC0,0x10,0x40,0x37,0xFC,0x30,0x00,0x73,0xF8,0xF0,0x00,0x33,0xF8,0x33,0xF0,0x30,0x00,0x37,0xF8,0x36,0x08,0x36,0x08,0x37,0xF8,0x32,0x08,0x00,0x00}},
    {0x4FE9, {0x10,0x00,0x1F,0xFC,0x37,0xFC,0x31,0xA0,0x21,0xB0,0x67,0xFC,0x65,0xA4,0x25,0xA4,0x25,0xB4,0x25,0xFC,0x27,0x4C,0x26,0x4C,0x24,0x04,0x24,0x1C,0x24,0x00,0x00,0x00}},
    {0x4FEA, {0x10,0x00,0x1F,0xFC,0x3F,0xFC,0x30,0x00,0x27,0xBC,0x65,0xEC,0x65,0xE4,0x25,0xE4,0x27,0xFC,0x25,0xEC,0x25,0xEC,0x25,0xE4,0x24,0xE4,0x25,0xEC,0x00,0x00,0x00,0x00}},
    {0x4FEC, {0x10,0x00,0x13,0x90,0x3F,0x30,0x22,0x30,0x23,0x30,0x6F,0xA0,0xE3,0x20,0x27,0x28,0x27,0xE8,0x2F,0x68,0x3B,0x4C,0x22,0x4C,0x22,0xFC,0x22,0xF4,0x22,0x00,0x00,0x00}},
    {0x4FED, {0x10,0xC0,0x10,0xC0,0x11,0xE0,0x33,0x30,0x26,0x1C,0x7F,0xFC,0xF0,0x00,0x30,0x88,0x36,0xC8,0x32,0x58,0x32,0x50,0x32,0x10,0x30,0x30,0x2F,0xFC,0x30,0x00,0x00,0x00}},
    {0x4FEE, {0x10,0x80,0x10,0xF0,0x31,0xFC,0x33,0x88,0x26,0xF0,0x6C,0x70,0xF7,0xDC,0x37,0x24,0x24,0xC0,0x25,0x90,0x2C,0x60,0x25,0xCC,0x30,0x38,0x31,0xE0,0x21,0x00,0x00,0x00}},
    {0x4FF1, {0x08,0x00,0x1B,0xF8,0x12,0x08,0x33,0xF8,0x32,0x18,0x72,0x18,0xF3,0xF8,0x33,0xF8,0x33,0xF8,0x32,0x08,0x3F,0xFC,0x31,0x10,0x33,0x18,0x36,0x0C,0x34,0x04,0x00,0x00}},
    {0x5009, {0x01,0x00,0x03,0x80,0x06,0xC0,0x1F,0x70,0x71,0x9C,0x5F,0xF4,0x18,0x30,0x1F,0xF0,0x10,0x10,0x1F,0xF0,0x30,0x00,0x3F,0xF0,0x78,0x10,0x5F,0xF0,0x18,0x10,0x00,0x00}},
    {0x500C, {0x00,0x20,0x0C,0x20,0x0B,0xFE,0x1A,0x06,0x19,0xF8,0x39,0x0C,0x39,0x0C,0x19,0xFC,0x19,0xF8,0x19,0x00,0x19,0xFC,0x19,0x04,0x19,0x04,0x19,0xFC,0x19,0x04,0x00,0x00}},
    {0x500D, {0x08,0x40,0x18,0x40,0x1F,0xFC,0x33,0x98,0x31,0x18,0x71,0x10,0xF7,0xFC,0x37,0xFC,0x30,0x00,0x33,0xF8,0x32,0x08,0x32,0x08,0x32,0x08,0x33,0xF8,0x32,0x08,0x00,0x00}},
    {0x5019, {0x10,0x00,0x11,0xF8,0x30,0x08,0x30,0x18,0x2F,0xFC,0x6D,0x80,0x6D,0xF8,0x6D,0xFC,0x2F,0x20,0x2C,0x60,0x2F,0xFC,0x20,0x60,0x20,0xF0,0x23,0x9C,0x22,0x04,0x00,0x00}},
    {0x501A, {0x08,0x40,0x1B,0xF8,0x17,0xFC,0x30,0xE0,0x31,0xF8,0x77,0x0C,0xF6,0xEC,0x3F,0xFC,0x30,0x08,0x37,0xC8,0x36,0x48,0x37,0xC8,0x37,0xC8,0x30,0x08,0x30,0x38,0x00,0x00}},
    {0x501F, {0x08,0x00,0x19,0x10,0x17,0xFC,0x37,0xF8,0x31,0x10,0x77,0xFC,0xFF,0xFC,0x33,0xF8,0x33,0xF8,0x32,0x08,0x32,0x08,0x33,0xF8,0x32,0x08,0x33,0xF8,0x32,0x08,0x00,0x00}},
    {0x5029, {0x08,0x40,0x0B,0xFC,0x1B,0xF8,0x13,0xF8,0x33,0xF8,0x37,0xFC,0x70,0x00,0x13,0xF8,0x13,0x78,0x13,0xF8,0x12,0x08,0x13,0xF8,0x12,0x08,0x12,0x38,0x00,0x00,0x00,0x00}},
    {0x502A, {0x08,0x00,0x1B,0xB8,0x16,0x3C,0x36,0x0C,0x36,0x0C,0x77,0xBC,0x76,0x0C,0x76,0x0C,0x37,0xFC,0x31,0xA0,0x31,0x20,0x33,0x20,0x32,0x26,0x3E,0x3C,0x08,0x18,0x00,0x00}},
    {0x502B, {0x08,0x40,0x18,0xC0,0x11,0xE0,0x33,0x30,0x37,0x1C,0x6F,0xFC,0x70,0x00,0x77,0xF8,0x37,0xEC,0x35,0xAC,0x37,0xFC,0x35,0xAC,0x35,0xAC,0x35,0xA8,0x24,0x00,0x00,0x00}},
    {0x502C, {0x08,0x40,0x18,0xFC,0x10,0xFC,0x30,0xC0,0x37,0xF8,0x76,0x0C,0xF7,0xFC,0x37,0xFC,0x36,0x0C,0x37,0xFC,0x30,0xC0,0x3F,0xFC,0x3F,0xFC,0x30,0x40,0x30,0x40,0x00,0x00}},
    {0x5036, {0x08,0x00,0x1B,0xF8,0x12,0x08,0x33,0xF8,0x32,0x08,0x72,0x08,0xF3,0xF8,0x32,0x08,0x33,0xF8,0x30,0x00,0x3F,0xFE,0x31,0x10,0x33,0x18,0x36,0x0C,0x34,0x04,0x00,0x00}},
    {0x503C, {0x08,0x40,0x1B,0xF8,0x17,0xFC,0x30,0xC0,0x33,0xF8,0x72,0x08,0xF3,0xF8,0x33,0xF8,0x32,0x08,0x33,0xF8,0x32,0x18,0x33,0xF8,0x32,0x08,0x3F,0xFC,0x20,0x00,0x00,0x00}},
    {0x503E, {0x10,0x00,0x10,0xFC,0x34,0xFC,0x24,0x20,0x24,0xFC,0x67,0x8C,0xE4,0xAC,0x24,0xAC,0x24,0xAC,0x24,0xAC,0x2E,0xAC,0x2C,0x20,0x20,0x78,0x20,0xCC,0x21,0x84,0x00,0x00}},
    {0x5043, {0x10,0x00,0x17,0xFC,0x34,0xF8,0x35,0x88,0x35,0xF8,0x75,0x88,0xF5,0xF8,0x34,0x40,0x37,0xFC,0x34,0x98,0x34,0xD0,0x34,0xF0,0x37,0x88,0x37,0xFC,0x00,0x00,0x00,0x00}},
    {0x5047, {0x10,0x00,0x1F,0xFC,0x34,0x8C,0x24,0x8C,0x25,0x8C,0x67,0xFC,0x64,0x00,0x67,0x7C,0x27,0x7C,0x24,0x68,0x24,0x38,0x27,0xB0,0x24,0x38,0x24,0xEC,0x24,0x84,0x00,0x00}},
    {0x505A, {0x12,0x20,0x12,0x20,0x32,0x20,0x3F,0xFC,0x27,0x6C,0x62,0x6C,0xE2,0x6C,0x27,0xE8,0x2F,0xB8,0x2C,0x98,0x2C,0x90,0x2C,0x90,0x2F,0xB8,0x2E,0xEC,0x20,0xC4,0x00,0x00}},
    {0x505C, {0x00,0x40,0x0F,0xFC,0x0B,0xFC,0x19,0xF8,0x13,0x08,0x33,0xF8,0x70,0xF0,0x17,0xFC,0x16,0x06,0x13,0xFC,0x10,0x60,0x10,0x40,0x10,0x60,0x11,0xC0,0x00,0x00,0x00,0x00}},
    {0x5065, {0x10,0x20,0x1E,0x70,0x3E,0x78,0x23,0xFC,0x64,0x2C,0x64,0x2C,0xEF,0xF8,0x22,0x20,0x23,0xFC,0x2A,0x60,0x27,0xFC,0x26,0x20,0x27,0x20,0x39,0xFC,0x00,0x1C,0x00,0x00}},
    {0x5076, {0x04,0x00,0x0F,0xFC,0x0B,0x24,0x1B,0xFC,0x1B,0x64,0x3B,0x64,0x79,0xFC,0x18,0x20,0x1B,0xFE,0x1A,0x62,0x1A,0x2A,0x1A,0xFE,0x1A,0xC6,0x1A,0x02,0x12,0x0E,0x00,0x00}},
    {0x5085, {0x08,0x50,0x1F,0xFC,0x17,0xFC,0x33,0xF8,0x36,0x4C,0x76,0x4C,0xF7,0xFC,0xB7,0xFC,0x36,0xFC,0x30,0x18,0x3F,0xFE,0x32,0x10,0x33,0x18,0x31,0x98,0x30,0x70,0x00,0x00}},
    {0x50A3, {0x08,0x40,0x0F,0xFC,0x1B,0xFC,0x18,0xC0,0x33,0xF8,0x37,0xFC,0x3F,0xFC,0x13,0x58,0x1E,0x4C,0x1B,0x50,0x11,0xF0,0x11,0xF8,0x16,0x4C,0x18,0xC0,0x00,0x00,0x00,0x00}},
    {0x50A8, {0x10,0x40,0x10,0x64,0x34,0xFC,0x26,0xF8,0x20,0x78,0x69,0xFC,0x7C,0x60,0x24,0xF8,0x27,0xFC,0x26,0xC4,0x24,0xCC,0x24,0xFC,0x27,0x84,0x26,0xFC,0x20,0xCC,0x00,0x00}},
    {0x50AC, {0x10,0x40,0x16,0x4C,0x36,0x4C,0x37,0xFC,0x33,0xF8,0x72,0x60,0x77,0xFC,0x37,0xFC,0x3F,0xFC,0x3E,0x60,0x36,0x60,0x37,0xFC,0x36,0x20,0x37,0xFC,0x36,0x00,0x00,0x00}},
    {0x50B2, {0x10,0x10,0x1F,0xB0,0x3F,0xB0,0x33,0x3C,0x2F,0xEC,0x63,0x6C,0x63,0x6C,0x7F,0xE8,0x36,0xB8,0x26,0x18,0x27,0x98,0x24,0x98,0x2C,0xBC,0x3B,0xE4,0x20,0x00,0x00,0x00}},
    {0x50B3, {0x08,0x40,0x1F,0xFC,0x1F,0xFC,0x33,0xF8,0x36,0xCC,0x77,0xFC,0xF6,0xEC,0x33,0xF8,0x37,0xFC,0x30,0x1C,0x3F,0xFC,0x32,0x18,0x33,0x18,0x31,0x98,0x30,0x70,0x00,0x00}},
    {0x50BB, {0x00,0x00,0x1A,0xC0,0x17,0xFC,0x34,0xEC,0x35,0xEC,0x77,0x3C,0xF7,0xF8,0x33,0x18,0x37,0x8C,0x33,0xF8,0x37,0x10,0x31,0xA0,0x30,0xE0,0x37,0xBC,0x2C,0x0C,0x00,0x00}},
    {0x50CF, {0x01,0x00,0x1B,0xA0,0x13,0xE0,0x3F,0xF8,0x3E,0xCC,0x76,0xCC,0xF7,0xF8,0x33,0x80,0x36,0xD8,0x31,0xF0,0x33,0x78,0x34,0xE8,0x33,0x6C,0x3E,0x64,0x30,0xC0,0x00,0x00}},
    {0x50E7, {0x05,0x08,0x0D,0x88,0x0B,0xFC,0x1B,0xFE,0x1A,0xAE,0x32,0xF6,0x7B,0xFE,0x1B,0xFC,0x18,0x00,0x19,0xFC,0x1B,0x0C,0x19,0xFC,0x1B,0x0C,0x1B,0xFC,0x11,0x0C,0x00,0x00}},
    {0x5112, {0x09,0x98,0x0B,0xF8,0x1F,0xFC,0x16,0xE4,0x37,0x7C,0x33,0x78,0x70,0x00,0x17,0xFC,0x10,0x40,0x13,0xFC,0x16,0xBC,0x16,0xA4,0x16,0xA4,0x16,0xBC,0x00,0x00,0x00,0x00}},
    {0x513F, {0x00,0x00,0x08,0x60,0x08,0x60,0x08,0x60,0x08,0x60,0x08,0x60,0x08,0x60,0x08,0x60,0x18,0x60,0x18,0x60,0x18,0x64,0x30,0x66,0x30,0x64,0x60,0x7C,0x40,0x18,0x00,0x00}},
    {0x5141, {0x02,0x00,0x06,0x00,0x04,0x40,0x0C,0x60,0x18,0x30,0x10,0xF0,0x3F,0xF8,0x04,0xC8,0x04,0xC0,0x04,0xC0,0x0C,0xC0,0x08,0xC6,0x18,0xC4,0x70,0x7C,0x40,0x38,0x00,0x00}},
    {0x5143, {0x00,0x00,0x1F,0xF0,0x3F,0xF8,0x00,0x00,0x00,0x00,0x00,0x00,0x7F,0xFC,0x0C,0xC0,0x0C,0x40,0x0C,0x40,0x08,0x40,0x18,0x46,0x30,0x44,0x70,0x7C,0x40,0x38,0x00,0x00}},
    {0x5144, {0x00,0x00,0x1F,0xF0,0x3F,0xF8,0x30,0x18,0x30,0x18,0x30,0x18,0x30,0x18,0x3F,0xF8,0x0C,0xC0,0x0C,0xC0,0x0C,0xC0,0x08,0xC6,0x38,0xC4,0x70,0x7C,0x40,0x38,0x00,0x00}},
    {0x5145, {0x01,0x00,0x01,0x80,0x7F,0xFC,0x7F,0xFC,0x04,0x40,0x0C,0x60,0x18,0x30,0x3F,0xF8,0x3F,0xEC,0x04,0x40,0x04,0xC0,0x0C,0xC4,0x18,0xC4,0x70,0x7C,0x60,0x38,0x00,0x00}},
    {0x5146, {0x04,0x00,0x06,0xC0,0x64,0xCC,0x36,0xD8,0x16,0xD0,0x16,0xF0,0x04,0xC0,0x0C,0xF0,0x3C,0xD8,0x64,0xCC,0x0C,0xC0,0x08,0xC0,0x18,0xC6,0x70,0xFC,0x40,0x38,0x00,0x00}},
    {0x5148, {0x01,0x00,0x19,0x00,0x1F,0xF8,0x3F,0xF8,0x31,0x00,0x21,0x00,0x01,0x00,0x7F,0xFC,0x3E,0xE4,0x04,0x40,0x0C,0x40,0x08,0x44,0x18,0x44,0x70,0x7C,0x40,0x38,0x00,0x00}},
    {0x5149, {0x01,0x00,0x21,0x08,0x31,0x18,0x19,0x10,0x19,0x30,0x01,0x00,0x7F,0xFC,0x7F,0xFC,0x04,0x40,0x0C,0x40,0x0C,0x40,0x08,0x44,0x18,0x46,0x70,0x44,0x60,0x7C,0x00,0x00}},
    {0x514B, {0x01,0x00,0x3F,0xF8,0x7F,0xFC,0x01,0x00,0x03,0x00,0x1F,0xF8,0x30,0x18,0x30,0x18,0x3F,0xF8,0x0E,0xE0,0x04,0xC0,0x0C,0xC4,0x18,0xC4,0x70,0xFC,0x40,0x38,0x00,0x00}},
    {0x514D, {0x04,0x00,0x0F,0xC0,0x1F,0xC0,0x30,0x80,0x7F,0xF8,0x73,0x98,0x31,0x08,0x31,0x08,0x3F,0xF8,0x03,0xC0,0x02,0xC0,0x06,0xC4,0x1C,0xC4,0x70,0xFC,0x40,0x38,0x00,0x00}},
    {0x5151, {0x08,0x20,0x0C,0x20,0x04,0x60,0x1F,0xF8,0x3B,0xB8,0x30,0x18,0x30,0x18,0x3F,0xF8,0x1F,0xF0,0x04,0xC0,0x04,0xC0,0x0C,0xC0,0x18,0xC4,0x70,0x7C,0x60,0x38,0x00,0x00}},
    {0x5154, {0x04,0x00,0x0F,0xC0,0x1F,0xC0,0x30,0x80,0x7F,0xF8,0x73,0x88,0x21,0x08,0x21,0x08,0x3F,0xF8,0x1F,0xF0,0x06,0xB0,0x04,0x98,0x1C,0x86,0x70,0xFC,0x40,0x78,0x00,0x00}},
    {0x515A, {0x01,0x00,0x19,0x10,0x19,0x30,0x7F,0xFC,0x60,0x0C,0x40,0x04,0x5F,0xF4,0x18,0x30,0x18,0x30,0x1F,0xF0,0x06,0xC0,0x04,0xC0,0x1C,0xC4,0x70,0xFC,0x40,0x38,0x00,0x00}},
    {0x515C, {0x01,0x00,0x3B,0x38,0x27,0xFC,0x24,0x4C,0x24,0x4C,0x27,0xCC,0x2C,0x4C,0x7F,0xFC,0x63,0xB8,0x04,0x40,0x04,0xC0,0x0C,0xC4,0x18,0xC4,0x70,0x7C,0x40,0x38,0x00,0x00}},
    {0x5165, {0x00,0x00,0x04,0x00,0x06,0x00,0x03,0x00,0x01,0x00,0x03,0x80,0x03,0xC0,0x02,0xC0,0x06,0x60,0x04,0x60,0x0C,0x30,0x18,0x18,0x30,0x0C,0x60,0x04,0x00,0x00,0x00,0x00}},
    {0x5168, {0x01,0x00,0x03,0x80,0x06,0xC0,0x0C,0x60,0x18,0x38,0x70,0x1C,0x5F,0xF4,0x01,0x00,0x01,0x00,0x03,0x80,0x1F,0xF0,0x01,0x00,0x01,0x00,0x7F,0xFC,0x3E,0xF8,0x00,0x00}},
    {0x5169, {0x7F,0xFE,0x01,0x80,0x01,0x80,0x3F,0xFC,0x3F,0xFC,0x21,0x84,0x2D,0xA4,0x2D,0xA4,0x2D,0xB4,0x2F,0xBC,0x3B,0xDC,0x33,0xCC,0x21,0x84,0x21,0x9C,0x20,0x00,0x00,0x00}},
    {0x516B, {0x00,0x00,0x04,0x40,0x0C,0x40,0x0C,0x40,0x0C,0x60,0x08,0x60,0x08,0x60,0x18,0x20,0x18,0x30,0x10,0x10,0x30,0x18,0x60,0x0C,0x40,0x04,0x00,0x00,0x00,0x00,0x00,0x00}},
    {0x516C, {0x00,0x00,0x04,0x40,0x0C,0x60,0x18,0x30,0x18,0x10,0x31,0x18,0x63,0x0C,0x42,0x00,0x06,0x00,0x0C,0x60,0x18,0x30,0x18,0x78,0x3F,0xF8,0x00,0x0C,0x00,0x00,0x00,0x00}},
    {0x516D, {0x00,0x00,0x03,0x00,0x01,0x00,0x01,0x80,0x41,0x84,0x7F,0xFC,0x00,0x00,0x00,0x00,0x0C,0x60,0x18,0x30,0x18,0x10,0x30,0x18,0x30,0x0C,0x60,0x0C,0x40,0x00,0x00,0x00}},
    {0x5170, {0x00,0x10,0x08,0x10,0x0C,0x30,0x04,0x60,0x7F,0xFC,0x00,0x00,0x00,0x00,0x00,0x00,0x1F,0xF8,0x3F,0xF8,0x00,0x00,0x00,0x00,0x00,0x00,0x00,0x00,0x7F,0xFE,0x00,0x00}},
    {0x5171, {0x08,0x20,0x0C,0x60,0x08,0x20,0x7F,0xFC,0x3F,0xF8,0x0C,0x60,0x0C,0x60,0x08,0x20,0x7F,0xFC,0x7F,0xFC,0x00,0x40,0x0C,0x60,0x18,0x38,0x70,0x1C,0x60,0x0C,0x00,0x00}},
    {0x5173, {0x00,0x00,0x18,0x30,0x0C,0x20,0x0C,0x60,0x3F,0xF8,0x01,0x00,0x01,0x00,0x7F,0xFC,0x7F,0xFC,0x03,0x80,0x06,0xC0,0x0E,0x60,0x1C,0x30,0x70,0x1C,0x40,0x04,0x00,0x00}},
    {0x5174, {0x00,0x00,0x06,0x0C,0x62,0x0C,0x63,0x18,0x33,0x18,0x31,0x30,0x10,0x20,0x00,0x20,0x7F,0xFC,0x00,0x00,0x08,0x60,0x18,0x30,0x30,0x18,0x60,0x0C,0x40,0x04,0x00,0x00}},
    {0x5175, {0x00,0x10,0x0F,0xF0,0x1F,0x00,0x18,0x00,0x18,0x00,0x1F,0xF8,0x18,0x60,0x18,0x60,0x18,0x60,0x7F,0xFC,0x04,0x40,0x0C,0x60,0x18,0x38,0x70,0x1C,0x40,0x00,0x00,0x00}},
    {0x5176, {0x00,0x00,0x18,0x30,0x7F,0xFC,0x38,0x38,0x18,0x30,0x1F,0xF0,0x18,0x30,0x1F,0xF0,0x1F,0xF0,0x18,0x30,0x7F,0xFC,0x04,0x40,0x1C,0x70,0x70,0x1C,0x40,0x04,0x00,0x00}},
    {0x5177, {0x00,0x00,0x1F,0xF0,0x10,0x10,0x1F,0xF0,0x1B,0xB0,0x10,0x10,0x1F,0xF0,0x1F,0xF0,0x1F,0xF0,0x10,0x10,0x7F,0xFC,0x0C,0x60,0x1C,0x38,0x70,0x1C,0x40,0x04,0x00,0x00}},
    {0x5178, {0x04,0xC0,0x06,0xC0,0x3F,0xF8,0x3F,0xF8,0x26,0xC8,0x36,0xD8,0x3F,0xF8,0x26,0xC8,0x26,0xC8,0x26,0xC8,0x7F,0xFC,0x0C,0x60,0x1C,0x70,0x70,0x1C,0x60,0x0C,0x00,0x00}},
    {0x5179, {0x18,0x30,0x08,0x20,0x7F,0xFC,0x7F,0xFC,0x18,0x60,0x10,0x40,0x36,0xC8,0x64,0xD8,0x7D,0xF0,0x18,0x20,0x1C,0x68,0x36,0xC8,0x7F,0xFC,0x7F,0xEC,0x00,0x00,0x00,0x00}},
    {0x517B, {0x08,0x20,0x3E,0xF8,0x3F,0xF8,0x01,0x00,0x3F,0xF8,0x02,0x00,0x7F,0xFC,0x7F,0xFC,0x1C,0x30,0x7C,0x7C,0x6C,0x64,0x0C,0x60,0x18,0x60,0x38,0x60,0x20,0x40,0x00,0x00}},
    {0x517C, {0x18,0x10,0x08,0x20,0x7F,0xFC,0x37,0xD8,0x06,0xC0,0x3F,0xF8,0x06,0xD8,0x7F,0xFC,0x7F,0xFC,0x06,0xD8,0x3F,0xF8,0x0E,0xE0,0x3E,0xF8,0x66,0xCC,0x46,0xC0,0x00,0x00}},
    {0x517D, {0x08,0x20,0x0C,0x60,0x3F,0xF8,0x33,0x98,0x3F,0xF8,0x21,0x08,0x3F,0xF8,0x1F,0xF0,0x7F,0xFC,0x00,0x00,0x00,0x00,0x3F,0xF8,0x30,0x18,0x3F,0xF8,0x30,0x18,0x00,0x00}},
    {0x5180, {0x04,0x80,0x7C,0xF8,0x04,0xC4,0x7C,0xFC,0x00,0x00,0x3F,0xF8,0x33,0x98,0x3F,0xF8,0x3F,0xF8,0x0C,0x60,0x3F,0xF8,0x4C,0x64,0x7F,0xFC,0x3C,0x38,0x60,0x04,0x00,0x00}},
    {0x5185, {0x01,0x00,0x01,0x00,0x01,0x00,0x3F,0xF8,0x61,0x0C,0x61,0x0C,0x63,0x8C,0x63,0xCC,0x66,0x6C,0x6C,0x2C,0x78,0x3C,0x60,0x0C,0x60,0x0C,0x60,0x38,0x00,0x00,0x00,0x00}},
    {0x5188, {0x3F,0xFE,0x60,0x06,0x60,0x26,0x6C,0x26,0x6C,0x66,0x66,0x46,0x63,0xC6,0x61,0x86,0x61,0xC6,0x63,0x66,0x66,0x36,0x6C,0x16,0x60,0x06,0x60,0x3C,0x20,0x18,0x00,0x00}},
    {0x5189, {0x01,0x80,0x01,0x80,0x1F,0xF8,0x19,0x88,0x11,0x88,0x1F,0xF8,0x1F,0xF8,0x11,0x88,0x1F,0xFC,0x3F,0xFC,0x10,0x08,0x10,0x08,0x10,0x08,0x10,0x38,0x00,0x00,0x00,0x00}},
    {0x518C, {0x00,0x00,0x1C,0x70,0x3E,0xF8,0x26,0x88,0x36,0x98,0x36,0x88,0x7F,0xFC,0x7F,0xFC,0x26,0x88,0x26,0x98,0x26,0x98,0x67,0x98,0x67,0x88,0x4F,0x18,0x08,0x38,0x00,0x00}},
    {0x518D, {0x3F,0xF8,0x7F,0xFC,0x01,0x00,0x3F,0xF8,0x31,0x18,0x31,0x18,0x3F,0xF8,0x31,0x18,0x31,0x18,0x7F,0xFC,0x30,0x18,0x30,0x18,0x30,0x18,0x30,0x78,0x00,0x00,0x00,0x00}},
    {0x5192, {0x3F,0xFC,0x20,0x0C,0x27,0xEC,0x27,0xEC,0x2F,0xFC,0x20,0x04,0x1F,0xF8,0x18,0x18,0x18,0x18,0x1F,0xF8,0x1A,0x58,0x1F,0xF8,0x10,0x08,0x1F,0xF8,0x18,0x18,0x00,0x00}},
    {0x5199, {0x7F,0xFE,0x64,0x06,0x6C,0x06,0x0F,0xF0,0x0F,0xF8,0x08,0x00,0x08,0x00,0x0F,0xF8,0x00,0x18,0x00,0x08,0x3F,0xD8,0x00,0x18,0x00,0x18,0x00,0xF0,0x00,0x40,0x00,0x00}},
    {0x519B, {0x7F,0xFE,0x62,0x06,0x66,0x06,0x1F,0xF8,0x1F,0xF8,0x0C,0x00,0x08,0x80,0x18,0xC0,0x1F,0xFC,0x00,0x80,0x3F,0xFC,0x7F,0xFE,0x00,0x80,0x00,0x80,0x00,0x80,0x00,0x00}},
    {0x519C, {0x01,0x80,0x01,0x80,0x3F,0xF8,0x7F,0xFC,0x63,0x0C,0x47,0x04,0x0D,0x88,0x18,0x98,0x38,0xE0,0x78,0x40,0x08,0x60,0x08,0x30,0x0B,0x98,0x1F,0x0C,0x18,0x00,0x00,0x00}},
    {0x51A0, {0x00,0x00,0x7F,0xFC,0x60,0x0C,0x40,0x0C,0x3E,0x18,0x00,0x18,0x00,0xFC,0x7E,0x18,0x7E,0xD8,0x34,0x58,0x34,0x18,0x24,0x38,0x64,0x36,0x47,0xFC,0x01,0xF8,0x00,0x00}},
    {0x51A2, {0x7F,0xFE,0x60,0x06,0x6C,0xF6,0x1F,0xF8,0x07,0x00,0x1F,0x0C,0x71,0x98,0x13,0xF0,0x1C,0xE0,0x3D,0xD0,0x27,0xD8,0x0E,0xC8,0x38,0xCE,0x70,0xC6,0x03,0x80,0x00,0x00}},
    {0x51AC, {0x06,0x00,0x07,0xC0,0x0F,0xF0,0x1C,0x60,0x36,0xC0,0x63,0x80,0x07,0xC0,0x1C,0xF0,0x78,0x3C,0x07,0x80,0x01,0xE0,0x08,0x00,0x0F,0x00,0x03,0xE0,0x00,0x60,0x00,0x00}},
    {0x51AF, {0x43,0xF8,0x67,0xF8,0x20,0x08,0x32,0x08,0x12,0x08,0x02,0x18,0x02,0x18,0x03,0xFE,0x30,0x06,0x30,0x06,0x27,0xF4,0x60,0x04,0x40,0x0C,0x00,0x78,0x00,0x00,0x00,0x00}},
    {0x51B0, {0x00,0x40,0x40,0xC0,0x60,0xC0,0x30,0xC4,0x0F,0xCC,0x03,0xF8,0x03,0xF0,0x13,0xE0,0x32,0xF0,0x26,0xD8,0x64,0xC8,0x4C,0xCC,0x48,0xC4,0x01,0xC0,0x01,0x80,0x00,0x00}},
    {0x51B2, {0x00,0x20,0x20,0x20,0x30,0x20,0x1B,0xFE,0x03,0xFE,0x02,0x22,0x02,0x26,0x02,0x22,0x0B,0xFE,0x1B,0xFE,0x12,0x20,0x30,0x20,0x20,0x20,0x00,0x20,0x00,0x20,0x00,0x00}},
    {0x51B3, {0x00,0xC0,0x40,0xC0,0x23,0xF8,0x37,0xF8,0x00,0xC8,0x00,0xC8,0x00,0xC8,0x07,0xFC,0x17,0xFC,0x30,0xE0,0x21,0xA0,0x61,0x30,0x43,0x18,0x4E,0x0C,0x08,0x04,0x00,0x00}},
    {0x51B6, {0x00,0x80,0x41,0x80,0x61,0xA0,0x33,0x30,0x02,0x18,0x07,0xFC,0x07,0xFC,0x00,0x00,0x13,0xF8,0x37,0xF8,0x36,0x08,0x66,0x08,0x66,0x08,0x47,0xF8,0x06,0x08,0x00,0x00}},
    {0x51B7, {0x00,0x40,0x40,0xC0,0x61,0xE0,0x33,0x30,0x26,0x18,0x0C,0xCC,0x08,0x44,0x03,0xF8,0x37,0xF8,0x30,0x10,0x20,0x30,0x61,0xE0,0x40,0xC0,0x40,0x60,0x00,0x20,0x00,0x00}},
    {0x51BB, {0x01,0x80,0x41,0x80,0x6F,0xFC,0x27,0xBC,0x33,0x00,0x02,0x40,0x06,0x40,0x07,0xFC,0x11,0xE0,0x30,0x40,0x22,0x58,0x66,0x4C,0x4C,0x44,0x49,0xC0,0x00,0x80,0x00,0x00}},
    {0x51C0, {0x01,0x00,0x43,0xC0,0x63,0xF0,0x36,0x60,0x1F,0xF8,0x08,0xC8,0x00,0xC8,0x0F,0xFC,0x02,0xDC,0x30,0xC8,0x37,0xF8,0x20,0xC8,0x60,0xC0,0x40,0xC0,0x03,0x80,0x00,0x00}},
    {0x51C6, {0x00,0x00,0x43,0x60,0x62,0x20,0x27,0xFC,0x36,0x60,0x0E,0x20,0x1F,0xF8,0x07,0xFC,0x16,0x20,0x37,0xFC,0x26,0x60,0x66,0x20,0x67,0xFC,0x47,0xFC,0x06,0x00,0x00,0x00}},
    {0x51C9, {0x00,0x40,0x20,0x60,0x37,0xFE,0x10,0x00,0x1B,0xFC,0x03,0x0C,0x03,0x0C,0x03,0x0C,0x03,0xFC,0x18,0x60,0x11,0x68,0x33,0x6C,0x36,0x66,0x24,0x66,0x00,0xE0,0x00,0x00}},
    {0x51CA, {0x00,0x40,0x47,0xFC,0x67,0xFC,0x27,0xF8,0x30,0xC0,0x0F,0xFC,0x00,0x00,0x03,0xF8,0x16,0x98,0x37,0xF8,0x26,0x08,0x67,0xF8,0x67,0xF8,0x46,0x18,0x00,0x00,0x00,0x00}},
    {0x51CC, {0x00,0x40,0x43,0xF0,0x67,0xF8,0x20,0x40,0x3F,0xFC,0x01,0x30,0x03,0x38,0x04,0x8C,0x31,0xF8,0x33,0x18,0x2F,0x30,0x60,0xE0,0x41,0xE0,0x4F,0x3C,0x0C,0x0C,0x00,0x00}},
    {0x51CF, {0x00,0x20,0x40,0x2C,0x60,0x24,0x2F,0xFC,0x2C,0x30,0x0F,0xE0,0x0C,0x24,0x0F,0xFC,0x2F,0xF8,0x2E,0x58,0x2B,0xD0,0x6B,0xF0,0x48,0x7E,0x58,0xCC,0x10,0x04,0x00,0x00}},
    {0x51D1, {0x00,0x80,0x47,0xF8,0x67,0xFC,0x20,0x80,0x37,0xF8,0x01,0x80,0x0F,0xFC,0x02,0x10,0x0F,0xFC,0x3C,0xC4,0x20,0xC0,0x67,0xF8,0x61,0x60,0x47,0x38,0x0C,0x08,0x00,0x00}},
    {0x51DD, {0x08,0x00,0x4F,0x7C,0x6E,0x08,0x38,0xB8,0x0F,0x98,0x04,0x18,0x0F,0xFC,0x0F,0x14,0x32,0x50,0x3F,0xDC,0x66,0x50,0x47,0x70,0x45,0xF0,0x0C,0x9C,0x00,0x04,0x00,0x00}},
    {0x51E0, {0x00,0x00,0x0F,0xE0,0x0F,0xE0,0x08,0x20,0x08,0x20,0x08,0x20,0x08,0x20,0x08,0x20,0x18,0x20,0x18,0x20,0x18,0x20,0x10,0x26,0x30,0x26,0x60,0x3C,0x40,0x18,0x00,0x00}},
    {0x51E1, {0x00,0x00,0x0F,0xE0,0x1F,0xE0,0x18,0x20,0x18,0x20,0x18,0x20,0x1E,0x20,0x1B,0x20,0x19,0xA0,0x10,0x20,0x10,0x20,0x30,0x26,0x20,0x26,0x60,0x3C,0x40,0x18,0x00,0x00}},
    {0x51E4, {0x00,0x00,0x3F,0xF8,0x30,0x18,0x30,0x18,0x3F,0xD8,0x33,0xD8,0x20,0x58,0x24,0xD8,0x27,0x98,0x21,0x88,0x23,0x88,0x66,0x48,0x6C,0x6E,0x48,0x0C,0x40,0x04,0x00,0x00}},
    {0x51EF, {0x08,0x00,0x08,0xF8,0x6B,0xD8,0x6B,0xD8,0x7E,0xD8,0x00,0xD8,0x3E,0xD8,0x3E,0xD8,0x02,0xD8,0x3E,0xD8,0x60,0x98,0x60,0x98,0x7F,0x9E,0x71,0x1C,0x00,0x00,0x00,0x00}},
    {0x51F0, {0x00,0x00,0x3F,0xF8,0x31,0x18,0x27,0xC8,0x2C,0x68,0x2F,0xE8,0x28,0x28,0x2F,0xE8,0x27,0xC8,0x3F,0xF8,0x23,0x88,0x6F,0xEC,0x61,0x0E,0x5F,0xFC,0x40,0x04,0x00,0x00}},
    {0x51F1, {0x00,0x00,0x5A,0xF8,0x5A,0xD8,0x7E,0xD8,0x00,0xD8,0x7F,0xD8,0x3C,0xD8,0x7E,0xD8,0x62,0x98,0x7E,0x98,0x24,0x98,0x25,0x9A,0x3F,0x1A,0x7F,0x0E,0x00,0x00,0x00,0x00}},
    {0x51F3, {0x00,0x90,0x3E,0xF0,0x24,0x68,0x3F,0xF8,0x30,0x1C,0x5F,0xF4,0x18,0x30,0x0F,0xE0,0x0C,0x60,0x7F,0xFC,0x00,0x00,0x0F,0xE0,0x18,0x24,0x70,0x3C,0x40,0x00,0x00,0x00}},
    {0x51F8, {0x03,0xC0,0x07,0xE0,0x04,0x20,0x04,0x20,0x04,0x20,0x3C,0x3C,0x38,0x1E,0x20,0x06,0x20,0x06,0x20,0x06,0x20,0x06,0x20,0x06,0x3F,0xFC,0x20,0x06,0x20,0x00,0x00,0x00}},
    {0x51FA, {0x01,0x00,0x01,0x00,0x31,0x18,0x31,0x18,0x31,0x18,0x31,0x18,0x3F,0xF8,0x01,0x00,0x21,0x08,0x21,0x08,0x21,0x08,0x21,0x08,0x3F,0xF8,0x3F,0xF8,0x00,0x08,0x00,0x00}},
    {0x51FB, {0x01,0x00,0x01,0x00,0x3F,0xF8,0x3F,0xF8,0x01,0x00,0x01,0x00,0x7F,0xFC,0x7F,0xFC,0x01,0x00,0x31,0x18,0x31,0x18,0x31,0x18,0x3F,0xF8,0x1F,0xF8,0x00,0x08,0x00,0x00}},
    {0x51FD, {0x00,0x00,0x1F,0xF0,0x00,0x60,0x01,0x80,0x61,0x3C,0x69,0x2C,0x6D,0xEC,0x63,0xCC,0x6F,0xEC,0x79,0x2C,0x63,0x1C,0x67,0x0C,0x60,0x0C,0x7F,0xFC,0x00,0x0C,0x00,0x00}},
    {0x5200, {0x00,0x00,0x3F,0xFC,0x7F,0xFE,0x03,0x06,0x03,0x04,0x02,0x04,0x02,0x04,0x06,0x04,0x06,0x04,0x04,0x04,0x0C,0x0C,0x18,0x0C,0x38,0x0C,0x70,0x78,0x40,0x70,0x00,0x00}},
    {0x5201, {0x3F,0xFE,0x00,0x06,0x00,0x06,0x00,0x06,0x00,0x66,0x00,0xE6,0x01,0x86,0x07,0x06,0x0E,0x06,0x38,0x06,0x30,0x06,0x00,0x04,0x00,0x0C,0x00,0x7C,0x00,0x70,0x00,0x00}},
    {0x5203, {0x3F,0xFE,0x01,0x86,0x01,0x86,0x11,0x86,0x11,0x86,0x11,0x06,0x33,0x06,0x63,0x06,0x63,0x06,0x06,0x06,0x06,0x04,0x0C,0x04,0x38,0x0C,0x70,0x7C,0x00,0x30,0x00,0x00}},
    {0x5206, {0x00,0x00,0x0C,0x60,0x08,0x20,0x18,0x30,0x10,0x18,0x30,0x0C,0x7F,0xFC,0x1F,0xF0,0x06,0x10,0x06,0x10,0x04,0x10,0x0C,0x10,0x18,0x30,0x71,0xF0,0x60,0xC0,0x00,0x00}},
    {0x5207, {0x30,0x00,0x31,0xFE,0x30,0x66,0x36,0x66,0x7E,0x66,0x70,0x46,0x30,0x46,0x30,0x46,0x30,0xC6,0x36,0xC6,0x3C,0x86,0x31,0x86,0x03,0x04,0x06,0x3C,0x00,0x18,0x00,0x00}},
    {0x5208, {0x00,0x04,0x01,0x86,0x21,0x86,0x31,0x26,0x1B,0x26,0x0B,0x26,0x0E,0x26,0x06,0x26,0x06,0x26,0x0F,0x26,0x19,0x86,0x11,0x86,0x30,0x06,0x20,0x1C,0x00,0x18,0x00,0x00}},
    {0x520A, {0x00,0x00,0x3F,0x86,0x3F,0x26,0x04,0x26,0x04,0x26,0x04,0x26,0x3F,0xA6,0x3F,0xA6,0x04,0x26,0x04,0x26,0x04,0x26,0x04,0x06,0x04,0x06,0x04,0x1E,0x04,0x18,0x00,0x00}},
    {0x5211, {0x00,0x00,0x3F,0x86,0x3F,0x96,0x19,0x36,0x19,0x36,0x19,0x36,0x3F,0xF6,0x3F,0xB6,0x19,0x36,0x19,0x36,0x11,0x36,0x11,0x06,0x31,0x06,0x21,0x06,0x21,0x1C,0x00,0x00}},
    {0x5212, {0x08,0x00,0x1A,0x06,0x09,0x36,0x08,0x36,0x1F,0xF6,0x7F,0xB6,0x08,0xB6,0x0D,0xB6,0x0D,0x36,0x06,0x36,0x06,0x36,0x0E,0x46,0x1E,0xC6,0x33,0x86,0x20,0x1C,0x00,0x00}},
    {0x5217, {0x00,0x04,0x7F,0x8C,0x18,0x2C,0x10,0x6C,0x18,0x6C,0x3F,0x6C,0x21,0x6C,0x63,0x6C,0x7A,0x6C,0x0E,0x6C,0x04,0x6C,0x0C,0x0C,0x18,0x0C,0x30,0x1C,0x00,0x10,0x00,0x00}},
    {0x5218, {0x04,0x00,0x04,0x06,0x06,0x26,0x3F,0xB6,0x03,0x36,0x01,0x36,0x13,0x36,0x1A,0x36,0x0E,0x36,0x06,0x36,0x07,0x36,0x0D,0x06,0x19,0x86,0x30,0x06,0x20,0x1C,0x00,0x00}},
    {0x5219, {0x00,0x06,0x3F,0x96,0x30,0xB6,0x34,0xB6,0x34,0xB6,0x34,0xB6,0x34,0xB6,0x34,0xB6,0x34,0xB6,0x34,0xB6,0x04,0x36,0x0E,0x06,0x19,0x86,0x30,0x9C,0x20,0x18,0x00,0x00}},
    {0x521A, {0x00,0x04,0x7F,0x8C,0x61,0xAC,0x63,0xAC,0x72,0xAC,0x6C,0xAC,0x6C,0xAC,0x6C,0xAC,0x6C,0xAC,0x6E,0xAC,0x7B,0xAC,0x71,0x8C,0x60,0x8C,0x63,0x9C,0x00,0x10,0x00,0x00}},
    {0x521B, {0x04,0x00,0x06,0x06,0x0F,0x36,0x19,0xB6,0x10,0xB6,0x30,0xF6,0x3F,0xB6,0x11,0xB6,0x11,0xB6,0x11,0x36,0x17,0x16,0x10,0x86,0x10,0xC6,0x1F,0x9E,0x00,0x18,0x00,0x00}},
    {0x521D, {0x00,0x00,0x08,0x08,0x09,0xFE,0x3E,0x66,0x06,0x66,0x04,0x66,0x0E,0x66,0x1E,0x46,0x3E,0x46,0x2A,0x46,0x08,0xC6,0x08,0x84,0x09,0x84,0x0B,0x3C,0x08,0x10,0x00,0x00}},
    {0x5229, {0x01,0x00,0x3F,0x06,0x3C,0x26,0x04,0x26,0x04,0x26,0x3F,0xA6,0x0C,0x26,0x0C,0x26,0x1E,0x26,0x1D,0x26,0x35,0x26,0x64,0x06,0x04,0x06,0x04,0x06,0x04,0x1C,0x00,0x00}},
    {0x522B, {0x00,0x00,0x3F,0x06,0x31,0x36,0x31,0x36,0x31,0xB6,0x3F,0x36,0x0C,0x36,0x0C,0x36,0x3F,0xB6,0x0D,0xB6,0x09,0xB6,0x09,0x86,0x19,0x06,0x37,0x06,0x22,0x1C,0x00,0x00}},
    {0x5230, {0x00,0x00,0x7F,0x0C,0x7F,0xEC,0x12,0x6C,0x33,0x6C,0x3F,0x6C,0x28,0x6C,0x0C,0x6C,0x3F,0x6C,0x2F,0x6C,0x0C,0x6C,0x0D,0x0C,0x3F,0x0C,0x70,0x3C,0x00,0x10,0x00,0x00}},
    {0x5236, {0x04,0x02,0x14,0x06,0x3F,0x92,0x3F,0x96,0x26,0x16,0x3F,0xD6,0x06,0x16,0x06,0x16,0x3F,0x96,0x36,0xD6,0x36,0xD6,0x36,0xC6,0x37,0xC2,0x07,0x8E,0x04,0x0C,0x00,0x00}},
    {0x5237, {0x00,0x02,0x3F,0xC6,0x30,0xF6,0x30,0xF6,0x3F,0xF6,0x32,0x36,0x37,0x36,0x3F,0xF6,0x3A,0xF6,0x3A,0xF6,0x3A,0xC6,0x3A,0xC6,0x23,0x86,0x62,0x1E,0x00,0x0C,0x00,0x00}},
    {0x5238, {0x01,0x00,0x19,0x30,0x09,0x20,0x3F,0xF8,0x06,0x00,0x46,0x94,0x7F,0xFC,0x18,0x20,0x38,0x38,0x7F,0xFC,0x06,0x30,0x04,0x30,0x0C,0x20,0x39,0xE0,0x20,0xC0,0x00,0x00}},
    {0x523A, {0x00,0x00,0x04,0x06,0x3F,0xA6,0x06,0x36,0x04,0x36,0x3F,0xB6,0x24,0xB6,0x24,0xB6,0x25,0xB6,0x0E,0x36,0x0F,0x36,0x15,0x86,0x34,0x86,0x24,0x06,0x04,0x1C,0x00,0x00}},
    {0x523B, {0x04,0x02,0x06,0x06,0x3F,0xD6,0x2C,0x16,0x08,0x16,0x19,0x96,0x3F,0x16,0x06,0x16,0x0C,0x96,0x19,0x96,0x33,0x16,0x07,0x06,0x0D,0x86,0x38,0xC6,0x30,0x1E,0x00,0x00}},
    {0x5242, {0x04,0x00,0x06,0x06,0x3F,0xD6,0x39,0xD6,0x19,0x16,0x0F,0x16,0x0F,0x96,0x38,0xD6,0x19,0x96,0x09,0x96,0x19,0x86,0x19,0x86,0x11,0x86,0x31,0x9E,0x00,0x08,0x00,0x00}},
    {0x524D, {0x18,0x30,0x08,0x20,0x7F,0xFC,0x7F,0xFC,0x00,0x00,0x3E,0x48,0x22,0x48,0x3E,0x48,0x3E,0x48,0x22,0x48,0x3E,0x48,0x22,0x48,0x22,0x08,0x22,0x38,0x2E,0x30,0x00,0x00}},
    {0x5251, {0x06,0x00,0x06,0x06,0x0F,0x16,0x19,0x96,0x30,0xD6,0x7F,0x96,0x00,0x16,0x04,0x96,0x34,0x96,0x16,0x96,0x13,0x96,0x11,0x06,0x03,0xC6,0x3F,0x06,0x00,0x1C,0x00,0x00}},
    {0x5256, {0x04,0x00,0x04,0x06,0x3F,0x96,0x19,0x96,0x19,0x16,0x09,0x16,0x3F,0xF6,0x3F,0xD6,0x00,0x16,0x1F,0x96,0x10,0x96,0x10,0x86,0x10,0x86,0x1F,0x9C,0x10,0x88,0x00,0x00}},
    {0x5267, {0x00,0x00,0x1F,0xC6,0x30,0xD6,0x30,0xD6,0x1F,0xD6,0x32,0x16,0x37,0xD6,0x3F,0xD6,0x32,0x16,0x33,0x16,0x3F,0xD6,0x38,0xC6,0x68,0xC6,0x2F,0xC6,0x08,0xCC,0x00,0x00}},
    {0x526A, {0x04,0x20,0x3F,0xFC,0x3F,0xFC,0x1F,0x08,0x1B,0x48,0x1F,0x48,0x1F,0x48,0x13,0x18,0x12,0x10,0x3F,0xF8,0x03,0x18,0x02,0x08,0x0C,0x18,0x38,0x78,0x00,0x00,0x00,0x00}},
    {0x526F, {0x00,0x00,0x7F,0x8C,0x00,0x2C,0x3F,0x2C,0x21,0x2C,0x21,0x2C,0x3F,0x2C,0x00,0x2C,0x7F,0xAC,0x6D,0xAC,0x6D,0xAC,0x7F,0x8C,0x64,0x8C,0x7F,0x8C,0x60,0x38,0x00,0x00}},
    {0x529B, {0x02,0x00,0x03,0x00,0x03,0x00,0x03,0x00,0x7F,0xFC,0x02,0x0C,0x02,0x08,0x02,0x08,0x06,0x08,0x04,0x08,0x0C,0x08,0x18,0x08,0x38,0x18,0x70,0xF0,0x00,0x60,0x00,0x00}},
    {0x529E, {0x02,0x00,0x02,0x00,0x02,0x00,0x7F,0xE0,0x06,0x20,0x02,0x30,0x36,0x38,0x26,0x2C,0x64,0x2C,0x4C,0x24,0x0C,0x24,0x18,0x60,0x30,0x60,0x63,0xC0,0x41,0x80,0x00,0x00}},
    {0x529F, {0x00,0x20,0x00,0x20,0x3E,0x20,0x3C,0x60,0x09,0xFE,0x08,0x62,0x08,0x62,0x08,0x62,0x08,0x66,0x0F,0x46,0x3E,0xC6,0x20,0x86,0x01,0x86,0x03,0x3C,0x02,0x18,0x00,0x00}},
    {0x52A0, {0x08,0x00,0x08,0x00,0x08,0x7C,0x3F,0x76,0x3F,0x66,0x09,0x66,0x09,0x66,0x19,0x66,0x19,0x66,0x19,0x66,0x11,0x66,0x11,0x66,0x31,0x7E,0x27,0x7E,0x06,0x00,0x00,0x00}},
    {0x52A1, {0x06,0x00,0x07,0xE0,0x1F,0xF8,0x3C,0x30,0x66,0x60,0x03,0xC0,0x3F,0xFC,0x70,0x1C,0x03,0x00,0x3F,0xF8,0x02,0x08,0x06,0x18,0x1C,0x18,0x70,0xF0,0x00,0x00,0x00,0x00}},
    {0x52A8, {0x00,0x10,0x1F,0x30,0x1F,0x10,0x00,0x7E,0x00,0x7E,0x3F,0x32,0x18,0x32,0x18,0x32,0x1B,0x22,0x11,0x26,0x37,0x66,0x3F,0xE6,0x20,0xC6,0x00,0xDC,0x00,0x18,0x00,0x00}},
    {0x52A9, {0x00,0x30,0x3F,0x30,0x33,0x30,0x33,0x30,0x3F,0xFE,0x33,0x36,0x33,0x26,0x3F,0x26,0x3F,0x26,0x33,0x66,0x33,0x46,0x3F,0xC6,0x30,0x86,0x01,0x9C,0x00,0x18,0x00,0x00}},
    {0x52AA, {0x08,0x00,0x08,0x7C,0x3F,0xFC,0x1B,0x48,0x12,0x78,0x0E,0x30,0x1F,0xFC,0x31,0x84,0x05,0xA0,0x1F,0xFC,0x03,0x08,0x02,0x08,0x0E,0x08,0x38,0x78,0x00,0x00,0x00,0x00}},
    {0x52B1, {0x00,0x00,0x1F,0xA0,0x3F,0x20,0x30,0x30,0x3F,0xFC,0x24,0x24,0x27,0x24,0x25,0x24,0x2D,0x24,0x2D,0x24,0x29,0x6C,0x29,0x4C,0x3B,0xCC,0x72,0x98,0x00,0x00,0x00,0x00}},
    {0x52B2, {0x00,0x10,0x3F,0x10,0x3F,0x10,0x02,0x30,0x0E,0x7E,0x1F,0x36,0x31,0xB6,0x20,0x36,0x3F,0x36,0x0C,0x26,0x0C,0x26,0x0D,0x66,0x1F,0x46,0x38,0xCC,0x00,0x88,0x00,0x00}},
    {0x52B3, {0x04,0x30,0x1F,0xFC,0x3F,0xFE,0x06,0x30,0x00,0x00,0x3F,0xFE,0x30,0x06,0x21,0x00,0x1F,0xF8,0x1F,0xFC,0x03,0x0C,0x02,0x0C,0x0E,0x08,0x38,0x78,0x20,0x30,0x00,0x00}},
    {0x52BF, {0x10,0x40,0x39,0xE0,0x7F,0xF8,0x10,0xD8,0x3F,0x98,0x78,0xD8,0x11,0xEC,0x33,0x2C,0x02,0x00,0x7F,0xF8,0x06,0x18,0x06,0x18,0x1C,0x18,0x70,0xF0,0x40,0x60,0x00,0x00}},
    {0x52C3, {0x04,0x10,0x1F,0x10,0x3F,0x90,0x04,0x10,0x3F,0xFE,0x20,0x96,0x3D,0x96,0x1F,0x36,0x06,0x36,0x0F,0xB6,0x3F,0x26,0x04,0x66,0x04,0x46,0x1C,0xDC,0x08,0x18,0x00,0x00}},
    {0x52C7, {0x00,0x00,0x1F,0xF8,0x03,0x60,0x03,0xE0,0x1F,0xFC,0x1F,0xFC,0x1F,0xFC,0x1F,0xFC,0x10,0x8C,0x01,0x80,0x1F,0xFC,0x03,0x0C,0x06,0x0C,0x3C,0x38,0x00,0x00,0x00,0x00}},
    {0x52C9, {0x10,0x20,0x18,0x20,0x3E,0x20,0x64,0xFC,0x7F,0xFC,0x69,0x24,0x69,0x64,0x69,0x64,0x7F,0x44,0x1E,0x4C,0x1C,0xCC,0x15,0x9C,0x34,0x06,0x67,0xFC,0x40,0x90,0x00,0x00}},
    {0x52CB, {0x00,0x10,0x1F,0x10,0x11,0x10,0x1F,0x10,0x00,0x7E,0x00,0x16,0x3F,0x96,0x25,0xB6,0x35,0xB6,0x25,0xB6,0x35,0xA6,0x2C,0xA6,0x1A,0x66,0x33,0xDC,0x20,0x08,0x00,0x00}},
    {0x52D2, {0x11,0x10,0x3F,0x30,0x3F,0x90,0x13,0x30,0x1F,0x7E,0x0C,0x36,0x3F,0xB6,0x25,0xB6,0x3F,0xA6,0x0C,0x26,0x04,0x66,0x3F,0xE6,0x04,0xC6,0x04,0x9C,0x04,0x18,0x00,0x00}},
    {0x52D8, {0x11,0x10,0x3F,0x90,0x3F,0x90,0x11,0x10,0x1F,0x7E,0x19,0x16,0x1F,0x16,0x11,0x36,0x3F,0xB6,0x37,0x36,0x35,0x26,0x39,0x26,0x3F,0xE6,0x1F,0xDC,0x00,0x08,0x00,0x00}},
    {0x52E4, {0x22,0x20,0x7F,0x20,0x7F,0x20,0x3E,0x20,0x18,0xFC,0x7F,0x24,0x49,0x24,0x7F,0x24,0x1C,0x64,0x7F,0x64,0x18,0x44,0x7E,0x44,0x1F,0xCC,0x7F,0x9C,0x00,0x10,0x00,0x00}},
    {0x52FA, {0x04,0x00,0x04,0x00,0x0F,0xFC,0x0F,0xFE,0x18,0x06,0x10,0x06,0x36,0x06,0x23,0x06,0x01,0x06,0x01,0x84,0x00,0x84,0x00,0x04,0x00,0x0C,0x00,0x7C,0x00,0x30,0x00,0x00}},
    {0x52FF, {0x04,0x00,0x0C,0x00,0x0F,0xFC,0x0F,0xFE,0x19,0x36,0x33,0x26,0x22,0x26,0x26,0x66,0x04,0x46,0x0C,0x46,0x18,0xC4,0x11,0x84,0x31,0x84,0x03,0x3C,0x00,0x30,0x00,0x00}},
    {0x5305, {0x0C,0x00,0x08,0x00,0x1F,0xF8,0x3F,0xF8,0x60,0x08,0x7F,0x88,0x10,0x88,0x10,0x88,0x10,0x88,0x1F,0x98,0x10,0x38,0x10,0x30,0x10,0x04,0x1F,0xFC,0x07,0xF0,0x00,0x00}},
    {0x5316, {0x0C,0x80,0x0C,0x80,0x18,0x80,0x18,0x8C,0x30,0x98,0x70,0xB0,0x70,0xF0,0x10,0xC0,0x11,0x80,0x17,0x80,0x14,0x84,0x10,0x86,0x10,0x84,0x10,0xFC,0x10,0x78,0x00,0x00}},
    {0x5317, {0x04,0x00,0x04,0xC0,0x04,0xC0,0x04,0xCC,0x7C,0xDC,0x0C,0xF0,0x04,0xE0,0x04,0xC0,0x04,0xC0,0x04,0xC0,0x1C,0xC6,0x7C,0xC6,0x44,0xC6,0x04,0xFC,0x04,0x38,0x00,0x00}},
    {0x5319, {0x00,0x40,0x7F,0x40,0x7F,0x40,0x7F,0x4C,0x63,0x58,0x3F,0x60,0x00,0x40,0x7F,0x40,0x08,0x40,0x2C,0x44,0x6F,0x44,0x68,0x7C,0x7C,0x38,0xCF,0xFC,0x00,0xFC,0x00,0x00}},
    {0x531D, {0x7F,0xFC,0xC0,0x00,0xC1,0x80,0xC1,0x80,0xCF,0xF0,0xD9,0x98,0xD9,0x98,0xD9,0x98,0xD9,0x98,0xD9,0x98,0xD9,0xB0,0xC1,0x80,0xC0,0x00,0x7F,0xFC,0x7F,0xFC,0x00,0x00}},
    {0x5320, {0xFF,0xFE,0xC0,0x00,0xC0,0x00,0xC7,0xF8,0xCF,0xE0,0xCC,0x00,0xCF,0xFC,0xCF,0xFC,0xCC,0x20,0xC8,0x20,0xC8,0x20,0xD8,0x20,0xD0,0x20,0xD0,0x20,0xFF,0xFE,0x00,0x00}},
    {0x5321, {0x00,0x00,0xFF,0xFC,0xC0,0x00,0xC0,0x00,0xDF,0xF8,0xCF,0xF0,0xC1,0x80,0xCF,0xF0,0xC1,0x80,0xC1,0x80,0xC1,0x80,0xDF,0xF8,0xCE,0x78,0xC0,0x00,0xFF,0xFC,0x00,0x00}},
    {0x5323, {0x7F,0xFC,0xC0,0x00,0xC6,0x60,0xDF,0xF8,0xD9,0x98,0xDF,0xF8,0xD9,0x98,0xD9,0x98,0xDF,0xF8,0xD1,0x88,0xC1,0x80,0xC1,0x80,0xC0,0x00,0xFF,0xFC,0x7F,0xFC,0x00,0x00}},
    {0x532F, {0xFF,0xFC,0xD1,0x00,0xD9,0x20,0xCB,0xFC,0xC3,0xF8,0xF7,0x20,0xDF,0xF8,0xC3,0x60,0xCB,0xF8,0xDB,0x20,0xD3,0xF8,0xD3,0xFC,0xC0,0x00,0xFF,0xFC,0x00,0x00,0x00,0x00}},
    {0x5339, {0x39,0x9C,0x7F,0xFE,0x46,0x60,0x46,0x60,0x46,0x60,0x46,0x60,0x44,0x60,0x44,0x60,0x4C,0x66,0x4C,0x66,0x58,0x7C,0x50,0x00,0x40,0x00,0x7F,0xFE,0x3F,0xFC,0x00,0x00}},
    {0x533A, {0x00,0x00,0x7F,0xFC,0xC0,0x00,0xC0,0x30,0xD8,0x20,0xCC,0x60,0xC7,0xC0,0xC3,0x80,0xC3,0xC0,0xC6,0xC0,0xCC,0x60,0xD8,0x30,0xD0,0x00,0xC0,0x00,0x7F,0xFC,0x00,0x00}},
    {0x533B, {0x00,0x00,0xFF,0xFC,0xC4,0x00,0xC4,0x00,0xCF,0xF8,0xDF,0xF8,0xD1,0x80,0xC1,0x80,0xDF,0xFC,0xC1,0x80,0xC3,0xE0,0xC6,0x30,0xDC,0x18,0xD8,0x18,0xFF,0xFC,0x00,0x00}},
    {0x5341, {0x01,0x00,0x01,0x00,0x01,0x00,0x01,0x00,0x01,0x00,0x01,0x00,0x7F,0xFC,0x7F,0xFC,0x01,0x00,0x01,0x00,0x01,0x00,0x01,0x00,0x01,0x00,0x01,0x00,0x01,0x00,0x00,0x00}},
    {0x5343, {0x00,0x10,0x03,0xF0,0x3F,0x80,0x01,0x00,0x01,0x00,0x01,0x00,0x7F,0xFC,0x7F,0xFC,0x01,0x00,0x01,0x00,0x01,0x00,0x01,0x00,0x01,0x00,0x01,0x00,0x01,0x00,0x00,0x00}},
    {0x5345, {0x00,0x00,0x11,0x18,0x11,0x18,0x11,0x18,0x11,0x18,0x11,0x98,0x7F,0xFC,0x11,0x18,0x11,0x18,0x31,0x18,0x31,0x18,0x31,0x18,0x61,0x18,0x61,0x18,0x40,0x10,0x00,0x00}},
    {0x5347, {0x00,0x20,0x07,0x20,0x3C,0x20,0x68,0x20,0x08,0x20,0x08,0x20,0x7F,0xF0,0x7F,0xFC,0x08,0x20,0x08,0x20,0x18,0x20,0x18,0x20,0x30,0x20,0x60,0x20,0x40,0x20,0x00,0x00}},
    {0x5348, {0x08,0x00,0x18,0x00,0x1F,0xF8,0x3F,0xF8,0x21,0x00,0x61,0x00,0x01,0x00,0x7F,0xFC,0x7F,0xFC,0x01,0x00,0x01,0x00,0x01,0x00,0x01,0x00,0x01,0x00,0x01,0x00,0x00,0x00}},
    {0x5349, {0x01,0x00,0x01,0x00,0x3F,0xF8,0x3F,0xF8,0x01,0x00,0x09,0x20,0x08,0x20,0x7F,0xFC,0x7F,0xFC,0x18,0x20,0x18,0x20,0x10,0x20,0x30,0x20,0x60,0x20,0x40,0x20,0x00,0x00}},
    {0x534A, {0x01,0x00,0x31,0x18,0x11,0x10,0x19,0x30,0x09,0x20,0x3F,0xF8,0x3F,0xF8,0x01,0x00,0x01,0x00,0x7F,0xFC,0x03,0x80,0x01,0x00,0x01,0x00,0x01,0x00,0x01,0x00,0x00,0x00}},
    {0x534E, {0x0C,0x80,0x08,0x88,0x18,0xB8,0x39,0xF0,0x7B,0x80,0x18,0x84,0x18,0xFC,0x18,0x78,0x01,0x00,0x01,0x00,0x7F,0xFC,0x01,0x00,0x01,0x00,0x01,0x00,0x01,0x00,0x00,0x00}},
    {0x534F, {0x30,0x80,0x30,0xC0,0x30,0x80,0x33,0xF0,0x7B,0xF8,0x30,0x98,0x32,0x9C,0x36,0x9C,0x35,0x9C,0x3D,0x96,0x31,0x10,0x33,0x10,0x36,0x10,0x3C,0xF0,0x00,0x40,0x00,0x00}},
    {0x5351, {0x03,0x00,0x0F,0x60,0x3F,0xF8,0x31,0x08,0x3F,0xF8,0x31,0x18,0x31,0x08,0x3F,0xF8,0x07,0xE0,0x0C,0xC0,0x7F,0xFC,0x7F,0xFC,0x00,0xC0,0x00,0xC0,0x00,0xC0,0x00,0x00}},
    {0x5353, {0x01,0x00,0x01,0xF8,0x01,0xF8,0x01,0x00,0x3F,0xF8,0x30,0x18,0x3F,0xF8,0x3F,0xF8,0x30,0x18,0x3F,0xF8,0x03,0x80,0x7F,0xFC,0x01,0x00,0x01,0x00,0x01,0x00,0x00,0x00}},
    {0x5354, {0x30,0x40,0x33,0xF0,0x33,0xFC,0x30,0xCC,0x79,0x8C,0x33,0x08,0x32,0x38,0x32,0x10,0x37,0xFC,0x36,0xB4,0x32,0x94,0x36,0xB4,0x34,0xA4,0x34,0xE4,0x39,0xCC,0x00,0x00}},
    {0x5355, {0x08,0x00,0x08,0x30,0x0C,0x60,0x3F,0xF8,0x31,0x18,0x33,0x18,0x3F,0xF8,0x21,0x08,0x3F,0xF8,0x03,0x80,0x01,0x00,0x7F,0xFC,0x01,0x00,0x01,0x00,0x01,0x00,0x00,0x00}},
    {0x5356, {0x01,0x00,0x1F,0xF0,0x3F,0xF8,0x01,0x00,0x7F,0xFC,0x08,0x88,0x0C,0x98,0x36,0x80,0x19,0x80,0x09,0x80,0x7F,0xFC,0x03,0x00,0x06,0xF0,0x3C,0x3C,0x70,0x0C,0x00,0x00}},
    {0x5357, {0x01,0x00,0x3F,0xF8,0x7F,0xFC,0x01,0x00,0x03,0x80,0x3F,0xF8,0x24,0x48,0x26,0xC8,0x2F,0xE8,0x21,0x08,0x23,0x88,0x2F,0xE8,0x21,0x08,0x21,0x08,0x20,0x38,0x00,0x00}},
    {0x535A, {0x30,0x40,0x33,0xFC,0x37,0xFC,0x30,0x40,0x7F,0xFC,0x32,0x6C,0x33,0xFC,0x33,0xFC,0x33,0xFC,0x30,0x10,0x37,0xFE,0x33,0x10,0x31,0x90,0x31,0x90,0x30,0x70,0x00,0x00}},
    {0x535C, {0x18,0x00,0x18,0x00,0x18,0x00,0x18,0x00,0x18,0x00,0x1E,0x00,0x1B,0x80,0x18,0xE0,0x18,0x30,0x18,0x00,0x18,0x00,0x18,0x00,0x18,0x00,0x18,0x00,0x08,0x00,0x00,0x00}},
    {0x5360, {0x01,0x00,0x01,0x00,0x01,0x00,0x01,0xFC,0x01,0x00,0x01,0x00,0x01,0x00,0x1F,0xF0,0x3F,0xF8,0x30,0x18,0x30,0x18,0x30,0x18,0x3F,0xF8,0x3F,0xF8,0x10,0x00,0x00,0x00}},
    {0x5361, {0x01,0x00,0x03,0x00,0x03,0xF0,0x03,0xF8,0x03,0x00,0x03,0x00,0x7F,0xFC,0x03,0x00,0x03,0x00,0x03,0xE0,0x03,0x78,0x03,0x18,0x03,0x00,0x03,0x00,0x01,0x00,0x00,0x00}},
    {0x5362, {0x00,0x80,0x00,0xFC,0x00,0xFE,0x00,0x80,0x01,0x80,0x0F,0xFC,0x18,0x0C,0x18,0x0C,0x1F,0xFC,0x1F,0xEC,0x18,0x00,0x10,0x00,0x10,0x00,0x30,0x00,0x20,0x00,0x00,0x00}},
    {0x5364, {0x01,0x00,0x01,0xF8,0x01,0xFC,0x01,0x00,0x3F,0xF8,0x20,0x68,0x2C,0x68,0x26,0xC8,0x23,0x88,0x23,0xC8,0x26,0x68,0x2C,0x68,0x20,0x08,0x3F,0xF8,0x20,0x08,0x00,0x00}},
    {0x5367, {0x00,0x20,0x3F,0x20,0x64,0x20,0x64,0x20,0x64,0x20,0x3F,0x20,0x61,0x30,0x61,0x28,0x61,0x2C,0x3F,0x24,0x64,0x20,0x64,0x20,0x64,0x20,0x3F,0x20,0x00,0x20,0x00,0x00}},
    {0x536B, {0x00,0x00,0x3F,0xF8,0x3F,0xF8,0x03,0x08,0x03,0x08,0x03,0x08,0x03,0x08,0x03,0x08,0x03,0x78,0x03,0x30,0x03,0x00,0x03,0x00,0x03,0x00,0x7F,0xFC,0x00,0x00,0x00,0x00}},
    {0x536F, {0x02,0x00,0x1E,0x30,0x30,0xFC,0x22,0xCC,0x22,0xCC,0x22,0xCC,0x22,0xCC,0x22,0xCC,0x26,0xCC,0x3E,0xCC,0x7E,0xCC,0x04,0xD8,0x0C,0xC0,0x38,0xC0,0x20,0xC0,0x00,0x00}},
    {0x5370, {0x00,0x00,0x1E,0xF8,0x38,0xFC,0x20,0x8C,0x20,0x8C,0x20,0x8C,0x3E,0x8C,0x20,0x8C,0x20,0x8C,0x20,0x8C,0x26,0x8C,0x7E,0xBC,0x70,0x98,0x00,0x80,0x00,0x80,0x00,0x00}},
    {0x5371, {0x04,0x00,0x0F,0xC0,0x1F,0xC0,0x30,0xC0,0x7F,0xFC,0x70,0x00,0x31,0xC0,0x37,0xF0,0x34,0x10,0x34,0x10,0x26,0x30,0x26,0xE0,0x66,0x04,0x47,0xFC,0x01,0xF0,0x00,0x00}},
    {0x5373, {0x3F,0x18,0x23,0x7E,0x21,0x66,0x3F,0x66,0x3F,0x66,0x21,0x66,0x21,0x66,0x3F,0x66,0x20,0x66,0x24,0x66,0x26,0x6E,0x27,0x6C,0x7F,0x60,0x71,0x60,0x00,0x60,0x00,0x00}},
    {0x5374, {0x08,0x00,0x08,0x78,0x08,0x7C,0x7F,0x4C,0x08,0x4C,0x08,0x4C,0x7F,0x4C,0x7F,0x4C,0x18,0x4C,0x12,0x4C,0x32,0x4C,0x37,0x5C,0x7F,0x58,0x00,0x40,0x00,0x40,0x00,0x00}},
    {0x5377, {0x01,0x00,0x19,0x30,0x09,0x20,0x3F,0xF8,0x06,0x00,0x46,0x04,0x7F,0xFC,0x18,0x20,0x3F,0xF8,0x6C,0x6C,0x08,0x60,0x09,0xC8,0x08,0x18,0x0F,0xF0,0x03,0xE0,0x00,0x00}},
    {0x5378, {0x18,0x00,0x19,0x3C,0x1F,0xFE,0x24,0x62,0x24,0x66,0x3F,0xE6,0x04,0x66,0x04,0x66,0x37,0x66,0x37,0x66,0x34,0x66,0x34,0x6E,0x3F,0xEC,0x38,0x60,0x00,0x60,0x00,0x00}},
    {0x537F, {0x04,0x00,0x1F,0xFE,0x33,0x72,0x23,0x72,0x2F,0xF2,0x2F,0x72,0x2F,0x72,0x2F,0xF2,0x2F,0x92,0x3B,0x12,0x2B,0x5A,0x0B,0xFE,0x13,0x30,0x30,0x10,0x20,0x10,0x00,0x00}},
    {0x5382, {0x1F,0xFE,0x3F,0xFE,0x30,0x00,0x30,0x00,0x30,0x00,0x30,0x00,0x30,0x00,0x30,0x00,0x30,0x00,0x30,0x00,0x20,0x00,0x20,0x00,0x60,0x00,0x40,0x00,0x40,0x00,0x00,0x00}},
    {0x5385, {0x00,0x00,0x3F,0xFC,0x3F,0xFC,0x20,0x00,0x20,0x00,0x2F,0xFC,0x20,0x40,0x20,0x40,0x20,0x40,0x20,0x40,0x60,0x40,0x60,0x40,0x40,0x40,0x43,0xC0,0x03,0x80,0x00,0x00}},
    {0x5386, {0x00,0x00,0x3F,0xFC,0x20,0x00,0x21,0x80,0x21,0x80,0x21,0x80,0x2F,0xFC,0x21,0x0C,0x61,0x08,0x61,0x08,0x63,0x08,0x62,0x08,0x46,0x18,0x5C,0x78,0x00,0x60,0x00,0x00}},
    {0x538B, {0x00,0x00,0x3F,0xFC,0x20,0x00,0x20,0x80,0x20,0x80,0x20,0x80,0x2F,0xF8,0x2F,0xF8,0x60,0x80,0x60,0xB0,0x60,0x98,0x60,0x88,0x40,0x80,0x5F,0xFC,0x40,0x00,0x00,0x00}},
    {0x538D, {0x00,0x00,0x3F,0xFC,0x3F,0xFC,0x21,0x00,0x23,0x00,0x3F,0xFC,0x22,0x00,0x26,0x40,0x2F,0xF8,0x20,0xC0,0x60,0x40,0x7F,0xFC,0x40,0x40,0x40,0x40,0x00,0x40,0x00,0x00}},
    {0x5395, {0x3F,0xFE,0x20,0x00,0x27,0x86,0x2F,0xD6,0x28,0x56,0x2B,0x56,0x2A,0x56,0x2A,0x56,0x2A,0x56,0x2A,0x56,0x6A,0x56,0x62,0x16,0x67,0x86,0x4C,0xC6,0x58,0x5C,0x00,0x00}},
    {0x5398, {0x00,0x00,0x1F,0xFC,0x3F,0xFC,0x27,0xF8,0x2F,0xF8,0x2C,0x88,0x2F,0xF8,0x28,0x88,0x2F,0xF8,0x20,0xC0,0x60,0xC0,0x6F,0xF8,0x60,0x80,0x5F,0xFC,0x0F,0x7C,0x00,0x00}},
    {0x539A, {0x00,0x00,0x3F,0xFC,0x20,0x00,0x27,0xF0,0x2C,0x18,0x2F,0xF8,0x2C,0x18,0x27,0xF0,0x27,0xF0,0x20,0xF0,0x60,0xC0,0x7F,0xFC,0x60,0x80,0x40,0x80,0x43,0x80,0x00,0x00}},
    {0x539D, {0x3F,0xFE,0x30,0x00,0x23,0x10,0x3F,0xFC,0x37,0xFC,0x23,0x10,0x3F,0xFE,0x20,0x00,0x27,0xF8,0x24,0x0C,0x67,0xF8,0x67,0xF8,0x64,0x0C,0x47,0xF8,0x04,0x08,0x00,0x00}},
    {0x539F, {0x3F,0xFE,0x30,0xC0,0x20,0xC0,0x27,0xF8,0x27,0xFC,0x24,0x0C,0x27,0xFC,0x24,0x0C,0x27,0xFC,0x20,0xC0,0x66,0xD8,0x64,0xC8,0x6C,0xCC,0x58,0xC6,0x43,0xC0,0x00,0x00}},
    {0x53A2, {0x3F,0xFE,0x20,0x00,0x26,0x38,0x26,0x7E,0x26,0x46,0x3F,0xC6,0x26,0x7E,0x26,0x66,0x2F,0x46,0x2F,0xFE,0x7E,0x7E,0x76,0x46,0x66,0x46,0x46,0x7E,0x40,0x46,0x00,0x00}},
    {0x53A5, {0x00,0x00,0x3F,0xFC,0x29,0x20,0x29,0x20,0x2B,0x60,0x3F,0xFC,0x26,0x64,0x76,0xF4,0x77,0xB0,0x7F,0xB0,0x6F,0x30,0x64,0x38,0x44,0x68,0x48,0xCC,0x50,0x84,0x00,0x00}},
    {0x53A6, {0x00,0x00,0x3F,0xFC,0x3F,0xFC,0x3F,0xFC,0x27,0xF0,0x24,0x18,0x27,0xF8,0x24,0x18,0x24,0x18,0x27,0xF8,0x63,0x00,0x6F,0xF0,0x7B,0x60,0x43,0xE0,0x5E,0x3C,0x00,0x00}},
    {0x53A8, {0x00,0x00,0x3F,0xFC,0x20,0x08,0x3F,0x88,0x2F,0x88,0x20,0x7C,0x2F,0x8C,0x69,0x88,0x6F,0xE8,0x69,0x28,0x69,0x28,0x69,0x08,0x43,0x08,0x5F,0x88,0x58,0x38,0x00,0x00}},
    {0x53BB, {0x01,0x00,0x01,0x00,0x3F,0xF8,0x3F,0xF8,0x01,0x00,0x01,0x00,0x0B,0xE0,0x7F,0xFC,0x06,0x00,0x0C,0x60,0x08,0x30,0x18,0x30,0x3F,0xF8,0x3F,0xCC,0x00,0x00,0x00,0x00}},
    {0x53BF, {0x1F,0xF8,0x18,0x18,0x18,0x18,0x1F,0xF8,0x1F,0xF8,0x18,0x18,0x1F,0xF8,0x18,0x18,0x18,0x18,0x7F,0xFE,0x06,0x20,0x0C,0x30,0x18,0xF8,0x3F,0xFC,0x00,0x04,0x00,0x00}},
    {0x53C1, {0x00,0x00,0x02,0x00,0x0C,0x60,0x1F,0xF0,0x3F,0xD8,0x06,0x00,0x77,0xFC,0x7F,0xFC,0x18,0x30,0x7F,0xFC,0x40,0x04,0x0F,0xF0,0x1F,0xF0,0x00,0x00,0x7F,0xFC,0x00,0x00}},
    {0x53C2, {0x02,0x00,0x04,0x60,0x1F,0xF0,0x3F,0xD8,0x02,0x00,0x76,0x94,0x7F,0xFC,0x08,0x20,0x3B,0x18,0x6C,0x4C,0x41,0x80,0x0E,0x30,0x00,0xE0,0x0F,0x80,0x1C,0x00,0x00,0x00}},
    {0x53C8, {0x00,0x00,0x3F,0xF0,0x3F,0xF8,0x10,0x18,0x18,0x10,0x08,0x30,0x0C,0x20,0x04,0x60,0x06,0xC0,0x03,0x80,0x03,0x80,0x07,0xC0,0x1C,0x70,0x70,0x1C,0x40,0x04,0x00,0x00}},
    {0x53C9, {0x00,0x00,0x00,0x00,0x7F,0xF8,0x30,0x18,0x13,0x10,0x19,0xB0,0x08,0xA0,0x0C,0x60,0x06,0xC0,0x03,0x80,0x03,0x80,0x07,0xC0,0x1C,0x70,0x70,0x1C,0x40,0x00,0x00,0x00}},
    {0x53CA, {0x00,0x00,0x3F,0xC0,0x7F,0xE0,0x08,0x40,0x0C,0x40,0x0C,0xFC,0x0C,0x08,0x1E,0x18,0x1A,0x18,0x1B,0x30,0x11,0xE0,0x30,0xE0,0x61,0xF0,0x4F,0x1C,0x0C,0x04,0x00,0x00}},
    {0x53CB, {0x04,0x00,0x04,0x00,0x04,0x00,0x7F,0xFC,0x0C,0x00,0x0C,0x00,0x0F,0xF0,0x0F,0xF0,0x0E,0x30,0x1A,0x20,0x13,0x60,0x31,0xC0,0x63,0xE0,0x4E,0x3C,0x08,0x0C,0x00,0x00}},
    {0x53CC, {0x00,0x00,0x7C,0xF8,0x7F,0xFC,0x06,0x8C,0x46,0x88,0x64,0xC8,0x34,0xD8,0x1C,0x58,0x18,0x70,0x0C,0x70,0x1C,0x60,0x36,0x70,0x20,0xD8,0x63,0x8C,0x42,0x04,0x00,0x00}},
    {0x53CD, {0x00,0x10,0x1F,0xF0,0x3F,0x00,0x30,0x00,0x30,0x00,0x1F,0xF8,0x34,0x10,0x36,0x30,0x32,0x30,0x33,0x60,0x31,0xC0,0x21,0xC0,0x23,0xE0,0x6E,0x3C,0x48,0x08,0x00,0x00}},
    {0x53D1, {0x01,0x00,0x1B,0x30,0x13,0x18,0x33,0x08,0x3F,0xFC,0x06,0x00,0x06,0x00,0x07,0xF8,0x0E,0x10,0x1B,0x30,0x19,0x60,0x31,0xC0,0x63,0xE0,0x0F,0x3C,0x0C,0x0C,0x00,0x00}},
    {0x53D4, {0x08,0x00,0x18,0xF8,0x1F,0xFC,0x1E,0xCC,0x18,0xCC,0x7E,0x48,0x7F,0x48,0x08,0x78,0x2A,0x30,0x6B,0x30,0x49,0x30,0x49,0x78,0x08,0xC8,0x39,0x8C,0x00,0x00,0x00,0x00}},
    {0x53D7, {0x00,0x18,0x1F,0xF8,0x1D,0x88,0x08,0x88,0x0C,0x98,0x3F,0xFE,0x20,0x06,0x2F,0xF6,0x0F,0xF8,0x04,0x30,0x03,0x60,0x01,0xC0,0x07,0xE0,0x3E,0x3E,0x30,0x06,0x00,0x00}},
    {0x53D8, {0x01,0x00,0x3B,0xB8,0x7F,0xFC,0x16,0xC0,0x16,0xD0,0x36,0xD8,0x66,0xCC,0x04,0x40,0x3F,0xF0,0x18,0x30,0x0C,0x60,0x07,0xC0,0x07,0xC0,0x7C,0x7C,0x60,0x1C,0x00,0x00}},
    {0x53D9, {0x04,0x00,0x0C,0x78,0x1B,0xFC,0x31,0xC4,0x3E,0x4C,0x3E,0x4C,0x0C,0x68,0x3F,0x68,0x0C,0x38,0x3D,0x30,0x25,0x30,0x25,0x78,0x2C,0xCC,0x1C,0x84,0x00,0x00,0x00,0x00}},
    {0x53E0, {0x00,0x00,0x1F,0xF0,0x07,0x60,0x0F,0xF0,0x3E,0x7C,0x36,0x6C,0x1C,0x78,0x72,0xCC,0x7F,0xFE,0x6F,0xF6,0x08,0x30,0x1F,0xF0,0x0F,0xF0,0x08,0x10,0x7F,0xFE,0x00,0x00}},
    {0x53E3, {0x7F,0xFC,0x60,0x0C,0x60,0x0C,0x60,0x0C,0x60,0x0C,0x60,0x0C,0x60,0x0C,0x60,0x0C,0x60,0x0C,0x60,0x0C,0x60,0x0C,0x7F,0xFC,0x7F,0xFC,0x60,0x0C,0x00,0x00,0x00,0x00}},
    {0x53E4, {0x01,0x00,0x01,0x00,0x01,0x00,0x7F,0xFC,0x03,0x00,0x01,0x00,0x01,0x00,0x1F,0xF0,0x3F,0xF8,0x30,0x18,0x30,0x18,0x30,0x18,0x30,0x18,0x3F,0xF8,0x30,0x18,0x00,0x00}},
    {0x53E5, {0x04,0x00,0x0C,0x00,0x0F,0xFC,0x1F,0xFC,0x10,0x0C,0x3F,0x8C,0x2F,0xCC,0x08,0xCC,0x08,0xCC,0x08,0xCC,0x0F,0xC8,0x08,0x08,0x00,0x08,0x00,0x78,0x00,0x00,0x00,0x00}},
    {0x53EA, {0x1F,0xF8,0x3F,0xFC,0x30,0x0C,0x30,0x0C,0x30,0x0C,0x30,0x0C,0x30,0x0C,0x3F,0xF8,0x00,0x00,0x00,0x00,0x04,0x30,0x0C,0x38,0x38,0x0C,0x70,0x06,0x40,0x00,0x00,0x00}},
    {0x53EB, {0x00,0x08,0x18,0x08,0x7C,0x88,0x64,0x88,0x64,0x88,0x64,0x88,0x64,0x88,0x64,0x88,0x64,0x88,0x64,0x98,0x7D,0xF8,0x61,0x88,0x00,0x08,0x00,0x08,0x00,0x08,0x00,0x00}},
    {0x53EC, {0x1E,0x78,0x1F,0xFE,0x01,0x06,0x03,0x06,0x03,0x04,0x06,0x04,0x1C,0x3C,0x38,0x00,0x0F,0xFC,0x08,0x04,0x08,0x04,0x08,0x04,0x08,0x04,0x0F,0xFC,0x08,0x04,0x00,0x00}},
    {0x53ED, {0x00,0x00,0xF9,0xB0,0xD9,0x30,0xD9,0x30,0xD9,0x30,0xD9,0x10,0xD9,0x10,0xDB,0x10,0xDB,0x18,0xFB,0x18,0xFA,0x18,0xC6,0x08,0x06,0x0C,0x0C,0x04,0x00,0x00,0x00,0x00}},
    {0x53EE, {0x00,0x00,0xFF,0xFC,0xD8,0x30,0xC8,0x20,0xC8,0x20,0xC8,0x20,0xC8,0x20,0xC8,0x20,0xC8,0x20,0xF8,0x20,0xF8,0x20,0x80,0x20,0x00,0x20,0x01,0xE0,0x01,0xC0,0x00,0x00}},
    {0x53EF, {0xFF,0xFC,0xFF,0xFC,0x00,0x10,0x00,0x10,0x3F,0x10,0x7F,0x10,0x61,0x10,0x61,0x10,0x61,0x10,0x3F,0x10,0x7F,0x10,0x20,0x10,0x00,0x10,0x00,0xF0,0x00,0xE0,0x00,0x00}},
    {0x53F0, {0x02,0x00,0x06,0x00,0x0C,0x40,0x08,0x20,0x18,0x30,0x3F,0xF8,0x3E,0x0C,0x00,0x00,0x1F,0xF0,0x10,0x10,0x10,0x10,0x10,0x10,0x10,0x10,0x1F,0xF0,0x10,0x10,0x00,0x00}},
    {0x53F2, {0x01,0x00,0x01,0x00,0x3F,0xF8,0x3F,0xF8,0x21,0x08,0x21,0x08,0x3F,0xF8,0x3F,0xF8,0x11,0x00,0x13,0x00,0x1B,0x00,0x0E,0x00,0x1F,0x80,0x79,0xFC,0x40,0x0C,0x00,0x00}},
    {0x53F3, {0x01,0x00,0x01,0x00,0x03,0x00,0x3F,0xFE,0x3F,0xFE,0x06,0x00,0x04,0x00,0x0F,0xF8,0x0F,0xFC,0x1C,0x0C,0x34,0x0C,0x24,0x0C,0x04,0x0C,0x07,0xFC,0x04,0x0C,0x00,0x00}},
    {0x53F6, {0x00,0x40,0x10,0x60,0x7C,0x60,0x6C,0x60,0x6C,0x60,0x6F,0xFC,0x6F,0xFC,0x6C,0x60,0x6C,0x60,0x6C,0x60,0x7C,0x60,0x40,0x60,0x00,0x60,0x00,0x60,0x00,0x60,0x00,0x00}},
    {0x53F7, {0x1F,0xF0,0x10,0x10,0x10,0x10,0x1F,0xF0,0x00,0x00,0x00,0x00,0x7F,0xFC,0x08,0x00,0x1F,0xF0,0x07,0xF0,0x00,0x10,0x00,0x30,0x00,0x30,0x01,0xE0,0x00,0x00,0x00,0x00}},
    {0x53F8, {0x3F,0xF8,0x7F,0xFC,0x00,0x04,0x3F,0xE4,0x3F,0xE4,0x00,0x04,0x1F,0xC4,0x30,0xC4,0x30,0x44,0x30,0x44,0x3F,0xC4,0x3F,0xC4,0x10,0x04,0x00,0x3C,0x00,0x38,0x00,0x00}},
    {0x53FB, {0x00,0x40,0x00,0xC0,0x7C,0xC0,0x6F,0xFC,0x6F,0xFC,0x6C,0xCC,0x6C,0xCC,0x6C,0xCC,0x6C,0x8C,0x6C,0x8C,0x7D,0x8C,0x41,0x08,0x03,0x08,0x06,0x78,0x00,0x20,0x00,0x00}},
    {0x5403, {0x00,0x80,0x11,0x80,0x79,0xFC,0x69,0xFC,0x6F,0x00,0x6E,0x00,0x69,0xF8,0x68,0x30,0x68,0x60,0x68,0xC0,0x79,0x80,0x41,0x04,0x03,0x06,0x03,0xFC,0x00,0xF8,0x00,0x00}},
    {0x5404, {0x04,0x00,0x0F,0xC0,0x1F,0xF0,0x3C,0x20,0x66,0xE0,0x03,0x80,0x07,0xC0,0x1E,0x70,0x70,0x1C,0x5F,0xF0,0x18,0x30,0x10,0x10,0x10,0x10,0x1F,0xF0,0x10,0x30,0x00,0x00}},
    {0x5408, {0x01,0x00,0x01,0x80,0x03,0x80,0x06,0xE0,0x1C,0x30,0x7F,0xBC,0x6F,0xE4,0x00,0x00,0x1F,0xF0,0x1F,0xF0,0x10,0x10,0x10,0x10,0x1F,0xF0,0x1F,0xF0,0x10,0x10,0x00,0x00}},
    {0x5409, {0x01,0x00,0x01,0x00,0x7F,0xFC,0x7F,0xFC,0x01,0x00,0x03,0x00,0x3F,0xF8,0x00,0x00,0x00,0x00,0x1F,0xF0,0x10,0x18,0x10,0x10,0x10,0x10,0x1F,0xF0,0x10,0x10,0x00,0x00}},
    {0x540A, {0x1F,0xF8,0x18,0x18,0x18,0x18,0x18,0x18,0x1F,0xF8,0x01,0x80,0x01,0x80,0x01,0x80,0x3F,0xFC,0x21,0x84,0x31,0x84,0x21,0x84,0x31,0x9C,0x01,0x80,0x01,0x80,0x00,0x00}},
    {0x540C, {0x7F,0xFC,0x60,0x0C,0x60,0x0C,0x6F,0xEC,0x60,0x0C,0x60,0x0C,0x6F,0xEC,0x6C,0x6C,0x6C,0x6C,0x6C,0x6C,0x6F,0xEC,0x6C,0x0C,0x60,0x0C,0x60,0x38,0x00,0x00,0x00,0x00}},
    {0x540D, {0x01,0x00,0x03,0xE0,0x07,0xF8,0x1C,0x18,0x34,0x30,0x06,0x60,0x03,0xC0,0x03,0x80,0x1F,0xF8,0x3C,0x0C,0x04,0x0C,0x0C,0x0C,0x0C,0x0C,0x07,0xFC,0x04,0x0C,0x00,0x00}},
    {0x540E, {0x00,0x18,0x1F,0xF8,0x3E,0x00,0x20,0x00,0x30,0x00,0x3F,0xFC,0x30,0x00,0x30,0x00,0x27,0xF8,0x24,0x08,0x24,0x08,0x64,0x08,0x6C,0x08,0x47,0xF8,0x44,0x08,0x00,0x00}},
    {0x5410, {0x00,0x40,0x00,0x40,0xF8,0x40,0xD8,0x40,0xD8,0x40,0xDF,0xFC,0xDB,0xFC,0xD8,0x40,0xD8,0x40,0xD8,0x40,0xF8,0x40,0xF0,0x40,0x80,0x40,0x00,0x60,0x0F,0xFC,0x00,0x00}},
    {0x5411, {0x03,0x00,0x03,0x00,0x02,0x00,0x3F,0xF8,0x60,0x0C,0x60,0x0C,0x67,0xCC,0x6F,0xEC,0x6C,0x6C,0x6C,0x6C,0x6F,0xEC,0x6F,0xCC,0x64,0x0C,0x60,0x0C,0x60,0x38,0x00,0x00}},
    {0x5412, {0x00,0x08,0x10,0xF8,0x7B,0xE0,0x68,0x40,0x68,0x40,0x68,0x40,0x68,0x7C,0x6F,0xF8,0x6C,0x40,0x68,0x40,0x78,0x40,0x60,0x46,0x00,0x46,0x00,0x7C,0x00,0x38,0x00,0x00}},
    {0x5415, {0x1F,0xF8,0x18,0x18,0x18,0x18,0x18,0x18,0x1F,0xF8,0x0F,0xF0,0x00,0x00,0x00,0x00,0x3F,0xFC,0x30,0x0C,0x30,0x0C,0x30,0x0C,0x30,0x0C,0x3F,0xFC,0x30,0x0C,0x00,0x00}},
    {0x5416, {0x00,0x04,0x13,0x04,0x7D,0x0C,0x6D,0x98,0x6C,0x90,0x6C,0x60,0x6C,0x60,0x6C,0x60,0x6C,0x60,0x6C,0x60,0x7C,0x60,0x40,0x60,0x00,0x60,0x00,0x60,0x00,0x20,0x00,0x00}},
    {0x541B, {0x00,0x00,0x3F,0xF8,0x03,0x18,0x02,0x18,0x7F,0xFC,0x06,0x18,0x16,0xD8,0x3F,0xF0,0x08,0x00,0x1F,0xF8,0x3C,0x18,0x68,0x08,0x08,0x08,0x0F,0xF8,0x08,0x18,0x00,0x00}},
    {0x541F, {0x00,0x40,0x00,0x60,0x78,0xF0,0x49,0x98,0x4B,0x48,0x4E,0x6C,0x4C,0x20,0x48,0x00,0x4B,0xF8,0x68,0x18,0x78,0x18,0x40,0x10,0x00,0x30,0x00,0x60,0x00,0x40,0x00,0x00}},
    {0x5427, {0x01,0x90,0xFB,0xFC,0xDA,0x6C,0xDA,0x6C,0xDA,0x6C,0xDA,0x6C,0xDA,0x6C,0xDB,0xFC,0xDA,0x0C,0xFA,0x04,0xF2,0x00,0xC2,0x04,0x02,0x06,0x03,0xFC,0x00,0xF0,0x00,0x00}},
    {0x542B, {0x01,0x00,0x03,0x80,0x07,0xC0,0x0C,0x60,0x3B,0x38,0x71,0x8C,0x5F,0xE0,0x1F,0xF0,0x00,0x40,0x1F,0xF0,0x30,0x18,0x30,0x18,0x30,0x18,0x3F,0xF8,0x10,0x10,0x00,0x00}},
    {0x542C, {0x00,0x08,0x10,0xF8,0x7D,0xC0,0x6D,0x00,0x6D,0x80,0x6D,0xFC,0x6D,0xFC,0x6D,0x10,0x6D,0x18,0x6D,0x18,0x79,0x18,0x43,0x18,0x03,0x18,0x02,0x18,0x00,0x10,0x00,0x00}},
    {0x542E, {0x00,0xC0,0x00,0xC0,0x78,0x90,0x49,0x98,0x49,0x08,0x4B,0x7C,0x4F,0xFC,0x49,0xB0,0x49,0xB0,0x69,0xB0,0x79,0xB0,0x41,0x34,0x03,0x36,0x0E,0x3C,0x0C,0x08,0x00,0x00}},
    {0x542F, {0x01,0x80,0x00,0x80,0x0F,0xF8,0x1F,0xFC,0x10,0x0C,0x18,0x0C,0x1F,0xFC,0x18,0x00,0x17,0xFC,0x17,0xFC,0x14,0x04,0x34,0x04,0x37,0xFC,0x27,0xFC,0x04,0x04,0x00,0x00}},
    {0x5434, {0x00,0x00,0x3F,0xF8,0x30,0x18,0x30,0x18,0x3F,0xF8,0x00,0x00,0x00,0x00,0x3F,0xF8,0x01,0x00,0x03,0x00,0x7F,0xFC,0x03,0x80,0x06,0xC0,0x7C,0x7C,0x60,0x1C,0x00,0x00}},
    {0x5438, {0x00,0x00,0xFF,0xF0,0xD9,0x30,0xDB,0x30,0xDB,0x20,0xDB,0x3C,0xDB,0x0C,0xDB,0x88,0xDB,0x98,0xFA,0xD8,0xF6,0x70,0x84,0x70,0x0C,0xF0,0x09,0xDC,0x19,0x04,0x00,0x00}},
    {0x5439, {0x00,0x80,0x11,0x80,0x79,0x80,0x49,0xFC,0x49,0x0C,0x4B,0x4C,0x4E,0x6C,0x4C,0x60,0x48,0x60,0x68,0x60,0x78,0xF0,0x40,0x90,0x01,0x98,0x07,0x0C,0x04,0x04,0x00,0x00}},
    {0x543E, {0x00,0x00,0x3F,0xF8,0x06,0x00,0x06,0x00,0x3F,0xF0,0x04,0x30,0x0C,0x30,0x7F,0xFC,0x00,0x00,0x1F,0xF0,0x30,0x18,0x30,0x18,0x30,0x18,0x3F,0xF8,0x10,0x18,0x00,0x00}},
    {0x5440, {0x07,0xFC,0xF8,0x18,0xDA,0x10,0xDA,0x10,0xDA,0x10,0xDA,0x18,0xDF,0xFC,0xD8,0x30,0xD8,0x70,0xF8,0xD0,0xF1,0x90,0x83,0x10,0x0E,0x10,0x0C,0x10,0x00,0x70,0x00,0x00}},
    {0x5448, {0x1F,0xF8,0x18,0x18,0x10,0x08,0x10,0x08,0x1F,0xF8,0x1F,0xF8,0x00,0x00,0x3F,0xFC,0x01,0x80,0x01,0x80,0x1F,0xF8,0x1F,0xF8,0x01,0x80,0x7F,0xFE,0x00,0x00,0x00,0x00}},
    {0x544A, {0x09,0x00,0x19,0x00,0x1F,0xF8,0x3F,0xF8,0x61,0x00,0x21,0x80,0x7F,0xFC,0x00,0x00,0x00,0x00,0x1F,0xF0,0x10,0x10,0x10,0x10,0x10,0x10,0x1F,0xF0,0x10,0x10,0x00,0x00}},
    {0x5450, {0x00,0x60,0x00,0x60,0x78,0x60,0x48,0x60,0x4B,0xFC,0x6A,0x6C,0x6A,0x6C,0x6A,0x6C,0x4A,0xF4,0x6B,0x9C,0x7B,0x9C,0x43,0x0C,0x02,0x04,0x02,0x1C,0x00,0x10,0x00,0x00}},
    {0x5458, {0x1F,0xF8,0x18,0x18,0x10,0x08,0x1F,0xF8,0x0F,0xF0,0x00,0x00,0x1F,0xFC,0x30,0x0C,0x31,0x8C,0x31,0x8C,0x31,0x8C,0x33,0x4C,0x06,0x70,0x3C,0x1C,0x30,0x06,0x00,0x00}},
    {0x545C, {0x00,0x40,0x10,0xF0,0x79,0xF8,0x69,0x08,0x69,0x08,0x69,0x18,0x69,0x30,0x69,0xFC,0x69,0xFC,0x68,0x04,0x78,0x0C,0x63,0xFC,0x00,0x0C,0x00,0x38,0x00,0x00,0x00,0x00}},
    {0x5462, {0x07,0xFC,0xF2,0x0C,0xD2,0x0C,0x93,0xFC,0x93,0xF8,0x92,0x80,0x92,0x80,0x96,0x9C,0x96,0xF0,0xF6,0xE0,0xF4,0x80,0x84,0x84,0x0C,0x84,0x08,0xFC,0x00,0x00,0x00,0x00}},
    {0x5468, {0x1F,0xFC,0x18,0x8C,0x10,0x84,0x17,0xF4,0x11,0x84,0x11,0x84,0x1F,0xFC,0x13,0xE4,0x17,0xE4,0x16,0x24,0x36,0x24,0x37,0xE4,0x26,0x0C,0x20,0x3C,0x00,0x00,0x00,0x00}},
    {0x5473, {0x00,0x40,0x00,0x60,0x78,0x60,0x4B,0xFC,0x48,0x60,0x48,0x60,0x4B,0x7C,0x4F,0xFC,0x48,0xE0,0x68,0xF0,0x79,0xF8,0x43,0x68,0x06,0x6C,0x04,0x64,0x00,0x40,0x00,0x00}},
    {0x5477, {0x03,0xFE,0x7B,0x26,0x6B,0x26,0x6B,0x26,0x6B,0xFE,0x6B,0xFE,0x6B,0x26,0x6B,0x26,0x6B,0xF6,0x7B,0xFE,0x78,0x20,0x40,0x20,0x00,0x20,0x00,0x20,0x00,0x20,0x00,0x00}},
    {0x547C, {0x00,0x08,0x03,0xF8,0x7B,0x60,0x4A,0x6C,0x4B,0x6C,0x49,0x68,0x49,0x78,0x48,0x60,0x4F,0xFC,0x78,0x60,0x78,0x60,0x40,0x60,0x00,0x60,0x01,0xC0,0x00,0x80,0x00,0x00}},
    {0x547D, {0x01,0x00,0x03,0x80,0x06,0xC0,0x1C,0x70,0x7F,0xFC,0x40,0x04,0x08,0x20,0x3E,0xF8,0x26,0x88,0x26,0x88,0x26,0x88,0x3E,0xB8,0x3C,0xB0,0x20,0x80,0x00,0x80,0x00,0x00}},
    {0x5480, {0x00,0x00,0x03,0xF8,0xFB,0x18,0xDA,0x18,0xDA,0x08,0xDB,0xF8,0xDB,0xF8,0xDA,0x08,0xDA,0x08,0xDB,0xF8,0xFB,0xF8,0xF2,0x08,0x82,0x18,0x03,0x18,0x0F,0xFC,0x00,0x00}},
    {0x548C, {0x03,0x00,0x3F,0x20,0x3C,0x7E,0x04,0x46,0x0C,0x46,0x3F,0xC6,0x0C,0x46,0x0E,0x46,0x1F,0x46,0x1D,0xC6,0x24,0x46,0x6C,0x7E,0x0C,0x7E,0x0C,0x46,0x04,0x00,0x00,0x00}},
    {0x548F, {0x00,0x80,0x01,0xE0,0x78,0x30,0x7B,0xC0,0x49,0xC0,0x48,0x6C,0x4F,0x68,0x4F,0xF0,0x49,0x70,0x79,0x70,0x7B,0x58,0x46,0x4C,0x0C,0x46,0x08,0x40,0x01,0xC0,0x00,0x00}},
    {0x5494, {0x00,0x40,0x10,0x40,0x78,0x40,0x68,0x78,0x68,0x40,0x68,0x40,0x6F,0xFC,0x6F,0xFC,0x48,0x40,0x68,0x70,0x78,0x58,0x40,0x4C,0x00,0x40,0x00,0x40,0x00,0x40,0x00,0x00}},
    {0x5495, {0x00,0x20,0x10,0x60,0x7C,0x60,0x4C,0x60,0x6F,0xFC,0x6C,0x60,0x6C,0x60,0x6C,0x60,0x4D,0xFC,0x6D,0x8C,0x7D,0x0C,0x41,0x0C,0x01,0x0C,0x01,0xFC,0x01,0x0C,0x00,0x00}},
    {0x5496, {0x02,0x00,0x33,0x00,0x7B,0x3C,0x4B,0x3C,0x5F,0xE4,0x5A,0xE4,0x5A,0xE4,0x5A,0xE4,0x5A,0xE4,0x5A,0xE4,0x7E,0xE4,0x46,0xBC,0x04,0xBC,0x0D,0xA4,0x08,0x00,0x00,0x00}},
    {0x549A, {0x00,0x80,0x11,0xE0,0x79,0xF8,0x4B,0x98,0x6E,0xB0,0x68,0x60,0x68,0xF0,0x6B,0x9C,0x6E,0xCC,0x68,0x60,0x78,0x30,0x61,0x00,0x41,0xE0,0x00,0x38,0x00,0x18,0x00,0x00}},
    {0x54A8, {0x01,0x00,0x33,0xB0,0x13,0xFC,0x06,0x4C,0x04,0xC8,0x18,0xE0,0x71,0xB0,0x47,0x1C,0x04,0x04,0x1F,0xF0,0x10,0x18,0x10,0x18,0x10,0x18,0x1F,0xF8,0x10,0x18,0x00,0x00}},
    {0x54AA, {0x00,0x40,0x3A,0x64,0x7B,0x4C,0x49,0x48,0x69,0x58,0x69,0x60,0x6F,0xFC,0x6F,0xFC,0x68,0xE0,0x79,0xF0,0x61,0x78,0x43,0x48,0x06,0x6C,0x04,0x64,0x00,0x40,0x00,0x00}},
    {0x54AC, {0x00,0x40,0x00,0x60,0x7B,0xFC,0x4B,0xFC,0x49,0x98,0x69,0x08,0x4B,0x0C,0x6F,0x14,0x49,0x90,0x68,0xB0,0x78,0xE0,0x40,0x60,0x00,0xF0,0x03,0x1C,0x06,0x04,0x00,0x00}},
    {0x54B8, {0x00,0x50,0x00,0x58,0x00,0x4C,0x3F,0xFC,0x20,0x40,0x20,0x40,0x2F,0x48,0x27,0x58,0x2F,0x78,0x29,0x30,0x69,0x20,0x6F,0x64,0x68,0xF4,0x41,0x9C,0x41,0x1C,0x00,0x00}},
    {0x54C1, {0x0F,0xF0,0x08,0x18,0x08,0x18,0x08,0x18,0x0F,0xF8,0x0F,0xF0,0x00,0x00,0x00,0x00,0x7E,0x7E,0x62,0x46,0x62,0x46,0x62,0x46,0x62,0x46,0x7E,0x7E,0x62,0x46,0x00,0x00}},
    {0x54C6, {0x00,0x40,0x00,0xE0,0x79,0xF8,0x6F,0x18,0x68,0xF0,0x68,0xE0,0x6B,0xE0,0x6B,0x7C,0x68,0xFC,0x6B,0x8C,0x7A,0x58,0x40,0x70,0x00,0xE0,0x03,0xC0,0x06,0x00,0x00,0x00}},
    {0x54C7, {0x00,0x40,0x00,0x40,0xFB,0xF8,0xDB,0xF8,0xD8,0x40,0xD8,0x40,0xDF,0xFC,0xDA,0x00,0xD8,0x40,0xD8,0xE0,0xF7,0xF8,0xF0,0x40,0x80,0x40,0x00,0x40,0x0F,0xFC,0x00,0x00}},
    {0x54C8, {0x00,0x40,0x00,0x60,0x78,0xE0,0x48,0x90,0x49,0x98,0x6B,0xFC,0x4F,0xFC,0x68,0x00,0x49,0xF8,0x69,0xF8,0x79,0x08,0x41,0x08,0x01,0x08,0x01,0xF8,0x01,0x18,0x00,0x00}},
    {0x54CD, {0x00,0x40,0x00,0x40,0x78,0xC0,0x4B,0xFC,0x4A,0x0C,0x4A,0x04,0x4A,0xF4,0x4A,0x94,0x4A,0x94,0x6A,0x94,0x7A,0xF4,0x42,0x84,0x02,0x04,0x02,0x0C,0x02,0x1C,0x00,0x00}},
    {0x54CE, {0x00,0x00,0x01,0x90,0x7F,0xFC,0x4B,0xFC,0x49,0x90,0x49,0x08,0x49,0x18,0x49,0x18,0x49,0x90,0x78,0xB0,0x60,0xE0,0x40,0xE0,0x01,0xB0,0x07,0x1C,0x04,0x04,0x00,0x00}},
    {0x54D1, {0x00,0x00,0x00,0x00,0xFF,0xFC,0x91,0xA0,0x91,0xA0,0x99,0xA4,0x9D,0xA4,0x95,0xAC,0x97,0xA8,0x97,0xB8,0xF3,0xB8,0xF1,0xB0,0x81,0xA0,0x01,0xB0,0x0F,0xFC,0x00,0x00}},
    {0x54D4, {0x02,0x20,0x02,0x20,0x7B,0xBC,0x4B,0xB0,0x6A,0x20,0x6A,0x26,0x6B,0xFC,0x6B,0x1C,0x48,0x40,0x78,0x60,0x7F,0xFC,0x40,0x60,0x00,0x60,0x00,0x60,0x00,0x40,0x00,0x00}},
    {0x54E5, {0x00,0x00,0x7F,0xFC,0x00,0x18,0x1F,0x90,0x38,0xD0,0x1F,0x90,0x00,0x10,0x7F,0xFC,0x7F,0xFC,0x1F,0x98,0x30,0x98,0x30,0x98,0x3F,0x98,0x1F,0x18,0x00,0x70,0x00,0x00}},
    {0x54E8, {0x00,0x60,0x12,0x64,0x7F,0x6C,0x4D,0x68,0x6D,0x60,0x6F,0xFC,0x6F,0x0C,0x6F,0xFC,0x4F,0xFC,0x6F,0x0C,0x7F,0x6C,0x43,0xFC,0x03,0x0C,0x03,0x0C,0x03,0x18,0x00,0x00}},
    {0x54E9, {0x00,0x00,0x07,0xFC,0xF6,0x4C,0xD6,0x4C,0xD7,0xFC,0xD7,0xFC,0xD6,0x4C,0xD6,0x6C,0xD7,0xFC,0xD0,0x40,0xF3,0xF8,0xF7,0xFC,0x80,0x40,0x00,0x40,0x0F,0xFC,0x00,0x00}},
    {0x54EA, {0x00,0x00,0x07,0xFC,0x7A,0xE4,0x5A,0xEC,0x5A,0xEC,0x5F,0xB8,0x5A,0xF8,0x5A,0xEC,0x5F,0xA4,0x5E,0xA4,0x72,0xA4,0x46,0xBC,0x04,0xB8,0x0C,0xA0,0x09,0xA0,0x00,0x00}},
    {0x54F2, {0x18,0x18,0x3C,0xF0,0x7F,0x80,0x19,0x80,0x1F,0xFC,0x7D,0x90,0x19,0x10,0x3B,0x10,0x20,0x00,0x1F,0xF0,0x30,0x18,0x10,0x18,0x10,0x18,0x1F,0xF8,0x10,0x10,0x00,0x00}},
    {0x54FA, {0x00,0x50,0x30,0x58,0x7F,0xF8,0x48,0xC0,0x48,0xC0,0x4F,0xF8,0x4E,0x48,0x4F,0xF8,0x7E,0xC8,0x7E,0x48,0x43,0xF8,0x06,0xC8,0x06,0x48,0x06,0x58,0x00,0x00,0x00,0x00}},
    {0x5507, {0x00,0x00,0x3F,0xFC,0x30,0x00,0x2F,0xF8,0x20,0x00,0x3F,0xFC,0x24,0x98,0x24,0xF0,0x2F,0x3C,0x20,0x0C,0x2F,0xF8,0x6C,0x18,0x6C,0x08,0x4F,0xF8,0x4C,0x18,0x00,0x00}},
    {0x5510, {0x00,0xC0,0x0F,0xFE,0x1F,0xFE,0x10,0x40,0x17,0xFC,0x10,0xCC,0x1F,0xFE,0x30,0x44,0x37,0xFC,0x30,0xC0,0x30,0xC0,0x37,0xFC,0x24,0x04,0x27,0xFC,0x26,0x0C,0x00,0x00}},
    {0x551B, {0x00,0x40,0x03,0xFC,0x7B,0xFC,0x48,0x60,0x4B,0xF8,0x48,0x60,0x4F,0xFC,0x48,0x80,0x49,0xF8,0x79,0x98,0x7F,0x90,0x44,0x70,0x00,0xF0,0x07,0x9C,0x06,0x04,0x00,0x00}},
    {0x5524, {0x00,0x80,0x01,0xE0,0x79,0xF8,0x7B,0x30,0x4F,0xF8,0x4B,0x68,0x4B,0x48,0x4B,0x48,0x4B,0x48,0x4F,0xFC,0x78,0xE0,0x60,0xB0,0x03,0x18,0x06,0x0C,0x04,0x04,0x00,0x00}},
    {0x552E, {0x08,0x80,0x0F,0xF8,0x1F,0xFC,0x18,0xC0,0x3F,0xF8,0x38,0xC0,0x1F,0xF8,0x18,0xC0,0x1F,0xFC,0x08,0x00,0x1F,0xFC,0x18,0x0C,0x18,0x0C,0x1F,0xFC,0x18,0x0C,0x00,0x00}},
    {0x552F, {0x00,0xA0,0x01,0xB0,0x79,0xB0,0x49,0xFC,0x4B,0x30,0x4F,0x20,0x4F,0xFC,0x49,0xFC,0x49,0x20,0x69,0xFC,0x79,0x30,0x41,0x20,0x01,0xFC,0x01,0xFC,0x01,0x00,0x00,0x00}},
    {0x5531, {0x01,0xFC,0x7D,0x04,0x6D,0xFC,0x6D,0xFC,0x6D,0x04,0x6D,0xFC,0x6C,0x00,0x6F,0xFE,0x6B,0x06,0x7B,0x06,0x7B,0xFE,0x63,0xFE,0x03,0x06,0x03,0xFE,0x03,0x06,0x00,0x00}},
    {0x5546, {0x01,0x00,0x7F,0xFC,0x7F,0xFC,0x0C,0x60,0x0C,0xE0,0x3F,0xF8,0x26,0x48,0x2C,0x68,0x3B,0xB8,0x27,0xC8,0x24,0x48,0x27,0xC8,0x24,0x08,0x20,0x38,0x00,0x00,0x00,0x00}},
    {0x554A, {0x00,0x00,0x77,0xFC,0x7D,0x0C,0x5D,0x04,0x5F,0x74,0x5F,0x5C,0x5F,0x5C,0x5D,0xDC,0x5D,0xDC,0x74,0xFC,0x65,0xF4,0x47,0x4C,0x04,0x04,0x04,0x1C,0x04,0x10,0x00,0x00}},
    {0x5561, {0x00,0x90,0x00,0x90,0x78,0x90,0x4B,0x9C,0x48,0x90,0x48,0x90,0x4B,0x9C,0x4B,0x9C,0x48,0x90,0x78,0x90,0x7F,0x9C,0x40,0x90,0x00,0x90,0x00,0x90,0x00,0x90,0x00,0x00}},
    {0x5564, {0x00,0x40,0x10,0xF0,0x7B,0xFC,0x4B,0x64,0x4B,0xFC,0x4B,0x6C,0x4B,0x6C,0x49,0xF8,0x48,0xB0,0x79,0xB0,0x63,0x74,0x47,0xFC,0x00,0x30,0x00,0x30,0x00,0x30,0x00,0x00}},
    {0x5566, {0x02,0x10,0x02,0x10,0x7A,0x10,0x5F,0xFC,0x5B,0x00,0x5A,0x4C,0x5A,0x6C,0x5B,0x6C,0x5F,0x68,0x5E,0x28,0x72,0x28,0x42,0x28,0x02,0x18,0x02,0xFC,0x06,0x00,0x00,0x00}},
    {0x556B, {0x00,0x40,0x00,0x44,0x7B,0xFC,0x49,0xD8,0x48,0x50,0x4B,0xFC,0x48,0xC0,0x49,0xF8,0x4F,0xFC,0x69,0x8C,0x79,0x8C,0x41,0xFC,0x01,0x8C,0x01,0xFC,0x01,0x88,0x00,0x00}},
    {0x5570, {0x03,0xFE,0x7B,0x5A,0x69,0x52,0x6B,0xFE,0x6D,0xFE,0x6C,0x40,0x6C,0xFE,0x6D,0x86,0x6D,0x04,0x7F,0x4C,0x78,0x78,0x40,0x30,0x00,0x60,0x01,0xC0,0x03,0x00,0x00,0x00}},
    {0x5580, {0x00,0x40,0x11,0xF8,0x7F,0xFC,0x4E,0x84,0x49,0xF8,0x49,0x98,0x4B,0xF0,0x48,0x60,0x49,0xF8,0x4F,0x0C,0x79,0xF8,0x79,0x08,0x41,0x08,0x01,0xF8,0x01,0x18,0x00,0x00}},
    {0x5584, {0x08,0x20,0x3E,0xF8,0x3F,0xF8,0x01,0x00,0x1F,0xF0,0x03,0x80,0x7F,0xFC,0x19,0x30,0x7F,0xFC,0x00,0x00,0x00,0x00,0x1F,0xF8,0x10,0x18,0x1F,0xF8,0x10,0x10,0x00,0x00}},
    {0x5586, {0x18,0x30,0x18,0x30,0x7F,0xFC,0x7F,0xFC,0x18,0x30,0x18,0x30,0x7E,0xFC,0x00,0x00,0x00,0x00,0x7E,0xFC,0x66,0x8C,0x66,0x8C,0x66,0x8C,0x7E,0xFC,0x66,0xCC,0x00,0x00}},
    {0x5587, {0x01,0x00,0x31,0x0C,0x7F,0xD4,0x5B,0xB4,0x5F,0xD4,0x5D,0x54,0x5D,0x54,0x5D,0x54,0x5F,0xD4,0x7B,0x94,0x63,0xCC,0x47,0x4C,0x0D,0x0C,0x01,0x1C,0x00,0x00,0x00,0x00}},
    {0x5589, {0x01,0x00,0x31,0x78,0x7B,0x08,0x4A,0x08,0x4E,0xFC,0x4E,0x40,0x4E,0xFC,0x4A,0xFC,0x4B,0xB0,0x5A,0x30,0x7B,0xFC,0x42,0x30,0x02,0x78,0x02,0xCC,0x03,0x84,0x00,0x00}},
    {0x5594, {0x07,0xFC,0xF6,0x0C,0xD7,0xFC,0xD7,0xF8,0xD6,0x00,0xD7,0xFC,0xD6,0xD0,0xD6,0x98,0xD7,0xFC,0xFC,0x60,0xE5,0xF8,0x8D,0xFC,0x0C,0x60,0x0F,0xFC,0x00,0x00,0x00,0x00}},
    {0x559C, {0x01,0x00,0x3F,0xF8,0x7F,0xFC,0x1F,0xF8,0x00,0x00,0x1F,0xF0,0x10,0x10,0x1F,0xF0,0x0C,0x60,0x7F,0xFC,0x03,0x80,0x1F,0xF8,0x30,0x18,0x3F,0xF8,0x10,0x10,0x00,0x00}},
    {0x559D, {0x03,0xF8,0xF2,0x0C,0xD3,0xF8,0xD3,0xF8,0xD3,0xF8,0xDB,0xF0,0xDB,0x00,0xD7,0xFC,0xDC,0x44,0xFC,0x64,0xF3,0xF4,0xC6,0x04,0x07,0xFC,0x00,0x0C,0x00,0x18,0x00,0x00}},
    {0x55A7, {0x00,0x40,0x00,0x40,0x7B,0xFC,0x4E,0x0C,0x4B,0xFC,0x48,0x00,0x48,0xF0,0x4B,0xF8,0x4B,0x08,0x7B,0xF8,0x7B,0x18,0x43,0xF8,0x00,0x00,0x07,0xFC,0x07,0xFC,0x00,0x00}},
    {0x55AE, {0x3E,0x7C,0x23,0x44,0x3F,0x7C,0x1E,0x7C,0x1F,0xF8,0x31,0x8C,0x1F,0xFC,0x31,0x8C,0x31,0x8C,0x1F,0xF8,0x01,0x80,0x7F,0xFE,0x7F,0xFE,0x01,0x80,0x01,0x80,0x00,0x00}},
    {0x55B1, {0x07,0xFC,0xF4,0x00,0x94,0xD0,0x95,0xFC,0x95,0x24,0x95,0xFC,0x95,0x6C,0x9D,0x2C,0xDD,0xFC,0xFC,0x20,0xCD,0xFC,0x0D,0xFC,0x08,0x20,0x1B,0xFC,0x00,0x00,0x00,0x00}},
    {0x55B5, {0x00,0x90,0x01,0x90,0x7F,0xFC,0x4F,0xFC,0x49,0x90,0x49,0x90,0x4B,0xFC,0x4A,0x6C,0x4A,0x6C,0x7B,0xFC,0x7B,0x6C,0x42,0x6C,0x02,0x6C,0x03,0xFC,0x02,0x0C,0x00,0x00}},
    {0x55B7, {0x00,0x40,0x03,0xF8,0x7B,0xFC,0x49,0x40,0x4F,0xFC,0x49,0x18,0x49,0xF8,0x4B,0xF8,0x4A,0x08,0x7B,0x48,0x7B,0x48,0x42,0x48,0x00,0xD8,0x03,0x9C,0x06,0x04,0x00,0x00}},
    {0x55E8, {0x00,0xC0,0x06,0xC0,0x72,0xFC,0x51,0x80,0x59,0x80,0x5F,0xFC,0x5E,0xA4,0x50,0x9C,0x59,0xFC,0x52,0xEC,0x76,0xAC,0x45,0xFC,0x0C,0xFC,0x08,0x38,0x00,0x00,0x00,0x00}},
    {0x55EF, {0x07,0xF8,0xF4,0x48,0x95,0xE8,0x97,0xF8,0x94,0xC8,0x95,0xA8,0x97,0x28,0x97,0xF8,0x90,0x00,0xF0,0x40,0xFF,0x68,0x8F,0x2C,0x0B,0x14,0x03,0xF0,0x00,0x00,0x00,0x00}},
    {0x55F2, {0x00,0x00,0x03,0x18,0x7F,0xBC,0x58,0xE0,0x5B,0xF8,0x5E,0xDC,0x59,0xF0,0x5F,0x20,0x59,0xE0,0x7F,0x30,0x60,0xFC,0x43,0xC8,0x00,0x70,0x01,0xE0,0x07,0x00,0x00,0x00}},
    {0x55F7, {0x00,0x10,0x33,0x90,0x7F,0xF0,0x59,0x3C,0x5F,0x2C,0x59,0xEC,0x59,0x6C,0x5F,0xFC,0x5E,0x9C,0x5A,0x18,0x73,0xD8,0x46,0xD8,0x04,0xBC,0x0D,0xE4,0x00,0x00,0x00,0x00}},
    {0x5609, {0x01,0x00,0x3F,0xFC,0x3F,0xFC,0x1F,0xF8,0x06,0xE0,0x1F,0xF8,0x1F,0xF8,0x04,0x60,0x36,0x78,0x3F,0xFC,0x3E,0x78,0x1B,0xC8,0x13,0xF8,0x36,0x78,0x00,0x00,0x00,0x00}},
    {0x560E, {0x07,0xFC,0xF8,0xC0,0xD3,0xF8,0xD3,0xFC,0xD2,0x0C,0xD3,0xFC,0xD6,0x0C,0x9B,0xF8,0xD8,0x90,0xF9,0x9C,0xCF,0xFC,0x00,0xD8,0x00,0x70,0x03,0xF6,0x0E,0x1C,0x00,0x00}},
    {0x561F, {0x00,0x00,0x33,0x7C,0x77,0xFC,0x53,0xF4,0x53,0xBC,0x5F,0xF8,0x53,0x38,0x5F,0xBC,0x5F,0xF4,0x5A,0xF4,0x73,0xF4,0x46,0xFC,0x42,0xF8,0x03,0xF0,0x02,0xF0,0x00,0x00}},
    {0x5634, {0x00,0x00,0x01,0xFC,0x7B,0xF8,0x5B,0xB0,0x5F,0xDC,0x59,0x80,0x5B,0xF0,0x5F,0xF8,0x5B,0xEC,0x5B,0xFC,0x72,0x6C,0x63,0xFC,0x07,0xFC,0x04,0x6C,0x00,0x00,0x00,0x00}},
    {0x5668, {0x00,0x00,0x3E,0xF8,0x26,0xC8,0x26,0x88,0x3E,0xF8,0x02,0x60,0x07,0x30,0x7F,0xFC,0x18,0x60,0x38,0x38,0x7E,0xFC,0x66,0xC8,0x26,0x88,0x3E,0xF8,0x3E,0xD8,0x00,0x00}},
    {0x56CD, {0x00,0x20,0x7E,0xFC,0x7F,0xFC,0x7E,0xFC,0x00,0x00,0x7E,0xFC,0x62,0x84,0x7E,0xFC,0x3C,0x58,0x7F,0xFC,0x00,0x00,0x7E,0xFC,0x42,0x84,0x7E,0xFC,0x62,0x8C,0x00,0x00}},
    {0x56DB, {0x00,0x00,0xFF,0xFE,0xCE,0xC6,0xC4,0xC6,0xC4,0xC6,0xC4,0xC6,0xCC,0xC6,0xCC,0xC6,0xD8,0xFE,0xF8,0x7E,0xF0,0x06,0xC0,0x06,0xFF,0xFE,0xFF,0xFE,0xC0,0x04,0x00,0x00}},
    {0x56DE, {0x7F,0xFE,0x60,0x06,0x60,0x06,0x60,0x06,0x67,0xE6,0x66,0x66,0x64,0x26,0x64,0x26,0x64,0x66,0x67,0xE6,0x60,0x06,0x60,0x06,0x60,0x06,0x7F,0xFE,0x60,0x06,0x00,0x00}},
    {0x56E0, {0x7F,0xFE,0x60,0x06,0x61,0x86,0x61,0x86,0x6F,0xF6,0x6F,0xF6,0x61,0x86,0x61,0x86,0x63,0x46,0x62,0x66,0x66,0x36,0x6C,0x16,0x60,0x06,0x7F,0xFE,0x60,0x06,0x00,0x00}},
    {0x56E1, {0x7F,0xFE,0x61,0x06,0x61,0x06,0x63,0x06,0x7F,0xF6,0x66,0x76,0x66,0x66,0x64,0x66,0x67,0xC6,0x61,0xC6,0x67,0xE6,0x6E,0x36,0x68,0x06,0x7F,0xFE,0x60,0x06,0x00,0x00}},
    {0x56E2, {0x7F,0xFE,0x60,0x06,0x60,0x46,0x60,0x46,0x6F,0xF6,0x60,0xC6,0x61,0xC6,0x63,0x46,0x66,0x46,0x6C,0x46,0x61,0xC6,0x61,0x86,0x60,0x06,0x7F,0xFE,0x60,0x06,0x00,0x00}},
    {0x56ED, {0x7F,0xFE,0x60,0x06,0x67,0xE6,0x6F,0xF6,0x60,0x06,0x60,0x06,0x7F,0xFE,0x66,0xC6,0x66,0x46,0x66,0x46,0x6C,0x7E,0x78,0x76,0x60,0x06,0x7F,0xFE,0x60,0x06,0x00,0x00}},
    {0x56F4, {0x7F,0xFE,0x61,0x06,0x6F,0xF6,0x6F,0xF6,0x61,0x86,0x6F,0xF6,0x61,0x86,0x61,0x86,0x7F,0xF6,0x61,0x96,0x61,0xB6,0x61,0xA6,0x60,0x06,0x7F,0xFE,0x60,0x06,0x00,0x00}},
    {0x56FA, {0x7F,0xFE,0x60,0x06,0x61,0x86,0x61,0x86,0x6F,0xF6,0x61,0x86,0x61,0x86,0x67,0xF6,0x6C,0x36,0x6C,0x36,0x6F,0xF6,0x67,0xE6,0x60,0x06,0x7F,0xFE,0x60,0x06,0x00,0x00}},
    {0x56FD, {0x7F,0xFE,0x60,0x06,0x66,0x66,0x6F,0xF6,0x61,0x86,0x61,0x86,0x6F,0xF6,0x61,0xA6,0x61,0xA6,0x61,0xB6,0x6F,0xF6,0x6F,0xF6,0x60,0x06,0x7F,0xFE,0x60,0x06,0x00,0x00}},
    {0x56FE, {0x7F,0xFE,0x62,0x06,0x63,0xC6,0x67,0xF6,0x6E,0x66,0x63,0xC6,0x67,0xE6,0x7E,0x3E,0x63,0x86,0x60,0xC6,0x67,0x06,0x63,0xE6,0x60,0x26,0x7F,0xFE,0x60,0x06,0x00,0x00}},
    {0x5703, {0x7F,0xFE,0x60,0x06,0x61,0xA6,0x6F,0xF6,0x6F,0xC6,0x6F,0xF6,0x6D,0xB6,0x6F,0xF6,0x6D,0xB6,0x6F,0xF6,0x69,0x96,0x69,0xB6,0x60,0x06,0x7F,0xFE,0x60,0x06,0x00,0x00}},
    {0x5706, {0x7F,0xFE,0x60,0x06,0x6F,0xF6,0x68,0x36,0x6F,0xF6,0x60,0x06,0x6F,0xF6,0x68,0x36,0x69,0x96,0x69,0x96,0x63,0xE6,0x6E,0x76,0x68,0x16,0x7F,0xFE,0x60,0x06,0x00,0x00}},
    {0x5708, {0x7F,0xFE,0x60,0x86,0x65,0x26,0x6F,0xF6,0x63,0x06,0x7F,0xFE,0x66,0x66,0x6C,0x36,0x7F,0xDE,0x64,0x46,0x64,0x96,0x67,0xF6,0x61,0xC6,0x7F,0xFE,0x60,0x06,0x00,0x00}},
    {0x570B, {0x7F,0xFE,0x60,0x36,0x60,0x96,0x6F,0xF6,0x6F,0xF6,0x6E,0x96,0x6B,0xF6,0x6B,0x76,0x6E,0x66,0x61,0x66,0x6F,0xFE,0x61,0xB6,0x61,0x16,0x7F,0xFE,0x60,0x06,0x00,0x00}},
    {0x5712, {0x7F,0xFE,0x60,0x06,0x67,0xE6,0x67,0xE6,0x6F,0xF6,0x60,0x06,0x6F,0xF6,0x6C,0x36,0x6F,0xF6,0x63,0x96,0x6F,0xF6,0x79,0x16,0x61,0x06,0x7F,0xFE,0x60,0x06,0x00,0x00}},
    {0x5713, {0x7F,0xFE,0x63,0xC6,0x67,0xE6,0x66,0x66,0x60,0x06,0x6F,0xF6,0x6F,0xF6,0x6C,0x36,0x6F,0xF6,0x6C,0x36,0x67,0xE6,0x6C,0x36,0x68,0x16,0x7F,0xFE,0x60,0x06,0x00,0x00}},
    {0x5716, {0x7F,0xFE,0x60,0x06,0x6F,0xF6,0x6C,0x76,0x61,0x86,0x7F,0xFE,0x6F,0xF6,0x6F,0xF6,0x6B,0xD6,0x6A,0x56,0x69,0x96,0x6F,0xF6,0x67,0xE6,0x7F,0xFE,0x60,0x06,0x00,0x00}},
    {0x5718, {0x3F,0xFC,0x61,0x86,0x6F,0xF6,0x61,0x86,0x6D,0xB6,0x6F,0xF6,0x6F,0xF6,0x61,0xB6,0x6F,0xF6,0x60,0x76,0x6F,0xF6,0x66,0x66,0x60,0x06,0x3F,0xFC,0x20,0x04,0x00,0x00}},
    {0x571F, {0x00,0x00,0x01,0x00,0x01,0x00,0x01,0x00,0x01,0x00,0x01,0x00,0x3F,0xF8,0x3F,0xF8,0x01,0x00,0x01,0x00,0x01,0x00,0x01,0x00,0x01,0x00,0x01,0x00,0x7F,0xFC,0x00,0x00}},
    {0x5723, {0x00,0x00,0x2F,0xF0,0x3F,0xF0,0x18,0x30,0x06,0xE0,0x07,0xC0,0x7E,0xFC,0x70,0x1C,0x01,0x00,0x3F,0xF8,0x03,0x00,0x01,0x00,0x01,0x00,0x7F,0xFC,0x00,0x00,0x00,0x00}},
    {0x5728, {0x01,0x00,0x03,0x00,0x3F,0xFE,0x3F,0xFE,0x04,0x20,0x0C,0x20,0x08,0x20,0x19,0xFC,0x39,0xFC,0x28,0x20,0x08,0x20,0x08,0x20,0x08,0x20,0x0B,0xFE,0x0B,0xFE,0x00,0x00}},
    {0x5729, {0x10,0x00,0x31,0xFC,0x30,0x60,0x30,0x20,0x7C,0x20,0x30,0x20,0x33,0xFC,0x33,0xFC,0x30,0x20,0x3C,0x20,0x78,0x20,0x60,0x20,0x00,0x20,0x00,0xE0,0x00,0xC0,0x00,0x00}},
    {0x5730, {0x00,0x60,0x30,0x60,0x33,0x60,0x33,0x6C,0x7B,0x7C,0x33,0xEC,0x37,0xEC,0x37,0x6C,0x33,0x6C,0x3B,0x6C,0x3B,0x78,0x63,0x00,0x03,0x06,0x01,0xFC,0x00,0xF8,0x00,0x00}},
    {0x5739, {0x10,0x40,0x30,0x60,0x33,0xFC,0x13,0xCC,0x7F,0x00,0x33,0x00,0x33,0x00,0x33,0x00,0x33,0x00,0x3E,0x00,0x7A,0x00,0x62,0x00,0x06,0x00,0x04,0x00,0x04,0x00,0x00,0x00}},
    {0x573A, {0x08,0x00,0x19,0xF8,0x18,0x38,0x18,0x30,0x3C,0xC0,0x19,0xDC,0x19,0xFE,0x18,0x5A,0x18,0xD6,0x19,0xB6,0x1F,0x26,0x38,0x66,0x20,0xC4,0x01,0x9C,0x00,0x18,0x00,0x00}},
    {0x573E, {0x00,0x00,0x33,0xF0,0x33,0xF0,0x31,0x10,0x79,0x30,0x31,0x30,0x31,0x3C,0x31,0x8C,0x33,0x88,0x33,0xD8,0x3E,0x70,0x76,0x70,0x46,0x78,0x0D,0xDC,0x09,0x84,0x00,0x00}},
    {0x5740, {0x00,0x00,0x10,0x20,0x30,0x20,0x30,0x20,0x10,0x20,0x7F,0x20,0x33,0x20,0x13,0x3C,0x33,0x20,0x13,0x20,0x3F,0x20,0x7B,0x20,0x63,0x20,0x03,0x20,0x07,0xFE,0x00,0x00}},
    {0x5742, {0x00,0x00,0x31,0xFC,0x33,0xC0,0x32,0x00,0x7A,0x00,0x33,0xFC,0x33,0x88,0x32,0x88,0x32,0xD8,0x3E,0x50,0x3E,0x70,0x66,0x70,0x04,0xF8,0x0F,0x8C,0x09,0x04,0x00,0x00}},
    {0x5747, {0x10,0x40,0x18,0x80,0x10,0xFC,0x19,0xFC,0x3F,0x04,0x1A,0x84,0x18,0xC4,0x18,0x6C,0x10,0x1C,0x1C,0x7C,0x39,0xCC,0x31,0x8C,0x00,0x08,0x00,0x78,0x00,0x00,0x00,0x00}},
    {0x574A, {0x10,0x40,0x30,0x60,0x30,0x20,0x13,0xFC,0x7C,0x80,0x30,0x80,0x10,0xF0,0x30,0xFC,0x30,0x8C,0x1D,0x8C,0x3D,0x8C,0x63,0x08,0x03,0x08,0x06,0x78,0x00,0x30,0x00,0x00}},
    {0x574D, {0x10,0x00,0x33,0xF8,0x33,0x08,0x33,0x48,0x7B,0x68,0x33,0x28,0x33,0xBC,0x37,0xFC,0x33,0x08,0x3F,0x08,0x3E,0x08,0x72,0x08,0x06,0x08,0x04,0x08,0x0C,0x38,0x00,0x00}},
    {0x574E, {0x00,0x80,0x31,0x80,0x31,0x00,0x31,0xFC,0x7B,0x0C,0x32,0x4C,0x36,0x4C,0x30,0x40,0x30,0x60,0x3C,0x60,0x38,0xE0,0x60,0xB0,0x01,0x98,0x07,0x0C,0x04,0x04,0x00,0x00}},
    {0x574F, {0x00,0x00,0x37,0xFC,0x37,0xFC,0x30,0x60,0x78,0xC0,0x30,0xF0,0x31,0xD8,0x37,0x4C,0x34,0x44,0x3C,0x40,0x3C,0x40,0x60,0x40,0x00,0x40,0x00,0x40,0x00,0x40,0x00,0x00}},
    {0x5750, {0x00,0x00,0x01,0x00,0x19,0x10,0x19,0x30,0x11,0x30,0x39,0x30,0x2D,0x78,0x67,0xCC,0x41,0x84,0x03,0x00,0x3F,0xF8,0x01,0x00,0x01,0x00,0x01,0x00,0x7F,0xFC,0x00,0x00}},
    {0x5751, {0x00,0x40,0x30,0x40,0x30,0x60,0x33,0xFC,0x7C,0x00,0x30,0x00,0x31,0xF0,0x31,0x10,0x31,0x10,0x3D,0x10,0x39,0x10,0x63,0x14,0x02,0x16,0x06,0x1C,0x04,0x08,0x00,0x00}},
    {0x5757, {0x00,0x40,0x30,0x40,0x30,0x40,0x33,0xF8,0x78,0xC8,0x30,0x48,0x30,0x48,0x33,0xFC,0x33,0xFC,0x3C,0xE0,0x78,0xA0,0x61,0xB0,0x03,0x18,0x06,0x0C,0x04,0x04,0x00,0x00}},
    {0x575A, {0x00,0x00,0x2D,0xF8,0x6D,0x98,0x2C,0x98,0x2C,0xF0,0x2C,0x60,0x6C,0xF0,0x2F,0x9C,0x01,0x00,0x01,0x00,0x3F,0xF8,0x01,0x00,0x01,0x00,0x7F,0xFC,0x7E,0xFC,0x00,0x00}},
    {0x575B, {0x10,0x00,0x33,0xF8,0x33,0xF8,0x30,0x00,0x78,0x00,0x30,0x00,0x37,0xFC,0x30,0xC0,0x30,0x80,0x31,0x90,0x39,0x18,0x73,0x08,0x43,0xFC,0x03,0xCC,0x00,0x04,0x00,0x00}},
    {0x575D, {0x10,0x00,0x33,0xFC,0x33,0x0C,0x13,0x4C,0x7F,0x6C,0x33,0x6C,0x33,0x6C,0x33,0x6C,0x33,0x4C,0x3F,0x4C,0x7B,0x4C,0x60,0xF0,0x01,0x98,0x07,0x0C,0x06,0x04,0x00,0x00}},
    {0x575E, {0x10,0x40,0x19,0xF8,0x19,0xF8,0x19,0x08,0x3F,0x08,0x19,0x38,0x19,0x00,0x19,0xFC,0x18,0x0C,0x1C,0x04,0x3F,0xFC,0x20,0x0C,0x00,0x0C,0x00,0x38,0x00,0x00,0x00,0x00}},
    {0x575F, {0x00,0xC0,0x30,0x40,0x30,0x60,0x33,0xFC,0x7B,0xFC,0x31,0x18,0x31,0x98,0x31,0x90,0x30,0xB0,0x3C,0xE0,0x38,0x60,0x60,0xE0,0x01,0xB8,0x07,0x1C,0x04,0x04,0x00,0x00}},
    {0x5761, {0x10,0x60,0x30,0x60,0x33,0xFC,0x33,0xFC,0x7E,0x64,0x32,0x6C,0x33,0xF8,0x33,0xFC,0x33,0x88,0x3E,0x98,0x7E,0xF0,0x66,0x70,0x04,0xF0,0x0D,0x9C,0x01,0x04,0x00,0x00}},
    {0x5764, {0x00,0x20,0x18,0x20,0x19,0xFC,0x19,0xFE,0x3F,0x26,0x19,0x36,0x19,0xFE,0x19,0x26,0x19,0x26,0x1F,0xFE,0x39,0x36,0x30,0x20,0x00,0x20,0x00,0x20,0x00,0x20,0x00,0x00}},
    {0x5766, {0x00,0x00,0x10,0x00,0x33,0xF8,0x33,0x08,0x33,0x08,0x7B,0x08,0x33,0xF8,0x33,0xF8,0x33,0x08,0x33,0x08,0x3F,0x08,0x79,0xF8,0x60,0x00,0x00,0x00,0x0F,0xFC,0x00,0x00}},
    {0x576A, {0x20,0x00,0x37,0xFC,0x30,0x40,0x32,0x48,0x7B,0x48,0x33,0x48,0x31,0x58,0x30,0x40,0x37,0xFC,0x30,0x60,0x38,0x40,0x60,0x40,0x00,0x40,0x00,0x40,0x00,0x40,0x00,0x00}},
    {0x577B, {0x00,0x18,0x31,0xF8,0x33,0xE0,0x32,0x20,0x7E,0x20,0x32,0x20,0x33,0xFC,0x33,0xFC,0x32,0x30,0x3E,0x30,0x3A,0x10,0x62,0x50,0x02,0x5E,0x03,0xAC,0x02,0x0C,0x00,0x00}},
    {0x5782, {0x00,0x10,0x3F,0xF8,0x3F,0x80,0x01,0x00,0x3F,0xFC,0x19,0x30,0x19,0x30,0x7F,0xFC,0x5B,0xF4,0x19,0x30,0x7F,0xFC,0x01,0x00,0x01,0x00,0x3F,0xF8,0x1F,0xF0,0x00,0x00}},
    {0x5783, {0x00,0x00,0x10,0x40,0x30,0x60,0x30,0x60,0x33,0xFC,0x78,0x00,0x31,0x08,0x31,0x18,0x31,0x98,0x31,0x98,0x31,0x90,0x3D,0x90,0x70,0x90,0x40,0x30,0x07,0xFC,0x00,0x00}},
    {0x5784, {0x06,0x40,0x06,0x70,0x7F,0xFC,0x7D,0xDC,0x0C,0x98,0x08,0xF0,0x1B,0xC4,0x77,0xFC,0x61,0xF8,0x01,0x00,0x3F,0xF8,0x01,0x00,0x01,0x00,0x7F,0xFC,0x40,0x04,0x00,0x00}},
    {0x578B, {0x00,0x00,0x00,0x08,0x3F,0x6C,0x12,0x6C,0x12,0x6C,0x7F,0xEC,0x32,0x6C,0x32,0x0C,0x62,0x38,0x43,0x10,0x01,0x80,0x3F,0xF8,0x01,0x00,0x01,0x00,0x7F,0xFC,0x00,0x00}},
    {0x5792, {0x00,0x00,0x02,0x00,0x0C,0x60,0x1F,0xF0,0x3F,0xD8,0x10,0x40,0x24,0x58,0x66,0xF8,0x7F,0xFC,0x01,0x00,0x01,0x00,0x3F,0xF8,0x01,0x00,0x01,0x00,0x7F,0xFC,0x00,0x00}},
    {0x579A, {0x00,0x00,0x01,0x00,0x3F,0xF8,0x0F,0xC0,0x01,0x00,0x7F,0xFC,0x08,0x20,0x18,0x20,0x18,0x20,0x7F,0xFC,0x18,0x20,0x18,0x20,0x1E,0x20,0x7F,0xFC,0x00,0x00,0x00,0x00}},
    {0x579B, {0x00,0x00,0x31,0xF0,0x31,0x90,0x31,0x90,0x79,0x10,0x33,0x1C,0x32,0x40,0x30,0x40,0x37,0xFC,0x30,0xE0,0x39,0xF0,0x7B,0x58,0x46,0x4C,0x04,0x44,0x00,0x40,0x00,0x00}},
    {0x579E, {0x00,0x40,0x30,0x40,0x33,0xFC,0x37,0x8C,0x7E,0x1C,0x30,0xF0,0x33,0xC0,0x30,0xC0,0x30,0xFC,0x37,0xF0,0x3C,0xC0,0x70,0xC4,0x40,0xC4,0x00,0xFC,0x00,0x38,0x00,0x00}},
    {0x57A0, {0x10,0x00,0x33,0xF8,0x32,0x08,0x32,0x08,0x7F,0xF8,0x32,0x08,0x33,0x38,0x33,0xF8,0x32,0x44,0x32,0x78,0x3E,0x30,0x72,0x30,0x43,0x58,0x03,0xCC,0x02,0x04,0x00,0x00}},
    {0x57A3, {0x00,0x00,0x00,0x00,0x37,0xFC,0x30,0x00,0x30,0x00,0x7B,0xF8,0x33,0x08,0x33,0xF8,0x33,0xF8,0x33,0x08,0x3F,0x08,0x3F,0xF8,0x61,0xF8,0x00,0x00,0x0F,0xFC,0x00,0x00}},
    {0x57A6, {0x3F,0xF8,0x30,0x18,0x3F,0xF8,0x20,0x18,0x3C,0x78,0x3F,0xFC,0x21,0x8C,0x36,0xF0,0x3E,0x7C,0x31,0x1E,0x01,0x00,0x3F,0xF8,0x03,0x00,0x01,0x00,0xFF,0xFE,0x00,0x00}},
    {0x57AB, {0x00,0x00,0x10,0xC0,0x79,0xF0,0x7F,0xF8,0x10,0xC8,0x1F,0x98,0x78,0xC8,0x11,0xF8,0x13,0x0E,0x33,0x0C,0x01,0x00,0x3F,0xF8,0x01,0x00,0x01,0x00,0x7F,0xFC,0x00,0x00}},
    {0x57C3, {0x00,0x40,0x30,0xD0,0x31,0x98,0x33,0xF8,0x7B,0xEC,0x31,0x00,0x33,0xF8,0x33,0xF8,0x30,0x40,0x3F,0xFC,0x78,0xE0,0x40,0xE0,0x01,0xB0,0x07,0x1C,0x04,0x04,0x00,0x00}},
    {0x57CB, {0x00,0x00,0x00,0x00,0x33,0xFC,0x32,0x6C,0x32,0x6C,0x7F,0xFC,0x32,0x6C,0x32,0x4C,0x33,0xFC,0x30,0x60,0x3C,0x60,0x7B,0xFC,0x40,0x60,0x00,0x60,0x07,0xFE,0x00,0x00}},
    {0x57CE, {0x20,0x28,0x30,0x28,0x33,0xFC,0x37,0xFC,0x7E,0x20,0x36,0x20,0x37,0xE4,0x36,0xFC,0x36,0xF8,0x36,0x98,0x3E,0x90,0x65,0xB6,0x0C,0x7E,0x0C,0xCC,0x00,0x00,0x00,0x00}},
    {0x57D4, {0x00,0x58,0x30,0x68,0x37,0xFC,0x37,0xFC,0x78,0x60,0x33,0xFC,0x32,0x64,0x33,0xFC,0x33,0xFC,0x3E,0x64,0x3B,0x6C,0x63,0xFC,0x02,0x64,0x02,0x6C,0x02,0x7C,0x00,0x00}},
    {0x57DF, {0x20,0x28,0x20,0x2C,0x27,0xFC,0x27,0xFC,0x78,0x20,0x37,0xA4,0x24,0xAC,0x24,0xB8,0x24,0xB8,0x27,0xB8,0x38,0x30,0x73,0xF0,0x4F,0x74,0x00,0xDC,0x00,0x8C,0x00,0x00}},
    {0x57E0, {0x10,0x40,0x31,0xF0,0x33,0xF8,0x32,0x08,0x7B,0xF8,0x33,0x00,0x33,0xFC,0x32,0x0C,0x33,0xFC,0x38,0x60,0x78,0x40,0x67,0xFC,0x00,0x40,0x00,0x40,0x00,0x40,0x00,0x00}},
    {0x57ED, {0x30,0x40,0x31,0xF0,0x33,0xF8,0x30,0x48,0x7F,0xFC,0x30,0x4C,0x31,0xF8,0x33,0xF8,0x32,0x44,0x3B,0x68,0x39,0xF0,0x61,0xD0,0x07,0x5C,0x04,0x44,0x01,0xC0,0x00,0x00}},
    {0x57F9, {0x00,0x40,0x30,0x40,0x33,0xFC,0x33,0x98,0x79,0x18,0x31,0x10,0x37,0xFC,0x37,0xFC,0x30,0x00,0x33,0xF8,0x3B,0x08,0x73,0x08,0x43,0x08,0x03,0xF8,0x03,0x08,0x00,0x00}},
    {0x57FA, {0x08,0x20,0x3F,0xF8,0x7F,0xFC,0x08,0x30,0x1F,0xF0,0x18,0x30,0x1F,0xF0,0x18,0x30,0x7F,0xFC,0x19,0x30,0x3B,0x98,0x6F,0xEC,0x01,0x00,0x3F,0xF8,0x00,0x00,0x00,0x00}},
    {0x5800, {0x10,0x00,0x1B,0xFE,0x1B,0x02,0x1B,0x06,0x3F,0xFE,0x1B,0x10,0x1B,0x96,0x1B,0x96,0x1B,0xFE,0x1B,0x30,0x1F,0x92,0x3A,0x92,0x22,0x92,0x06,0xFE,0x04,0x02,0x00,0x00}},
    {0x5802, {0x11,0x10,0x19,0x30,0x7F,0xFC,0x7F,0xFC,0x40,0x04,0x5F,0xF4,0x18,0x30,0x1F,0xF0,0x0F,0xE0,0x01,0x00,0x1B,0xB0,0x3F,0xF8,0x01,0x00,0x7F,0xFC,0x3E,0xF8,0x00,0x00}},
    {0x5803, {0x10,0x20,0x5C,0xBC,0x7F,0xFC,0x10,0x40,0x3E,0x7C,0x32,0x4C,0x22,0xCC,0x26,0x88,0x6F,0xB8,0x41,0x00,0x13,0x80,0x3F,0xF8,0x01,0x00,0x7F,0xFC,0x7E,0xFC,0x00,0x00}},
    {0x5806, {0x00,0xA0,0x31,0xB0,0x31,0x30,0x33,0xFC,0x7F,0x30,0x37,0x20,0x37,0xFC,0x31,0xFC,0x33,0x20,0x3D,0xFC,0x7B,0x30,0x63,0x20,0x03,0xFC,0x03,0xFC,0x01,0x00,0x00,0x00}},
    {0x580D, {0x00,0x80,0x31,0xC0,0x31,0xF0,0x32,0x20,0x7F,0xFC,0x36,0x6C,0x32,0x4C,0x32,0x4C,0x33,0xFC,0x3C,0xE0,0x78,0xF8,0x61,0xE8,0x03,0x24,0x0E,0x3C,0x00,0x08,0x00,0x00}},
    {0x5821, {0x08,0x00,0x1F,0xF8,0x36,0x08,0x37,0xF8,0x70,0xC0,0x7F,0xFC,0x33,0xF0,0x36,0xD8,0x3C,0xCC,0x01,0x00,0x13,0xB0,0x3F,0xF8,0x01,0x00,0x7F,0xFC,0x7E,0xFC,0x00,0x00}},
    {0x5824, {0x00,0x00,0x33,0xF8,0x33,0xF8,0x33,0xF8,0xFE,0x08,0x33,0xF8,0x30,0x00,0x37,0xFC,0x33,0xFC,0x32,0x40,0x3E,0x78,0x73,0x40,0x47,0xC0,0x0C,0xFC,0x00,0x1C,0x00,0x00}},
    {0x582A, {0x00,0x00,0x23,0x18,0x27,0xFC,0x27,0xFC,0x23,0x18,0xFB,0xF8,0x33,0x18,0x23,0xF8,0x23,0xF8,0x27,0xFC,0x36,0xF0,0x3E,0xD0,0x76,0x98,0x06,0x88,0x03,0xFC,0x00,0x00}},
    {0x5830, {0x00,0x00,0x20,0x00,0x37,0xFC,0x36,0xF8,0x36,0x8C,0x7E,0xFC,0x36,0x8C,0x36,0xF8,0x37,0xFC,0x36,0xD8,0x3E,0xD8,0x76,0x70,0x46,0xF8,0x07,0x88,0x07,0xFC,0x00,0x00}},
    {0x5834, {0x10,0x00,0x19,0xFC,0x19,0xFC,0x3D,0x0C,0x19,0x0C,0x19,0xF8,0x1B,0xFC,0x11,0x80,0x19,0xA8,0x1F,0xFC,0x36,0x94,0x01,0xA4,0x03,0x64,0x02,0x5C,0x00,0x00,0x00,0x00}},
    {0x5835, {0x00,0x80,0x30,0x84,0x33,0xFC,0x31,0xD8,0x78,0xB0,0x37,0xFC,0x30,0xC0,0x31,0x80,0x37,0xF8,0x37,0x8C,0x39,0x8C,0x71,0xFC,0x41,0x0C,0x01,0xFC,0x01,0x88,0x00,0x00}},
    {0x5851, {0x22,0x00,0x36,0xFC,0x7F,0xC4,0x7A,0xFC,0x48,0x4C,0x6B,0xCC,0x7F,0xFC,0x10,0x84,0x71,0x9C,0x01,0x00,0x1B,0x80,0x3F,0xF8,0x01,0x00,0x7F,0xFC,0x7E,0xFC,0x00,0x00}},
    {0x5854, {0x01,0x10,0x37,0xFC,0x37,0xFC,0x31,0x10,0x78,0xC0,0x31,0xE0,0x33,0x18,0x37,0xFC,0x34,0xA0,0x30,0x00,0x3B,0xF8,0x7B,0x08,0x43,0x08,0x03,0xF8,0x03,0x08,0x00,0x00}},
    {0x5858, {0x00,0x40,0x31,0xFC,0x33,0xFC,0x32,0x20,0x7F,0xF8,0x36,0x6C,0x33,0xFC,0x36,0x2C,0x37,0xF8,0x36,0x60,0x3F,0xFC,0x65,0x0C,0x05,0x0C,0x0D,0xFC,0x09,0x88,0x00,0x00}},
    {0x585E, {0x01,0x00,0x3F,0xF8,0x7F,0xFC,0x44,0x44,0x3F,0xF8,0x0C,0x60,0x1F,0xF0,0x04,0x40,0x7F,0xFC,0x1D,0x70,0x39,0x38,0x6F,0xEC,0x01,0x00,0x3F,0xF8,0x00,0x00,0x00,0x00}},
    {0x586B, {0x20,0x40,0x33,0xF8,0x33,0xFC,0x31,0xF8,0x7B,0x08,0x33,0x08,0x33,0xF8,0x33,0xF8,0x33,0x18,0x33,0xF8,0x3B,0x18,0x77,0xFC,0x41,0x98,0x07,0x0C,0x04,0x04,0x00,0x00}},
    {0x5883, {0x00,0x40,0x33,0xF8,0x33,0xF8,0x31,0x10,0x7F,0xFC,0x30,0xE0,0x33,0xF8,0x32,0x08,0x33,0xF8,0x33,0x08,0x3B,0xF8,0x79,0xA0,0x41,0x24,0x07,0x3C,0x04,0x00,0x00,0x00}},
    {0x5885, {0x00,0x00,0x7F,0xFC,0x7F,0x78,0x7F,0x30,0x4B,0x30,0x7F,0xFC,0x1E,0x24,0x3E,0x30,0x0A,0x30,0x7E,0x60,0x01,0x00,0x3F,0xF8,0x01,0x00,0x7F,0xFC,0x00,0x00,0x00,0x00}},
    {0x5893, {0x08,0x20,0x7F,0xFC,0x7F,0xFC,0x1F,0xF0,0x30,0x18,0x3F,0xF8,0x30,0x18,0x1F,0xF0,0x7F,0xFC,0x19,0x30,0x39,0x18,0x7F,0xEC,0x01,0x00,0x3F,0xF8,0x00,0x00,0x00,0x00}},
    {0x5897, {0x00,0x84,0x18,0x88,0x19,0xFE,0x1B,0x36,0x3F,0x22,0x1B,0xFE,0x1B,0x76,0x19,0xFE,0x18,0x00,0x19,0xFC,0x3D,0x84,0x31,0xFC,0x01,0x04,0x01,0xFC,0x01,0x84,0x00,0x00}},
    {0x5899, {0x20,0x40,0x33,0xF8,0x27,0xFC,0x32,0x48,0x79,0x58,0x33,0xF8,0x27,0xFC,0x33,0xF8,0x27,0xFC,0x3E,0xEC,0x77,0x9C,0x67,0xBC,0x06,0xEC,0x07,0xFC,0x02,0x0C,0x00,0x00}},
    {0x589E, {0x10,0x88,0x18,0x88,0x19,0xFC,0x1B,0x66,0x3F,0xAE,0x1B,0x26,0x1B,0xF6,0x19,0xFC,0x18,0x00,0x19,0xFC,0x1D,0x8C,0x39,0xFC,0x21,0x04,0x01,0xFC,0x01,0x8C,0x00,0x00}},
    {0x58A8, {0x00,0x00,0x3F,0xF8,0x31,0x58,0x35,0x58,0x3F,0xF8,0x03,0x80,0x3F,0xF8,0x7F,0xEC,0x7F,0xFC,0x24,0xC8,0x63,0xCC,0x1F,0xF8,0x01,0x00,0x7F,0xFC,0x00,0x00,0x00,0x00}},
    {0x58A9, {0x20,0x10,0x23,0x30,0x27,0xF0,0x20,0x3C,0x77,0xBC,0x36,0xEC,0x27,0xEC,0x27,0xFC,0x27,0x98,0x21,0x18,0x3B,0x18,0x7F,0x98,0x43,0x3C,0x03,0x64,0x06,0x44,0x00,0x00}},
    {0x58C1, {0x00,0x20,0x7E,0xF4,0x62,0xFC,0x7E,0x48,0x61,0xFC,0x7E,0x20,0x76,0xFC,0x63,0xFC,0xFE,0x20,0x01,0x00,0x03,0x80,0x3F,0xF8,0x01,0x00,0x7F,0xFC,0x7E,0xFC,0x00,0x00}},
    {0x58D1, {0x00,0x00,0x08,0x00,0x0F,0x38,0x7D,0xFC,0x7F,0xEC,0x40,0xA8,0x3F,0x38,0x3F,0x18,0x7F,0x38,0x33,0x6C,0x3F,0x44,0x03,0x80,0x3F,0xF8,0x01,0x00,0x7F,0xFC,0x00,0x00}},
    {0x58D5, {0x20,0xC0,0x37,0xFC,0x37,0xFC,0x33,0xF8,0x7B,0x18,0x33,0xF8,0x27,0xFC,0x35,0x74,0x31,0xEC,0x33,0xC8,0x3E,0xF8,0x73,0x78,0x47,0xEC,0x07,0x24,0x00,0xE0,0x00,0x00}},
    {0x58EB, {0x00,0x00,0x01,0x00,0x01,0x00,0x01,0x00,0x01,0x00,0x01,0x00,0x7F,0xFC,0x7F,0xFC,0x01,0x00,0x01,0x00,0x01,0x00,0x01,0x00,0x01,0x00,0x3F,0xF8,0x3F,0xF8,0x00,0x00}},
    {0x58EE, {0x08,0x40,0x18,0x60,0x58,0x60,0x48,0x60,0x78,0x60,0x3B,0xFC,0x1F,0xFC,0x18,0x60,0x18,0x60,0x38,0x60,0x78,0x60,0x48,0x60,0x18,0x60,0x1B,0xFC,0x08,0x00,0x00,0x00}},
    {0x58F0, {0x00,0x80,0x3F,0xFE,0x3F,0xFE,0x00,0x80,0x1F,0xFC,0x00,0x00,0x0F,0xF8,0x1F,0xFC,0x10,0x84,0x19,0x8C,0x1F,0xFC,0x10,0x04,0x30,0x00,0x20,0x00,0x20,0x00,0x00,0x00}},
    {0x58F3, {0x01,0x00,0x3F,0xFC,0x7F,0xFC,0x01,0x00,0x3F,0xF8,0x00,0x00,0x3F,0xF8,0x7F,0xFC,0x47,0xC4,0x4F,0xE4,0x0C,0x60,0x0C,0x60,0x18,0x66,0x70,0x7C,0x40,0x18,0x00,0x00}},
    {0x58F6, {0x00,0x00,0x01,0x00,0x7F,0xFC,0x7F,0xFC,0x01,0x00,0x3F,0xF8,0x00,0x00,0x7F,0xFC,0x40,0x04,0x06,0xC8,0x36,0xD8,0x16,0xF0,0x0E,0xE0,0x06,0xC0,0x7F,0xFC,0x00,0x00}},
    {0x58F9, {0x01,0x00,0x7F,0xFC,0x7F,0xFC,0x3F,0xF8,0x00,0x00,0x7F,0xFC,0x6F,0xEC,0x0F,0xE0,0x1F,0xF0,0x10,0x10,0x10,0x10,0x1F,0xF0,0x04,0x60,0x7F,0xFC,0x00,0x00,0x00,0x00}},
    {0x5904, {0x10,0x40,0x10,0x60,0x1E,0x60,0x3F,0x60,0x33,0x70,0x32,0x70,0x72,0x78,0x76,0x6C,0x1E,0x64,0x0C,0x60,0x0C,0x60,0x1E,0x40,0x33,0x80,0x61,0xFC,0x40,0x00,0x00,0x00}},
    {0x5907, {0x04,0x00,0x0F,0xC0,0x0F,0xF0,0x3C,0x60,0x66,0xC0,0x03,0x80,0x1E,0xF8,0x78,0x3C,0x3F,0xF8,0x31,0x18,0x33,0x98,0x3F,0xF8,0x31,0x18,0x3F,0xF8,0x3E,0xF0,0x00,0x00}},
    {0x590D, {0x08,0x00,0x1F,0xF8,0x3F,0xF8,0x60,0x00,0x7F,0xF8,0x18,0x18,0x1F,0xF8,0x1F,0xF8,0x0F,0xC0,0x0F,0xF0,0x3C,0x70,0x26,0xC0,0x07,0xC0,0x7C,0x7C,0x40,0x00,0x00,0x00}},
    {0x590F, {0x00,0x00,0x7F,0xFC,0x1F,0xF0,0x3E,0xF8,0x3F,0xF8,0x30,0x18,0x3F,0xF8,0x31,0xF8,0x1E,0x90,0x0F,0xF0,0x3C,0x70,0x66,0x60,0x03,0xC0,0x1F,0xF0,0x78,0x3C,0x00,0x00}},
    {0x5915, {0x01,0x00,0x03,0x00,0x02,0x00,0x07,0xF8,0x0C,0x18,0x18,0x18,0x30,0x10,0x26,0x30,0x03,0xE0,0x00,0xE0,0x00,0xC0,0x03,0x80,0x07,0x00,0x3C,0x00,0x30,0x00,0x00,0x00}},
    {0x5916, {0x18,0x40,0x10,0x60,0x1E,0x60,0x3F,0x60,0x23,0x60,0x63,0x70,0x62,0x78,0x5E,0x4C,0x0E,0x64,0x0C,0x60,0x0C,0x60,0x18,0x60,0x30,0x60,0x60,0x60,0x40,0x40,0x00,0x00}},
    {0x591A, {0x03,0x00,0x03,0xC0,0x0F,0xF0,0x18,0x60,0x34,0xC0,0x07,0x80,0x0E,0x40,0x3C,0xFC,0x23,0x3C,0x0E,0x18,0x19,0xB0,0x00,0xE0,0x03,0xC0,0x3F,0x00,0x30,0x00,0x00,0x00}},
    {0x591C, {0x01,0x00,0x01,0x00,0x7F,0xFC,0x7E,0xC4,0x08,0x80,0x19,0xFC,0x33,0x88,0x33,0x48,0x77,0x38,0x55,0xB0,0x10,0xE0,0x10,0xE0,0x11,0xF0,0x17,0x1C,0x14,0x04,0x00,0x00}},
    {0x5927, {0x01,0x00,0x01,0x00,0x01,0x00,0x01,0x00,0x0B,0xA4,0x7F,0xFC,0x03,0x80,0x03,0x80,0x06,0xC0,0x06,0xC0,0x0C,0x60,0x0C,0x30,0x38,0x18,0x70,0x0C,0x40,0x04,0x00,0x00}},
    {0x5929, {0x00,0x00,0x3F,0xF8,0x3F,0xF8,0x01,0x00,0x01,0x00,0x01,0x00,0x7F,0xFC,0x7F,0xFC,0x03,0x80,0x02,0x80,0x06,0xC0,0x0C,0x60,0x18,0x30,0x70,0x1C,0x40,0x04,0x00,0x00}},
    {0x592A, {0x01,0x00,0x01,0x00,0x01,0x00,0x01,0x00,0x03,0x80,0x7F,0xFC,0x03,0x80,0x03,0x80,0x02,0xC0,0x06,0x40,0x04,0x60,0x0E,0x30,0x1B,0x18,0x71,0x8C,0x40,0x04,0x00,0x00}},
    {0x592B, {0x01,0x00,0x01,0x00,0x3F,0xF8,0x3F,0xF8,0x01,0x00,0x01,0x00,0x01,0x00,0x7F,0xFC,0x07,0xA0,0x03,0x80,0x06,0xC0,0x0C,0x60,0x18,0x30,0x70,0x1C,0x40,0x04,0x00,0x00}},
    {0x592E, {0x01,0x00,0x01,0x00,0x1F,0xF0,0x3F,0xF8,0x31,0x18,0x31,0x18,0x31,0x18,0x7F,0xFC,0x7F,0xFC,0x03,0x80,0x06,0xC0,0x0C,0x60,0x18,0x30,0x70,0x1C,0x40,0x04,0x00,0x00}},
    {0x592F, {0x03,0x00,0x02,0x00,0x7F,0xFC,0x7F,0xFC,0x0C,0x60,0x08,0x20,0x1B,0x18,0x73,0x1C,0x7F,0xF4,0x02,0x30,0x06,0x10,0x04,0x30,0x1C,0x30,0x30,0xE0,0x20,0xC0,0x00,0x00}},
    {0x5934, {0x00,0x80,0x18,0x80,0x0E,0x80,0x02,0x80,0x30,0x80,0x1C,0x80,0x00,0x80,0x7F,0xFC,0x7F,0xFC,0x01,0x00,0x03,0xC0,0x06,0x70,0x0C,0x38,0x78,0x0C,0x60,0x00,0x00,0x00}},
    {0x5937, {0x01,0x00,0x7F,0xFC,0x7F,0xFC,0x01,0x00,0x3F,0xF8,0x01,0x18,0x1F,0xF8,0x3F,0xF0,0x21,0x00,0x3F,0xFC,0x03,0x8C,0x07,0x9C,0x0C,0xF8,0x78,0x3C,0x60,0x0C,0x00,0x00}},
    {0x5938, {0x01,0x00,0x03,0x00,0x3F,0xFC,0x06,0x60,0x0C,0x30,0x3F,0xFC,0x20,0x04,0x1F,0xF8,0x04,0x00,0x0F,0xF0,0x03,0xF0,0x00,0x30,0x00,0x30,0x01,0xE0,0x00,0x00,0x00,0x00}},
    {0x5939, {0x01,0x00,0x01,0x00,0x3F,0xF8,0x7F,0xF8,0x11,0x10,0x19,0x30,0x09,0x20,0x7F,0xFC,0x7F,0xFC,0x03,0x80,0x06,0xC0,0x0C,0x60,0x1C,0x30,0x70,0x1C,0x40,0x04,0x00,0x00}},
    {0x5944, {0x03,0x00,0x03,0x00,0x7F,0xFC,0x6E,0xFC,0x0C,0x20,0x1B,0x30,0x7F,0xFC,0x71,0x1C,0x1F,0xF0,0x11,0x10,0x13,0x90,0x1F,0xF0,0x11,0x04,0x01,0xFC,0x00,0x70,0x00,0x00}},
    {0x5947, {0x01,0x00,0x3F,0xF8,0x3F,0xF8,0x03,0x80,0x0E,0xF0,0x38,0x38,0x7F,0xFC,0x7F,0xFC,0x00,0x10,0x3F,0x10,0x31,0x90,0x3F,0x90,0x3F,0x10,0x30,0x10,0x00,0xF0,0x00,0x00}},
    {0x5948, {0x03,0x00,0x02,0x00,0x7F,0xFC,0x2F,0xE8,0x0C,0x20,0x18,0x30,0x7F,0xFC,0x60,0x04,0x00,0x00,0x3F,0xF8,0x01,0x00,0x19,0x30,0x31,0x18,0x61,0x08,0x07,0x00,0x00,0x00}},
    {0x5949, {0x01,0x00,0x3F,0xF8,0x3F,0xF8,0x3F,0xF0,0x06,0x00,0x06,0x00,0x7F,0xFC,0x09,0x20,0x19,0x30,0x7F,0xFC,0x41,0x04,0x3F,0xF8,0x3F,0xF8,0x01,0x00,0x01,0x00,0x00,0x00}},
    {0x594B, {0x01,0x00,0x01,0x00,0x7F,0xFC,0x37,0xF8,0x06,0xC0,0x0C,0x60,0x3C,0xBC,0x7F,0xFC,0x11,0x10,0x11,0x10,0x1F,0xF0,0x11,0x10,0x1F,0xF0,0x1F,0xF0,0x10,0x10,0x00,0x00}},
    {0x594E, {0x02,0x00,0x02,0x00,0x7F,0xFC,0x2E,0xE8,0x0D,0x60,0x3B,0xB8,0x6F,0xEC,0x41,0x04,0x3F,0xF8,0x01,0x00,0x03,0x80,0x1F,0xF8,0x01,0x00,0x7F,0xFC,0x00,0x00,0x00,0x00}},
    {0x5954, {0x01,0x00,0x03,0x00,0x7F,0xFC,0x2C,0xE8,0x09,0x30,0x3B,0xB8,0x7F,0xEC,0x01,0x00,0x09,0x20,0x0C,0x60,0x7F,0xFC,0x08,0x20,0x18,0x20,0x30,0x20,0x20,0x20,0x00,0x00}},
    {0x5955, {0x01,0x00,0x7B,0xBC,0x7F,0xFC,0x16,0x40,0x36,0xD0,0x64,0xC8,0x4C,0x4C,0x19,0xC0,0x31,0x80,0x03,0x00,0x7F,0xFC,0x03,0x80,0x0C,0xE0,0x78,0x3C,0x60,0x0C,0x00,0x00}},
    {0x5957, {0x03,0x00,0x33,0x98,0x7F,0xFC,0x0C,0x20,0x1F,0xF0,0x78,0x1C,0x6F,0xE4,0x0F,0xE0,0x0F,0xE0,0x08,0x00,0x7F,0xFC,0x0C,0x20,0x18,0x70,0x3F,0xF8,0x00,0x08,0x00,0x00}},
    {0x595A, {0x00,0x18,0x3F,0xF8,0x3B,0x08,0x11,0x90,0x16,0x20,0x0C,0xC0,0x1F,0x80,0x0E,0x30,0x3F,0xF8,0x03,0x00,0x7F,0xFC,0x03,0xC0,0x0E,0x60,0x78,0x3C,0x60,0x0C,0x00,0x00}},
    {0x5962, {0x02,0x00,0x7F,0xFC,0x7F,0xFC,0x1A,0x30,0x7F,0xFC,0x42,0x40,0x1F,0xD8,0x7F,0xFC,0x06,0x00,0x3F,0xF0,0x78,0x30,0x0F,0xF0,0x08,0x10,0x0F,0xF0,0x08,0x10,0x00,0x00}},
    {0x5965, {0x01,0x00,0x0F,0xE0,0x3F,0xF8,0x31,0x58,0x35,0xD8,0x3F,0xF8,0x37,0x98,0x3D,0x78,0x39,0x18,0x03,0x00,0x7F,0xFC,0x03,0x80,0x0E,0x60,0x78,0x3C,0x60,0x0C,0x00,0x00}},
    {0x5973, {0x01,0x00,0x01,0x00,0x03,0x00,0x03,0x00,0x3F,0xFE,0x3F,0xFE,0x04,0x30,0x0C,0x30,0x0C,0x20,0x0E,0x60,0x03,0xC0,0x01,0xE0,0x07,0x38,0x3E,0x0C,0x30,0x04,0x00,0x00}},
    {0x5974, {0x10,0x00,0x11,0xF8,0x31,0xFC,0x7E,0x8C,0x7E,0x88,0x26,0xC8,0x26,0xD8,0x64,0x58,0x6C,0x70,0x3C,0x70,0x18,0x30,0x1C,0x70,0x34,0xD8,0x63,0x8C,0x41,0x04,0x00,0x00}},
    {0x5976, {0x18,0x00,0x19,0xF8,0x11,0xF8,0x3E,0xC8,0x3E,0xD8,0x16,0xD8,0x36,0xDE,0x34,0x86,0x34,0x86,0x1C,0x86,0x0D,0x86,0x1D,0x86,0x13,0x04,0x33,0x3C,0x00,0x18,0x00,0x00}},
    {0x597D, {0x10,0x00,0x31,0xF8,0x31,0xFC,0x7C,0x18,0x7E,0x30,0x24,0x20,0x64,0x20,0x65,0xFC,0x6D,0xFC,0x68,0x20,0x38,0x20,0x1C,0x20,0x34,0x20,0x60,0x20,0x40,0xE0,0x00,0x00}},
    {0x5982, {0x08,0x00,0x08,0x18,0x08,0x7E,0x3F,0x46,0x3F,0x46,0x19,0x46,0x13,0x46,0x13,0x46,0x33,0x46,0x1A,0x46,0x0E,0x46,0x06,0x46,0x0F,0x7E,0x38,0x7E,0x20,0x00,0x00,0x00}},
    {0x5983, {0x10,0x00,0x31,0xF8,0x21,0xFC,0x7C,0x0C,0x7C,0x0C,0x24,0x0C,0x64,0x6C,0x6D,0xFC,0x4D,0x00,0x69,0x00,0x39,0x00,0x19,0x06,0x3D,0x04,0x61,0xFC,0x40,0x78,0x00,0x00}},
    {0x5986, {0x08,0x40,0x18,0xC0,0x58,0xC0,0x68,0xC0,0x3F,0xFC,0x19,0x98,0x09,0x98,0x19,0x18,0x3B,0x10,0x79,0xB0,0x48,0xE0,0x18,0x70,0x18,0xD8,0x1B,0x8C,0x0A,0x00,0x00,0x00}},
    {0x5987, {0x08,0x00,0x18,0xB8,0x18,0xFE,0x3E,0x06,0x3E,0x06,0x12,0x06,0x36,0x16,0x36,0xFC,0x34,0x06,0x1C,0x06,0x0C,0x06,0x0E,0x06,0x1A,0xFC,0x30,0xFE,0x00,0x04,0x00,0x00}},
    {0x5988, {0x00,0x00,0x19,0xF8,0x11,0xFC,0x3C,0x8C,0x3E,0x8C,0x16,0x88,0x35,0x88,0x35,0xFE,0x24,0x76,0x3C,0x02,0x1D,0xFE,0x1C,0x06,0x16,0x04,0x30,0x1C,0x00,0x10,0x00,0x00}},
    {0x598D, {0x00,0x00,0x31,0xFC,0x21,0xFC,0x7C,0x98,0x7C,0x98,0x6C,0x98,0x6D,0xFC,0x4B,0xFC,0x68,0x98,0x38,0x98,0x19,0x98,0x1D,0x98,0x35,0x18,0x63,0x18,0x42,0x18,0x00,0x00}},
    {0x5996, {0x30,0x00,0x30,0xFC,0x21,0xE0,0x7C,0x60,0x7C,0x60,0x24,0x60,0x6F,0xFC,0x6F,0xFC,0x48,0x60,0x78,0x70,0x38,0xD0,0x18,0x98,0x3D,0x98,0x63,0x0C,0x42,0x04,0x00,0x00}},
    {0x5999, {0x10,0x60,0x30,0x60,0x30,0x60,0x7D,0xE8,0x7D,0x6C,0x2D,0x64,0x6F,0x64,0x6B,0x60,0x68,0x68,0x38,0x68,0x18,0x18,0x1C,0x30,0x34,0xE0,0x63,0x80,0x42,0x00,0x00,0x00}},
    {0x599E, {0x30,0x00,0x33,0xFC,0x20,0xCC,0x7C,0xCC,0x7C,0xC8,0x2C,0xC8,0x6C,0xF8,0x6B,0xF8,0x48,0x88,0x78,0x88,0x38,0x88,0x19,0x98,0x3D,0x98,0x67,0xFC,0x43,0xFC,0x00,0x00}},
    {0x59A4, {0x10,0x00,0x31,0xFC,0x30,0x18,0x7C,0xF0,0x7C,0x60,0x2C,0x30,0x6F,0xFE,0x6C,0x64,0x68,0x6C,0x78,0x68,0x18,0x60,0x1C,0x60,0x34,0x60,0x60,0x60,0x40,0xE0,0x00,0x00}},
    {0x59A9, {0x00,0x00,0x31,0xF8,0x21,0xF8,0x7C,0x40,0x7C,0x40,0x24,0xC0,0x6F,0xFC,0x6C,0xE0,0x68,0xE0,0x38,0xA0,0x19,0xA0,0x1D,0x20,0x37,0x26,0x66,0x3C,0x04,0x08,0x00,0x00}},
    {0x59AE, {0x20,0x00,0x23,0xFC,0x23,0x04,0x7B,0x04,0x7B,0xFC,0x6B,0x40,0x6B,0x40,0x4B,0x4C,0x5B,0xF8,0x7A,0x60,0x32,0xC0,0x3A,0xC4,0x66,0xC6,0x44,0x7C,0x00,0x38,0x00,0x00}},
    {0x59AF, {0x18,0x20,0x18,0x30,0x10,0x30,0x3D,0xFE,0x3F,0xFE,0x17,0x36,0x35,0x36,0x35,0xB6,0x25,0xFE,0x3D,0xB6,0x19,0x36,0x1D,0x32,0x1F,0xFE,0x31,0xFE,0x21,0x00,0x00,0x00}},
    {0x59B9, {0x10,0x20,0x30,0x60,0x20,0x60,0x7F,0xFC,0x7C,0x60,0x2C,0x60,0x6D,0xFC,0x6F,0xFC,0x68,0x70,0x38,0xF0,0x19,0xF8,0x1D,0x6C,0x37,0x64,0x62,0x60,0x40,0x60,0x00,0x00}},
    {0x59BB, {0x01,0x00,0x3F,0xFC,0x3F,0xF8,0x1F,0xF8,0x01,0x98,0x3F,0xFC,0x3F,0xFC,0x1F,0xF8,0x3B,0x44,0x3F,0xFC,0x0C,0x20,0x0F,0xE0,0x03,0xF0,0x3E,0x38,0x00,0x00,0x00,0x00}},
    {0x59C6, {0x30,0x00,0x31,0xFC,0x21,0x0C,0x79,0x6C,0x7D,0x2C,0x2B,0x0C,0x6B,0xFC,0x69,0x0C,0x4B,0x4C,0x7B,0x6C,0x33,0x28,0x1B,0xFC,0x3D,0xFC,0x60,0x08,0x40,0x38,0x00,0x00}},
    {0x59CB, {0x10,0x40,0x30,0x40,0x20,0xC0,0x7C,0x98,0x7D,0x8C,0x2F,0xFC,0x6F,0xFC,0x6C,0x00,0x69,0xF8,0x39,0xEC,0x19,0x0C,0x1D,0x0C,0x35,0x0C,0x61,0xFC,0x41,0x0C,0x00,0x00}},
    {0x59CC, {0x30,0x20,0x30,0x60,0x20,0x60,0x79,0xFC,0x7F,0x6C,0x2B,0x6C,0x6B,0xFC,0x6B,0xFC,0x4B,0x64,0x7B,0x6C,0x33,0xFC,0x3B,0x0C,0x3F,0x0C,0x63,0x0C,0x43,0x1C,0x00,0x00}},
    {0x59D0, {0x30,0x00,0x31,0xF8,0x21,0x08,0x7D,0x08,0x7D,0x08,0x2D,0xF8,0x6D,0x08,0x69,0x08,0x69,0x08,0x79,0xF8,0x39,0x08,0x19,0x08,0x39,0x08,0x67,0xFC,0x40,0x00,0x00,0x00}},
    {0x59D1, {0x20,0x20,0x30,0x20,0x20,0x20,0x7C,0x60,0x7D,0xFC,0x6C,0x20,0x6C,0x20,0x4C,0x20,0x49,0xFC,0x79,0x8C,0x39,0x0C,0x19,0x0C,0x3D,0x0C,0x65,0xFC,0x41,0x8C,0x00,0x00}},
    {0x59D3, {0x10,0x20,0x31,0x20,0x21,0x20,0x7D,0x20,0x7D,0xFC,0x2F,0x20,0x6E,0x20,0x6C,0x20,0x69,0xFC,0x39,0xF8,0x18,0x20,0x1C,0x20,0x34,0x20,0x63,0xFC,0x43,0xFC,0x00,0x00}},
    {0x59D4, {0x00,0x10,0x3F,0xF0,0x3B,0x00,0x7F,0xFC,0x6F,0xE4,0x0D,0x60,0x39,0x38,0x63,0x0C,0x06,0x00,0x7F,0xFC,0x08,0x60,0x1C,0x40,0x07,0xC0,0x0F,0xF8,0x7C,0x1C,0x00,0x00}},
    {0x59DA, {0x20,0xB0,0x30,0xB0,0x20,0xB4,0x7E,0xB4,0x7B,0xB8,0x69,0xB8,0x68,0xB0,0x49,0xB8,0x7B,0xBC,0x36,0xB4,0x19,0xB0,0x3D,0xB0,0x63,0x36,0xC6,0x3C,0x04,0x08,0x00,0x00}},
    {0x59DC, {0x08,0x20,0x0C,0x60,0x7F,0xFC,0x03,0x80,0x3F,0xF8,0x01,0x00,0x7F,0xFC,0x7F,0xFC,0x06,0x00,0x7F,0xFC,0x08,0x60,0x1C,0x40,0x0F,0xC0,0x0F,0xF8,0x7C,0x1C,0x00,0x00}},
    {0x59E5, {0x30,0x40,0x30,0xC4,0x21,0xFC,0x79,0xF8,0x7C,0xD0,0x2F,0xF4,0x6F,0xFC,0x68,0xC0,0x4B,0x88,0x7F,0xB8,0x38,0xE0,0x38,0x80,0x2C,0x84,0x60,0xFC,0x00,0x78,0x00,0x00}},
    {0x59E8, {0x30,0x40,0x33,0xFC,0x23,0xFC,0x78,0x40,0x7F,0xFC,0x28,0x6C,0x6B,0xFC,0x6A,0x40,0x4B,0xFC,0x78,0xEC,0x30,0xEC,0x38,0xBC,0x29,0x98,0x67,0x0C,0x44,0x04,0x00,0x00}},
    {0x59EC, {0x30,0x00,0x31,0xFC,0x23,0x30,0x7D,0x30,0x7D,0x30,0x2D,0x78,0x6D,0x4C,0x6B,0x4C,0x4B,0x4C,0x6B,0x78,0x3B,0x30,0x1B,0x30,0x3D,0x30,0x61,0xFC,0x40,0x00,0x00,0x00}},
    {0x59FB, {0x10,0x00,0x11,0xFE,0x11,0x02,0x3F,0x32,0x3F,0x32,0x37,0xFE,0x37,0x32,0x25,0x32,0x35,0x32,0x1D,0x6A,0x0D,0xCE,0x1F,0x86,0x13,0xFE,0x31,0xFE,0x01,0x02,0x00,0x00}},
    {0x59FF, {0x01,0x00,0x33,0xB0,0x1B,0xFC,0x06,0xC8,0x08,0xC8,0x39,0xA0,0x63,0x38,0x0E,0x0C,0x06,0x00,0x7F,0xFC,0x0C,0x60,0x1C,0x40,0x0F,0xC0,0x0F,0xF8,0x7C,0x0C,0x00,0x00}},
    {0x5A01, {0x00,0x58,0x00,0x68,0x3F,0xFC,0x3F,0xFC,0x20,0x60,0x3F,0xEC,0x24,0x6C,0x3F,0x68,0x2F,0xB8,0x69,0x38,0x6F,0x30,0x67,0x34,0x4F,0xF6,0x58,0xDC,0x40,0x8C,0x00,0x00}},
    {0x5A03, {0x20,0x40,0x20,0x60,0x21,0xF8,0x79,0xF8,0x78,0x60,0x68,0x60,0x6B,0xFC,0x48,0x40,0x58,0x60,0x73,0xFC,0x18,0x60,0x3C,0x60,0x24,0x60,0x67,0xFC,0x40,0x00,0x00,0x00}},
    {0x5A04, {0x01,0x00,0x19,0x10,0x09,0x20,0x7F,0xFC,0x07,0xC0,0x0D,0x60,0x39,0x3C,0x62,0x0C,0x7F,0xFC,0x6D,0xFC,0x08,0x60,0x1E,0xC0,0x07,0xC0,0x0F,0xF8,0x7C,0x1C,0x00,0x00}},
    {0x5A05, {0x20,0x00,0x23,0xFC,0x23,0xFC,0x78,0x90,0x78,0xB0,0x6A,0xB4,0x6A,0xB4,0x4B,0xBC,0x5B,0x98,0x7B,0x98,0x30,0x90,0x38,0x90,0x28,0xB0,0x67,0xFC,0x40,0x00,0x00,0x00}},
    {0x5A07, {0x10,0x00,0x31,0xF8,0x31,0xE0,0x7C,0x40,0x7F,0xFC,0x2C,0xD8,0x2D,0x88,0x6B,0x8C,0x6A,0x9C,0x78,0x98,0x38,0x98,0x18,0x98,0x3D,0x98,0x63,0x18,0x42,0x18,0x00,0x00}},
    {0x5A0C, {0x30,0x00,0x33,0xFC,0x23,0x6C,0x7B,0x6C,0x7F,0xFC,0x2F,0x6C,0x6B,0x64,0x6B,0xFC,0x48,0xF0,0x78,0x60,0x3B,0xFC,0x18,0x60,0x3C,0x60,0x63,0xFC,0x43,0x9C,0x00,0x00}},
    {0x5A18, {0x10,0x40,0x30,0x60,0x31,0xF8,0x7B,0x0C,0x7F,0x08,0x2F,0xF8,0x6B,0x0C,0x6B,0xFC,0x4B,0xF8,0x7B,0x6C,0x33,0x38,0x3B,0x30,0x3F,0x58,0x63,0xCC,0x42,0x00,0x00,0x00}},
    {0x5A1C, {0x20,0x00,0x27,0xFC,0x22,0xE4,0x7A,0xEC,0x7B,0xEC,0x6F,0xF8,0x5A,0xF8,0x5A,0xEC,0x57,0xE4,0x76,0xE4,0x32,0xE4,0x36,0xFC,0x64,0xF8,0x4C,0xA0,0x09,0xA0,0x00,0x00}},
    {0x5A1F, {0x18,0x00,0x18,0xFC,0x10,0x84,0x3E,0x84,0x3E,0xFC,0x16,0x00,0x37,0xFE,0x35,0x86,0x35,0xFE,0x3D,0x86,0x0D,0x86,0x0F,0xFE,0x1B,0x86,0x31,0x8E,0x00,0x08,0x00,0x00}},
    {0x5A31, {0x30,0x00,0x33,0xFC,0x23,0x0C,0x7F,0x0C,0x7D,0xFC,0x24,0x00,0x6C,0x00,0x6F,0xFC,0x68,0x60,0x78,0x60,0x3B,0xFC,0x1C,0xE0,0x3C,0xB0,0x67,0x9C,0x42,0x04,0x00,0x00}},
    {0x5A32, {0x10,0x00,0x11,0xF8,0x11,0x08,0x3D,0x88,0x35,0xF8,0x24,0x20,0x25,0xFC,0x2F,0x6C,0x3B,0x64,0x1B,0x74,0x1F,0xDC,0x1F,0x8C,0x33,0x04,0x63,0x1C,0x00,0x00,0x00,0x00}},
    {0x5A34, {0x11,0x00,0x11,0xFE,0x10,0x86,0x3D,0x26,0x3F,0x26,0x37,0xFE,0x37,0x36,0x27,0x76,0x2F,0x7E,0x3B,0xEE,0x19,0xA6,0x1F,0x26,0x17,0x26,0x33,0x0E,0x20,0x04,0x00,0x00}},
    {0x5A46, {0x10,0x40,0x1B,0xFC,0x23,0xFC,0x13,0xF8,0x0B,0x98,0x16,0xF0,0x35,0xFC,0x01,0x0C,0x13,0x40,0x3F,0xFC,0x0C,0x20,0x0F,0xE0,0x03,0xF0,0x3E,0x3C,0x00,0x00,0x00,0x00}},
    {0x5A49, {0x10,0x40,0x11,0xFC,0x13,0xFC,0x3F,0x04,0x35,0x80,0x25,0xFC,0x2D,0x64,0x2E,0x74,0x2F,0xE4,0x38,0xFC,0x18,0xB0,0x1D,0xB0,0x35,0x36,0x23,0x1C,0x00,0x00,0x00,0x00}},
    {0x5A55, {0x20,0x40,0x23,0xFC,0x27,0xFC,0x7B,0xF8,0x78,0xC8,0x68,0x4C,0x6F,0xFC,0x48,0x48,0x5B,0xF8,0x7A,0x40,0x33,0x40,0x3B,0x7C,0x3F,0xC0,0x64,0xFC,0x44,0x00,0x00,0x00}},
    {0x5A5A, {0x10,0x78,0x31,0xF0,0x33,0x20,0x7D,0xFC,0x7D,0x30,0x2D,0x10,0x6F,0xDE,0x69,0x0C,0x69,0xFC,0x39,0x08,0x19,0x0C,0x1D,0xF8,0x35,0x0C,0x61,0xF8,0x41,0x08,0x00,0x00}},
    {0x5A74, {0x00,0x00,0x3F,0x7C,0x31,0x46,0x35,0x56,0x3D,0x56,0x2D,0x54,0x1E,0x38,0x33,0x66,0x03,0x00,0x3F,0xFE,0x06,0x30,0x0C,0x30,0x07,0xE0,0x07,0xF8,0x3E,0x0C,0x00,0x00}},
    {0x5A75, {0x31,0x08,0x31,0x98,0x20,0x90,0x7D,0xFC,0x6F,0x6C,0x2F,0x6C,0x6F,0xFC,0x6B,0x64,0x6B,0xFC,0x38,0x60,0x18,0x60,0x1F,0xFC,0x34,0x60,0x60,0x60,0x40,0x60,0x00,0x00}},
    {0x5A77, {0x30,0x40,0x33,0xFC,0x23,0xFC,0x79,0xF8,0x79,0x08,0x29,0x08,0x69,0xF8,0x6B,0xFC,0x4F,0xFC,0x7E,0x04,0x31,0xF8,0x38,0x60,0x2C,0x60,0x60,0x60,0x00,0xC0,0x00,0x00}},
    {0x5A92, {0x31,0x08,0x33,0xFC,0x23,0xFC,0x79,0x08,0x7D,0xF8,0x29,0x08,0x69,0x98,0x69,0xF8,0x48,0x60,0x7B,0xFC,0x30,0xF0,0x39,0xF8,0x3F,0x6C,0x66,0x64,0x40,0x60,0x00,0x00}},
    {0x5A9B, {0x20,0x38,0x23,0xF8,0x20,0x48,0x7B,0x58,0x7F,0xFC,0x69,0x80,0x6B,0xD4,0x4F,0xFC,0x59,0x00,0x71,0xF8,0x31,0x98,0x3B,0xD0,0x2E,0x70,0x6F,0xFC,0x49,0x8C,0x00,0x00}},
    {0x5AC2, {0x20,0x40,0x21,0xF8,0x23,0x7C,0x7E,0x64,0x7F,0xFC,0x6E,0x64,0x6B,0xFC,0x6B,0xFC,0x48,0x60,0x7B,0xFC,0x39,0x08,0x19,0x98,0x3C,0xF0,0x67,0xFC,0x47,0x0C,0x00,0x00}},
    {0x5AE9, {0x21,0x10,0x27,0x90,0x27,0xF0,0x79,0x3C,0x7F,0xFC,0x6F,0xE4,0x5D,0x7C,0x5F,0xFC,0x53,0x98,0x73,0x18,0x33,0x98,0x37,0xD8,0x3D,0x3C,0x41,0x66,0x41,0x40,0x00,0x00}},
    {0x5B09, {0x20,0x40,0x23,0xFC,0x27,0xFC,0x7B,0xF8,0x78,0x00,0x6B,0xF8,0x6B,0x08,0x4B,0xF8,0x59,0x10,0x7F,0xFC,0x30,0x00,0x3B,0xFC,0x6A,0x0C,0x43,0xFC,0x02,0x08,0x00,0x00}},
    {0x5B22, {0x20,0x40,0x23,0xFC,0x23,0xFC,0x7B,0x18,0x7B,0xB4,0x6B,0xFC,0x69,0xB0,0x4B,0xF8,0x59,0x90,0x77,0xFC,0x31,0xE8,0x3B,0x38,0x27,0x18,0x61,0xCC,0x41,0x00,0x00,0x00}},
    {0x5B50, {0x00,0x00,0x1F,0xF0,0x3F,0xF8,0x00,0x60,0x00,0xC0,0x01,0x80,0x01,0x00,0x7F,0xFC,0x7F,0xFC,0x01,0x00,0x01,0x00,0x01,0x00,0x01,0x00,0x0F,0x00,0x0E,0x00,0x00,0x00}},
    {0x5B54, {0x00,0x00,0x7F,0x40,0x7F,0x40,0x06,0x40,0x0C,0x40,0x08,0x40,0x08,0x40,0x1F,0x40,0x7E,0x40,0x48,0x40,0x08,0x40,0x08,0x46,0x08,0x46,0x18,0x7C,0x38,0x18,0x00,0x00}},
    {0x5B55, {0x00,0x00,0x7F,0xC0,0x0C,0x40,0x08,0x78,0x18,0x7C,0x18,0x0C,0x3F,0xEC,0x60,0xD8,0x41,0x90,0x03,0x00,0x7F,0xFC,0x01,0x00,0x01,0x00,0x01,0x00,0x07,0x00,0x00,0x00}},
    {0x5B57, {0x01,0x00,0x1B,0xB0,0x7F,0xFC,0x60,0x0C,0x60,0x0C,0x1F,0xE0,0x00,0x60,0x01,0xC0,0x01,0x80,0x7F,0xFC,0x01,0x00,0x01,0x00,0x01,0x00,0x01,0x00,0x07,0x00,0x00,0x00}},
    {0x5B58, {0x02,0x00,0x06,0x00,0x7F,0xFC,0x2D,0x00,0x08,0x00,0x1B,0xF8,0x10,0x38,0x30,0x70,0x70,0x60,0x57,0xFC,0x10,0x60,0x10,0x40,0x10,0x60,0x10,0x40,0x11,0xC0,0x00,0x00}},
    {0x5B59, {0x00,0x20,0x7C,0x60,0x7C,0x60,0x0C,0x60,0x19,0xE8,0x11,0xA8,0x11,0x2C,0x1D,0x6C,0x7B,0x64,0x72,0x66,0x12,0x64,0x10,0x60,0x10,0x20,0x10,0xE0,0x70,0x80,0x00,0x00}},
    {0x5B5A, {0x00,0x18,0x3F,0xF8,0x3F,0x00,0x13,0x18,0x11,0x30,0x18,0x20,0x3F,0xF0,0x00,0x60,0x01,0xC0,0x01,0x80,0x7F,0xFC,0x01,0x00,0x01,0x00,0x01,0x00,0x0F,0x00,0x00,0x00}},
    {0x5B5C, {0x00,0x40,0x3E,0x40,0x3E,0xC0,0x04,0xFC,0x0D,0xC8,0x09,0xC8,0x09,0x48,0x1E,0x58,0x38,0x70,0x08,0x30,0x08,0x30,0x08,0x78,0x09,0xCC,0x3B,0x04,0x00,0x00,0x00,0x00}},
    {0x5B5D, {0x02,0x00,0x1F,0xD8,0x3F,0xF0,0x02,0x20,0x02,0x60,0x7F,0xFC,0x03,0x00,0x0F,0xF0,0x78,0xF0,0x61,0x80,0x3F,0xFC,0x01,0x80,0x01,0x80,0x01,0x80,0x07,0x00,0x00,0x00}},
    {0x5B5F, {0x00,0x00,0x1F,0xF0,0x00,0xE0,0x01,0x80,0x7F,0xFC,0x01,0x80,0x01,0x00,0x07,0x00,0x06,0x00,0x3F,0xF8,0x36,0xD8,0x26,0xC8,0x26,0xC8,0x7F,0xFC,0x5F,0xF4,0x00,0x00}},
    {0x5B63, {0x00,0x30,0x3F,0xF0,0x33,0x00,0x7F,0xFC,0x6F,0xE4,0x0D,0x60,0x39,0x38,0x7F,0xFC,0x0F,0xE0,0x01,0x80,0x7B,0xBC,0x7F,0xFC,0x01,0x00,0x01,0x00,0x0F,0x00,0x00,0x00}},
    {0x5B66, {0x01,0x00,0x11,0x18,0x19,0xB0,0x7F,0xFC,0x60,0x0C,0x40,0x04,0x1F,0xE0,0x00,0xC0,0x01,0x80,0x7F,0xFC,0x03,0x80,0x01,0x00,0x01,0x00,0x01,0x00,0x0F,0x00,0x00,0x00}},
    {0x5B69, {0x00,0x20,0x3C,0x20,0x3F,0xFC,0x05,0xEC,0x08,0x40,0x18,0x98,0x09,0xF0,0x1E,0x60,0x3C,0x4C,0x39,0x98,0x09,0x30,0x18,0x78,0x19,0xCC,0x3B,0x84,0x00,0x00,0x00,0x00}},
    {0x5B75, {0x10,0x04,0x36,0xFC,0x67,0xF0,0x5D,0x54,0x5D,0x5C,0x7F,0x68,0x77,0x7C,0x7F,0x18,0x5D,0x10,0x5D,0x30,0x75,0xFC,0x17,0x10,0x34,0x10,0x64,0x30,0x44,0x70,0x00,0x00}},
    {0x5B78, {0x08,0x00,0x33,0xB8,0x3A,0xB8,0x33,0x98,0x3B,0xB8,0x36,0xD8,0x7F,0xFC,0x4F,0xE4,0x0F,0xE4,0x00,0xC0,0x03,0x80,0x7F,0xFC,0x01,0x00,0x01,0x00,0x07,0x00,0x00,0x00}},
    {0x5B81, {0x01,0x00,0x01,0x00,0x3F,0xF8,0x7F,0xFC,0x60,0x0C,0x00,0x00,0x1C,0x70,0x7F,0xFC,0x01,0x00,0x01,0x00,0x01,0x00,0x01,0x00,0x01,0x00,0x0F,0x00,0x06,0x00,0x00,0x00}},
    {0x5B85, {0x01,0x80,0x0D,0xF8,0x3F,0xFE,0x30,0x06,0x20,0xF6,0x1F,0xC0,0x19,0x00,0x01,0x00,0x03,0xFE,0x3F,0xC0,0x01,0x80,0x01,0x82,0x01,0x86,0x01,0xFE,0x00,0x78,0x00,0x00}},
    {0x5B87, {0x01,0x00,0x1F,0xF0,0x7F,0xFC,0x60,0x0C,0x60,0x0C,0x1F,0xF0,0x01,0x00,0x01,0x00,0x7F,0xFC,0x3F,0xF8,0x01,0x00,0x01,0x00,0x01,0x00,0x0F,0x00,0x06,0x00,0x00,0x00}},
    {0x5B88, {0x01,0x00,0x01,0x00,0x7F,0xF8,0x7E,0x3C,0x60,0x4C,0x00,0x40,0x7F,0xFC,0x7F,0xFC,0x00,0x40,0x18,0x40,0x0C,0x40,0x04,0x40,0x00,0x40,0x01,0xC0,0x01,0x80,0x00,0x00}},
    {0x5B89, {0x03,0x00,0x03,0x00,0x3F,0xF8,0x7E,0x7C,0x62,0x0C,0x06,0x00,0x7F,0xFC,0x7F,0xFC,0x08,0x60,0x18,0x40,0x0F,0xC0,0x03,0xC0,0x07,0x70,0x3C,0x18,0x20,0x08,0x00,0x00}},
    {0x5B8B, {0x01,0x00,0x01,0x00,0x7F,0xFC,0x7C,0x7C,0x41,0x0C,0x01,0x00,0x0B,0xE0,0x7F,0xFC,0x07,0xC0,0x07,0xC0,0x09,0x20,0x19,0x38,0x71,0x1C,0x41,0x04,0x01,0x00,0x00,0x00}},
    {0x5B8C, {0x03,0x00,0x01,0x00,0x7F,0xFC,0x68,0x2C,0x40,0x0C,0x5F,0xF4,0x00,0x00,0x00,0x00,0x7F,0xFC,0x0C,0xC0,0x04,0x40,0x0C,0xC0,0x18,0xC4,0x70,0x7C,0x60,0x38,0x00,0x00}},
    {0x5B8F, {0x00,0x80,0x0F,0xF8,0x3F,0xFE,0x21,0x06,0x23,0x06,0x03,0x00,0x3F,0xFE,0x06,0x00,0x04,0xC0,0x0C,0x80,0x09,0x90,0x19,0x18,0x33,0x1C,0x27,0xFC,0x00,0x04,0x00,0x00}},
    {0x5B93, {0x01,0x00,0x01,0x00,0x7F,0xFC,0x7E,0x6C,0x63,0x0C,0x01,0xB0,0x04,0xA0,0x24,0x70,0x24,0xD8,0x6D,0x8C,0x67,0x04,0x4E,0x34,0x3C,0x30,0x67,0xE0,0x03,0xC0,0x00,0x00}},
    {0x5B97, {0x00,0x80,0x0F,0xF8,0x3F,0xFE,0x20,0x06,0x20,0x06,0x0F,0xF0,0x00,0x00,0x3F,0xFE,0x3F,0xFE,0x00,0x80,0x08,0x98,0x18,0x8C,0x30,0x86,0x23,0x82,0x03,0x00,0x00,0x00}},
    {0x5B98, {0x01,0x00,0x1F,0xF0,0x7F,0xFC,0x60,0x0C,0x1F,0xF0,0x18,0x30,0x10,0x10,0x1F,0xF0,0x18,0x00,0x18,0x00,0x1F,0xF0,0x10,0x18,0x10,0x18,0x1F,0xF0,0x18,0x10,0x00,0x00}},
    {0x5B99, {0x01,0x00,0x01,0x00,0x3F,0xF8,0x7F,0xFC,0x61,0x0C,0x01,0x00,0x1F,0xF0,0x3F,0xF8,0x31,0x18,0x31,0x18,0x3F,0xF8,0x31,0x18,0x31,0x18,0x3F,0xF8,0x10,0x18,0x00,0x00}},
    {0x5B9A, {0x01,0x00,0x01,0x00,0x7F,0xFC,0x68,0x2C,0x40,0x0C,0x1F,0xF0,0x01,0x00,0x01,0x00,0x19,0x00,0x11,0xF8,0x19,0x00,0x39,0x00,0x2F,0x00,0x63,0xFC,0x40,0xFC,0x00,0x00}},
    {0x5B9B, {0x01,0x00,0x1F,0xF0,0x7F,0xFC,0x40,0x04,0x58,0x00,0x18,0xF8,0x3F,0xC8,0x32,0x88,0x62,0x88,0x5E,0x98,0x0C,0xB8,0x0C,0x80,0x18,0x84,0x70,0xFC,0x40,0x38,0x00,0x00}},
    {0x5B9C, {0x01,0x00,0x01,0x00,0x7F,0xFC,0x78,0x3C,0x60,0x0C,0x0F,0xE0,0x08,0x20,0x0F,0xE0,0x0F,0xE0,0x08,0x20,0x0C,0x60,0x0F,0xE0,0x08,0x20,0x7F,0xFC,0x77,0xDC,0x00,0x00}},
    {0x5B9D, {0x01,0x00,0x01,0x00,0x7F,0xF8,0x68,0x6C,0x60,0x0C,0x3F,0xF8,0x1F,0xF0,0x01,0x00,0x01,0x00,0x1F,0xF0,0x01,0x20,0x01,0x30,0x01,0x10,0x7F,0xFC,0x7F,0xFC,0x00,0x00}},
    {0x5B9E, {0x01,0x00,0x01,0x00,0x3F,0xF8,0x72,0x7C,0x69,0x8C,0x0D,0x80,0x11,0x80,0x19,0x80,0x09,0x00,0x7F,0xFC,0x03,0x00,0x06,0xE0,0x0C,0x70,0x38,0x1C,0x20,0x00,0x00,0x00}},
    {0x5BA0, {0x01,0x00,0x1F,0xF0,0x7F,0xFC,0x60,0x0C,0x66,0x64,0x06,0x30,0x7F,0xFC,0x04,0x80,0x0C,0x98,0x0C,0xF0,0x08,0xE0,0x19,0xC0,0x37,0x84,0x64,0xFC,0x00,0x38,0x00,0x00}},
    {0x5BA1, {0x01,0x00,0x1B,0xB0,0x7F,0xFC,0x61,0x0C,0x01,0x00,0x3F,0xF8,0x31,0x18,0x31,0x18,0x3F,0xF8,0x31,0x18,0x33,0x98,0x3F,0xF8,0x21,0x00,0x01,0x00,0x01,0x00,0x00,0x00}},
    {0x5BA2, {0x01,0x00,0x1F,0xF0,0x7F,0xFC,0x46,0x0C,0x0F,0xE0,0x1C,0x60,0x36,0xC0,0x03,0x80,0x0F,0xE0,0x7C,0x7C,0x5F,0xF4,0x18,0x30,0x18,0x30,0x1F,0xF0,0x18,0x30,0x00,0x00}},
    {0x5BA3, {0x01,0x00,0x1F,0xF0,0x7F,0xFC,0x60,0x0C,0x7F,0xFC,0x00,0x00,0x0F,0xC0,0x1F,0xF0,0x18,0x30,0x1F,0xF0,0x18,0x30,0x1F,0xF0,0x0F,0xE0,0x7F,0xFC,0x7F,0xFC,0x00,0x00}},
    {0x5BA4, {0x01,0x00,0x1F,0xF0,0x7F,0xFC,0x40,0x04,0x3F,0xF8,0x06,0x60,0x0C,0x60,0x1F,0xF0,0x13,0x10,0x01,0x00,0x3F,0xF8,0x01,0x00,0x01,0x00,0x7F,0xFC,0x7E,0xFC,0x00,0x00}},
    {0x5BAA, {0x01,0x00,0x1F,0xF0,0x7F,0xFC,0x41,0x04,0x19,0x00,0x1B,0xB0,0x3F,0xF8,0x21,0x00,0x7F,0xFC,0x3E,0xF8,0x0C,0xC0,0x0C,0xC4,0x18,0xC4,0x70,0xFC,0x40,0x38,0x00,0x00}},
    {0x5BAB, {0x01,0x00,0x01,0x00,0x7F,0xFC,0x60,0x0C,0x60,0x0C,0x1F,0xF0,0x18,0x30,0x1F,0xF0,0x00,0x00,0x00,0x00,0x3F,0xF8,0x30,0x18,0x30,0x18,0x3F,0xF8,0x10,0x18,0x00,0x00}},
    {0x5BB0, {0x01,0x00,0x1F,0xF0,0x7F,0xFC,0x41,0x0C,0x03,0x80,0x3F,0xF8,0x08,0x20,0x0C,0x60,0x7F,0xFC,0x01,0x00,0x01,0x00,0x3F,0xF8,0x01,0x00,0x01,0x00,0x01,0x00,0x00,0x00}},
    {0x5BB3, {0x01,0x00,0x1F,0xF0,0x7F,0xFC,0x61,0x0C,0x1F,0xF8,0x01,0x00,0x1F,0xF0,0x1F,0xF0,0x7F,0xFC,0x03,0x80,0x1F,0xF0,0x10,0x10,0x10,0x10,0x1F,0xF0,0x10,0x10,0x00,0x00}},
    {0x5BB4, {0x01,0x00,0x3F,0xF8,0x7F,0xFC,0x4F,0xE4,0x18,0x30,0x18,0x30,0x1F,0xF0,0x1F,0xF0,0x06,0x00,0x7F,0xFC,0x0C,0x60,0x1C,0x40,0x07,0xC0,0x0F,0xF0,0x7C,0x18,0x00,0x00}},
    {0x5BB5, {0x01,0x00,0x3F,0xF8,0x7F,0xFC,0x69,0x2C,0x09,0x20,0x1F,0xF0,0x1F,0xF0,0x10,0x10,0x1F,0xF0,0x10,0x10,0x1F,0xF0,0x10,0x10,0x10,0x10,0x10,0x70,0x00,0x00,0x00,0x00}},
    {0x5BB6, {0x01,0x00,0x1F,0xF0,0x7F,0xFC,0x60,0x04,0x7F,0xF4,0x07,0x00,0x0F,0x18,0x39,0x30,0x27,0xE0,0x1D,0xE0,0x71,0xB0,0x07,0x90,0x1C,0x98,0x71,0x8C,0x07,0x00,0x00,0x00}},
    {0x5BB8, {0x01,0x00,0x1F,0xF0,0x7F,0xFC,0x40,0x04,0x3F,0xFC,0x30,0x00,0x37,0xF0,0x37,0xF0,0x3F,0xFC,0x3D,0xD8,0x24,0x98,0x24,0x60,0x6C,0x70,0x4F,0x9C,0x4C,0x04,0x00,0x00}},
    {0x5BB9, {0x01,0x00,0x1F,0xF0,0x7F,0xFC,0x60,0x0C,0x0C,0x60,0x19,0x30,0x33,0x98,0x06,0xC0,0x0C,0x70,0x38,0x3C,0x7F,0xFC,0x58,0x30,0x18,0x30,0x1F,0xF0,0x18,0x30,0x00,0x00}},
    {0x5BBD, {0x01,0x00,0x1F,0xF0,0x7F,0xFC,0x44,0x44,0x3F,0xF8,0x04,0x40,0x0F,0xE0,0x1F,0xF0,0x11,0x10,0x13,0x10,0x13,0x90,0x13,0x94,0x0E,0x84,0x78,0xFC,0x60,0x78,0x00,0x00}},
    {0x5BBE, {0x00,0x80,0x0F,0xF8,0x3F,0xFE,0x30,0x16,0x27,0xF6,0x0C,0x00,0x0C,0x48,0x0F,0xFC,0x08,0x30,0x0C,0x30,0x3F,0xFE,0x04,0x20,0x0C,0x38,0x38,0x0E,0x20,0x04,0x00,0x00}},
    {0x5BBF, {0x00,0x80,0x0F,0xF8,0x3F,0xFE,0x30,0x02,0x0F,0xFE,0x08,0x60,0x18,0x60,0x39,0xFC,0x39,0x04,0x09,0x04,0x19,0xFC,0x19,0x04,0x19,0x04,0x19,0xFC,0x09,0x04,0x00,0x00}},
    {0x5BC2, {0x01,0x00,0x1F,0xF0,0x7F,0xFC,0x40,0x04,0x18,0x00,0x1F,0xFC,0x08,0xCC,0x7F,0xC8,0x7F,0x48,0x08,0x78,0x6A,0x30,0x6B,0x30,0x48,0x78,0x08,0xCC,0x39,0x84,0x00,0x00}},
    {0x5BC4, {0x01,0x00,0x3F,0xF8,0x7F,0xFC,0x41,0x04,0x1F,0xF0,0x03,0x80,0x0C,0x60,0x7F,0xFC,0x7F,0xFC,0x00,0x10,0x1F,0x90,0x10,0x90,0x1F,0x90,0x1E,0x10,0x00,0x70,0x00,0x00}},
    {0x5BC5, {0x01,0x00,0x1F,0xF0,0x7F,0xFC,0x60,0x0C,0x5F,0xF4,0x01,0x00,0x1F,0xF0,0x3F,0xF8,0x3F,0xF8,0x33,0x18,0x31,0x18,0x1F,0xF0,0x0C,0x70,0x78,0x3C,0x60,0x0C,0x00,0x00}},
    {0x5BC6, {0x01,0x00,0x1F,0xF0,0x7F,0xFC,0x42,0x24,0x43,0x64,0x3C,0xD8,0x2D,0x98,0x4E,0x34,0x7F,0xE0,0x61,0x00,0x01,0x08,0x31,0x18,0x31,0x18,0x3F,0xF8,0x00,0x18,0x00,0x00}},
    {0x5BC7, {0x01,0x00,0x1F,0xF0,0x7F,0xFC,0x40,0x04,0x3E,0x40,0x00,0x78,0x00,0x40,0x7F,0xF8,0x7C,0x98,0x34,0x90,0x24,0x70,0x24,0xF0,0x65,0x86,0x67,0xFC,0x41,0xF0,0x00,0x00}},
    {0x5BCC, {0x01,0x00,0x3F,0xF8,0x7F,0xFC,0x6F,0xEC,0x00,0x00,0x1F,0xF0,0x10,0x30,0x1F,0xF0,0x02,0x80,0x3F,0xF8,0x33,0x98,0x3F,0xF8,0x21,0x08,0x3F,0xF8,0x30,0x18,0x00,0x00}},
    {0x5BD2, {0x01,0x00,0x3F,0xF8,0x7F,0xFC,0x44,0x44,0x3F,0xF8,0x0C,0x60,0x1F,0xF0,0x04,0x40,0x7F,0xFC,0x0C,0x60,0x1B,0xB0,0x70,0xDC,0x4E,0x04,0x07,0xE0,0x00,0x60,0x00,0x00}},
    {0x5BD3, {0x01,0x00,0x1F,0xF0,0x7F,0xFC,0x7F,0xFC,0x11,0x10,0x11,0x10,0x1F,0xF0,0x1F,0xF0,0x07,0xC0,0x3F,0xF8,0x21,0x08,0x23,0xE8,0x2F,0xE8,0x20,0x08,0x20,0x38,0x00,0x00}},
    {0x5BDD, {0x01,0x00,0x3F,0xF8,0x7F,0xFC,0x43,0xFC,0x18,0x18,0x53,0xF8,0x72,0xD8,0x33,0xF0,0x17,0xFC,0x16,0x0C,0x77,0xF8,0x51,0x90,0x10,0xE0,0x11,0xF8,0x1F,0x1C,0x00,0x00}},
    {0x5BDF, {0x01,0x00,0x3F,0xF8,0x7F,0xFC,0x48,0x04,0x1F,0xF8,0x36,0xD8,0x6C,0x70,0x1F,0xF0,0x37,0xDC,0x60,0x04,0x3F,0xF8,0x09,0x20,0x19,0x30,0x71,0x1C,0x67,0x00,0x00,0x00}},
    {0x5BE7, {0x01,0x00,0x1F,0xF0,0x7F,0xFC,0x43,0x0C,0x1D,0x30,0x37,0xC0,0x10,0x00,0x3F,0xF8,0x32,0x98,0x7F,0xFC,0x00,0x00,0x3F,0xF8,0x01,0x00,0x01,0x00,0x07,0x00,0x00,0x00}},
    {0x5BE8, {0x01,0x00,0x3F,0xF8,0x7F,0xFC,0x44,0x44,0x3F,0xF8,0x06,0x60,0x1F,0xF0,0x7F,0xFC,0x7F,0xF4,0x19,0x30,0x7F,0xFC,0x41,0x00,0x19,0x60,0x31,0x30,0x07,0x00,0x00,0x00}},
    {0x5BEE, {0x01,0x00,0x3F,0xF8,0x7F,0xFC,0x41,0x04,0x1F,0xF0,0x26,0xC8,0x3F,0xF8,0x7F,0xFC,0x5F,0xF4,0x18,0x30,0x1F,0xF0,0x09,0x20,0x19,0x30,0x31,0x18,0x27,0x08,0x00,0x00}},
    {0x5BF0, {0x01,0x00,0x3F,0xF8,0x7F,0xFC,0x5F,0xF4,0x16,0xD0,0x1F,0xF0,0x7F,0xFC,0x3F,0xF8,0x18,0x30,0x10,0x10,0x1F,0xF8,0x1E,0x98,0x7C,0xF0,0x0F,0x3C,0x0C,0x04,0x00,0x00}},
    {0x5BF6, {0x01,0x00,0x3F,0xB8,0x7F,0xFC,0x3D,0xA0,0x3F,0xF8,0x08,0x68,0x1C,0xF8,0x1F,0xE0,0x1B,0xF8,0x1F,0xF0,0x1F,0xF0,0x10,0x18,0x1F,0xF0,0x3C,0x38,0x60,0x08,0x00,0x00}},
    {0x5BF9, {0x00,0x18,0x00,0x18,0x7E,0x18,0x3E,0x18,0x07,0xFC,0x06,0x18,0x24,0x18,0x3C,0x98,0x1C,0xD8,0x0C,0xD8,0x1E,0x58,0x12,0x18,0x30,0x18,0x60,0x78,0x00,0x60,0x00,0x00}},
    {0x5BFA, {0x01,0x00,0x01,0x00,0x3F,0xF8,0x03,0x80,0x01,0x00,0x7F,0xFC,0x00,0x60,0x00,0x60,0x7F,0xFC,0x7F,0xFC,0x18,0x60,0x0C,0x60,0x04,0x60,0x01,0xE0,0x00,0x80,0x00,0x00}},
    {0x5BFB, {0x3F,0xF0,0x00,0x10,0x1F,0xF0,0x3F,0xF0,0x00,0x10,0x3F,0xF0,0x00,0x60,0x00,0x60,0xFF,0xFC,0x18,0x60,0x08,0x60,0x0C,0x60,0x00,0x60,0x01,0xE0,0x01,0x80,0x00,0x00}},
    {0x5BFC, {0x3F,0xF8,0x30,0x08,0x3F,0xF8,0x3F,0xF8,0x30,0x04,0x30,0x06,0x1F,0xFC,0x00,0x30,0x77,0xF6,0x7F,0xFE,0x08,0x30,0x0C,0x30,0x06,0x30,0x00,0x30,0x01,0xE0,0x00,0x00}},
    {0x5BFF, {0x01,0x00,0x3F,0xF8,0x3F,0xF8,0x02,0x00,0x3F,0xF8,0x06,0x00,0x7F,0xFC,0x7F,0xFC,0x0C,0x30,0x1F,0xFC,0x30,0x30,0x66,0x30,0x63,0x30,0x01,0x30,0x00,0xE0,0x00,0x00}},
    {0x5C01, {0x08,0x08,0x18,0x08,0x7E,0x08,0x3C,0x18,0x18,0xFC,0x7E,0x08,0x7E,0x08,0x08,0xC8,0x18,0x48,0x7E,0x68,0x18,0x08,0x18,0x08,0x1F,0x08,0x7E,0x18,0x00,0x38,0x00,0x00}},
    {0x5C04, {0x08,0x08,0x1C,0x18,0x3E,0x08,0x22,0x18,0x3F,0xFC,0x22,0x18,0x3E,0x08,0x3E,0xD8,0x22,0x48,0x7E,0x48,0x0E,0x48,0x1A,0x18,0x32,0x08,0x62,0x18,0x0E,0x78,0x00,0x00}},
    {0x5C06, {0x18,0x40,0x18,0xF8,0x59,0xFC,0x5B,0x08,0x38,0xF0,0x38,0xE0,0x1B,0xD0,0x1B,0x18,0x1F,0xFC,0x78,0x18,0x59,0x18,0x19,0x98,0x18,0x98,0x18,0x18,0x18,0x70,0x00,0x00}},
    {0x5C08, {0x01,0x00,0x3F,0xF8,0x7F,0xFC,0x1F,0xF0,0x33,0x98,0x3F,0xF8,0x33,0x98,0x1F,0xF0,0x7F,0xF8,0x38,0x68,0x7F,0xFC,0x18,0x60,0x0C,0x60,0x04,0x60,0x01,0xE0,0x00,0x00}},
    {0x5C09, {0x00,0x08,0x7F,0x08,0x61,0x08,0x61,0x88,0x7F,0xFC,0x60,0x08,0x7F,0x08,0x60,0x48,0x7F,0x68,0x6E,0x28,0x65,0x28,0x75,0x08,0x75,0x88,0xC4,0x08,0x0C,0x38,0x00,0x00}},
    {0x5C0A, {0x08,0x20,0x3D,0x78,0x7F,0xFC,0x1F,0xF0,0x36,0xD8,0x2C,0xF8,0x3D,0x18,0x37,0xF8,0x3F,0xF8,0x00,0x60,0x00,0x60,0x7F,0xFC,0x08,0x20,0x04,0x60,0x01,0xE0,0x00,0x00}},
    {0x5C0F, {0x01,0x00,0x01,0x00,0x01,0x00,0x01,0x00,0x11,0x10,0x31,0x18,0x31,0x18,0x31,0x0C,0x21,0x0C,0x61,0x04,0x41,0x06,0x01,0x00,0x01,0x00,0x0F,0x00,0x06,0x00,0x00,0x00}},
    {0x5C11, {0x00,0x00,0x01,0x00,0x01,0x00,0x01,0x00,0x11,0x10,0x31,0x18,0x21,0x08,0x61,0x0C,0x41,0x04,0x01,0x10,0x01,0x30,0x00,0xE0,0x03,0x80,0x3F,0x00,0x78,0x00,0x00,0x00}},
    {0x5C14, {0x08,0x00,0x08,0x00,0x18,0x00,0x1F,0xFC,0x31,0x8C,0x61,0x08,0x41,0x18,0x09,0x30,0x19,0x30,0x11,0x18,0x31,0x08,0x61,0x0C,0x41,0x04,0x01,0x00,0x07,0x00,0x00,0x00}},
    {0x5C16, {0x01,0x00,0x01,0x00,0x19,0x30,0x11,0x18,0x31,0x08,0x61,0x0C,0x01,0x00,0x01,0x00,0x7F,0xFC,0x7F,0xFC,0x03,0x80,0x06,0xC0,0x0C,0x60,0x78,0x3C,0x60,0x0C,0x00,0x00}},
    {0x5C18, {0x01,0x00,0x01,0x00,0x19,0x30,0x11,0x18,0x31,0x0C,0x61,0x04,0x01,0x00,0x00,0x00,0x01,0x00,0x3F,0xF8,0x03,0x80,0x01,0x00,0x01,0x00,0x7F,0xFC,0x7F,0xFC,0x00,0x00}},
    {0x5C1A, {0x01,0x80,0x31,0x8C,0x19,0x98,0x09,0x90,0x09,0x90,0x3F,0xFC,0x20,0x04,0x27,0xE4,0x27,0xE4,0x24,0x24,0x26,0x64,0x27,0xE4,0x24,0x04,0x30,0x1C,0x20,0x18,0x00,0x00}},
    {0x5C1D, {0x01,0x00,0x19,0x10,0x09,0x30,0x7F,0xFC,0x60,0x0C,0x6F,0xEC,0x3F,0xF8,0x00,0x00,0x7F,0xFC,0x7F,0xFC,0x0C,0x60,0x08,0x30,0x18,0xF0,0x3F,0xF8,0x00,0x08,0x00,0x00}},
    {0x5C24, {0x02,0x00,0x03,0x70,0x03,0x18,0x03,0x08,0x7F,0xFC,0x03,0x00,0x03,0x80,0x03,0x80,0x06,0x80,0x04,0x80,0x0D,0x84,0x0D,0x84,0x39,0x84,0x70,0xFC,0x40,0x78,0x00,0x00}},
    {0x5C27, {0x02,0x00,0x02,0x0C,0x1F,0xFC,0x3B,0x08,0x01,0xB8,0x01,0xE2,0x1F,0xFE,0x18,0x1C,0x00,0x00,0x3F,0xFE,0x06,0x60,0x06,0x60,0x0C,0x62,0x38,0x3E,0x20,0x00,0x00,0x00}},
    {0x5C31, {0x18,0x20,0x08,0x28,0x7F,0x2C,0x00,0x20,0x3E,0xFC,0x62,0x60,0x62,0x60,0x7E,0x70,0x1C,0x70,0x2A,0x50,0x2A,0x50,0x6A,0xD0,0x49,0x96,0x09,0x9C,0x19,0x00,0x00,0x00}},
    {0x5C39, {0x00,0x00,0x3F,0xF0,0x3F,0xF8,0x02,0x18,0x03,0x18,0x7F,0xFC,0x03,0x18,0x02,0x18,0x02,0x18,0x3F,0xF8,0x06,0x18,0x04,0x00,0x1C,0x00,0x38,0x00,0x60,0x00,0x00,0x00}},
    {0x5C3A, {0x00,0x00,0x3F,0xF8,0x30,0x18,0x30,0x08,0x30,0x08,0x30,0x18,0x3F,0xF8,0x30,0x80,0x30,0xC0,0x30,0xC0,0x20,0x60,0x20,0x60,0x60,0x38,0x40,0x1C,0x40,0x04,0x00,0x00}},
    {0x5C3C, {0x1F,0xFC,0x10,0x0C,0x10,0x0C,0x1F,0xFC,0x1F,0xF8,0x12,0x00,0x16,0x00,0x16,0x18,0x36,0xF0,0x37,0xC0,0x36,0x00,0x36,0x06,0x26,0x06,0x63,0xFC,0x40,0x00,0x00,0x00}},
    {0x5C3D, {0x00,0x00,0x1F,0xF8,0x30,0x18,0x30,0x08,0x30,0x18,0x3F,0xF8,0x30,0x60,0x30,0x20,0x27,0x30,0x21,0xD8,0x60,0x0C,0x48,0x04,0x0F,0x00,0x01,0xE0,0x00,0x60,0x00,0x00}},
    {0x5C3E, {0x3F,0xFC,0x30,0x04,0x20,0x04,0x3F,0xFC,0x3F,0xFC,0x21,0xF0,0x3F,0x80,0x21,0xFC,0x2F,0xE0,0x20,0x8E,0x23,0xFC,0x6F,0x80,0x60,0x82,0x40,0xFE,0x00,0x08,0x00,0x00}},
    {0x5C40, {0x1F,0xFC,0x18,0x0C,0x10,0x0C,0x1F,0xFC,0x18,0x00,0x18,0x00,0x1F,0xFE,0x10,0x06,0x13,0xE6,0x16,0x26,0x36,0x24,0x27,0xE4,0x66,0x04,0x00,0x3C,0x00,0x00,0x00,0x00}},
    {0x5C42, {0x3F,0xFC,0x30,0x04,0x20,0x04,0x3F,0xFC,0x3F,0xFC,0x20,0x00,0x27,0xFC,0x20,0x00,0x30,0x00,0x3F,0xFE,0x23,0x10,0x62,0x18,0x66,0x1C,0x4F,0xFC,0x40,0x04,0x00,0x00}},
    {0x5C45, {0x3F,0xFC,0x30,0x0C,0x30,0x04,0x3F,0xFC,0x3F,0xFC,0x30,0x40,0x3F,0xFE,0x30,0xC0,0x20,0xC0,0x27,0xF8,0x2F,0xFC,0x6C,0x0C,0x6C,0x0C,0x4F,0xFC,0x44,0x0C,0x00,0x00}},
    {0x5C48, {0x3F,0xFC,0x30,0x04,0x30,0x04,0x3F,0xFC,0x3F,0xF8,0x24,0x44,0x24,0x4C,0x24,0xCC,0x27,0xFC,0x20,0xC0,0x2C,0x44,0x6C,0x46,0x6C,0x46,0x4F,0xFC,0x40,0x04,0x00,0x00}},
    {0x5C4B, {0x00,0x00,0x3F,0xF8,0x20,0x08,0x3F,0xF8,0x3F,0xF0,0x30,0x00,0x3F,0xFC,0x26,0x30,0x2F,0xF8,0x2F,0x88,0x21,0x80,0x6F,0xF8,0x60,0x80,0x5F,0xFC,0x40,0x00,0x00,0x00}},
    {0x5C4F, {0x00,0x00,0x3F,0xF8,0x20,0x0C,0x3F,0xFC,0x3F,0xF8,0x26,0x10,0x26,0x30,0x3F,0xFC,0x22,0x30,0x22,0x30,0x3F,0xFC,0x66,0x30,0x66,0x30,0x4C,0x30,0x48,0x20,0x00,0x00}},
    {0x5C51, {0x1F,0xFE,0x18,0x06,0x18,0x02,0x1F,0xFE,0x1F,0xFE,0x1B,0x24,0x19,0x6C,0x13,0xFE,0x12,0x06,0x13,0xFE,0x12,0x06,0x33,0xFE,0x33,0xFE,0x22,0x06,0x22,0x1E,0x00,0x00}},
    {0x5C55, {0x00,0x00,0x3F,0xF8,0x20,0x0C,0x3F,0xF8,0x3F,0xF8,0x22,0x20,0x37,0xF8,0x3F,0xFC,0x22,0x20,0x3F,0xFC,0x24,0xC8,0x64,0x78,0x64,0xF0,0x4F,0x9C,0x4C,0x0C,0x00,0x00}},
    {0x5C5E, {0x3F,0xFC,0x30,0x04,0x3F,0xFC,0x3F,0xFC,0x27,0xF8,0x30,0xC0,0x37,0xFC,0x2C,0xCC,0x27,0xFC,0x20,0xC0,0x2F,0xFC,0x68,0xC4,0x6F,0xF4,0x48,0x14,0x48,0x0C,0x00,0x00}},
    {0x5C60, {0x3F,0xFC,0x30,0x04,0x3E,0x7C,0x3F,0xFC,0x31,0x84,0x3F,0xFC,0x31,0xB8,0x3F,0xFE,0x30,0xC0,0x21,0xC0,0x3F,0xFC,0x7F,0xFC,0x63,0x0C,0x43,0xFC,0x02,0x0C,0x00,0x00}},
    {0x5C6F, {0x01,0x00,0x01,0x00,0x7F,0xF8,0x7F,0xF8,0x01,0x00,0x31,0x08,0x31,0x08,0x31,0x08,0x31,0x08,0x3F,0xF8,0x03,0x80,0x01,0x00,0x01,0x06,0x01,0xFC,0x00,0x78,0x00,0x00}},
    {0x5C71, {0x01,0x00,0x01,0x00,0x01,0x00,0x21,0x08,0x21,0x08,0x21,0x08,0x21,0x08,0x21,0x08,0x21,0x08,0x21,0x08,0x21,0x08,0x21,0x08,0x3F,0xF8,0x3F,0xF8,0x00,0x08,0x00,0x00}},
    {0x5C79, {0x10,0xC0,0x10,0xC0,0x10,0xFC,0x55,0xFC,0x57,0x00,0x57,0x00,0x54,0xF8,0x54,0x10,0x54,0x30,0x54,0x60,0x5C,0xC0,0x7D,0x84,0x01,0x86,0x01,0xFC,0x00,0x78,0x00,0x00}},
    {0x5C7A, {0x10,0x00,0x19,0xFC,0x18,0x0C,0x5A,0x0C,0x5E,0x0C,0x5E,0x0C,0x5E,0xFC,0x5E,0xFC,0x5E,0x80,0x5A,0x80,0x5E,0x80,0x7E,0x84,0x00,0x86,0x00,0xFC,0x00,0x78,0x00,0x00}},
    {0x5C7F, {0x10,0x00,0x10,0x80,0x10,0xFC,0x54,0xFC,0x55,0x80,0x55,0x80,0x55,0xF0,0x55,0xFC,0x54,0x0C,0x54,0x0C,0x7F,0xFC,0x7C,0x0C,0x00,0x08,0x00,0x38,0x00,0x30,0x00,0x00}},
    {0x5C81, {0x00,0x80,0x18,0x8C,0x10,0x84,0x1F,0xFC,0x0B,0x78,0x03,0x00,0x07,0xF8,0x0F,0xF8,0x18,0x18,0x12,0x30,0x03,0x20,0x01,0xC0,0x03,0x80,0x1E,0x00,0x18,0x00,0x00,0x00}},
    {0x5C90, {0x10,0x20,0x10,0x20,0x11,0xFC,0x57,0xFC,0x54,0x20,0x54,0x20,0x55,0xF8,0x55,0xFC,0x55,0x88,0x54,0x98,0x5C,0xD0,0x7C,0x70,0x00,0xF0,0x03,0x9C,0x02,0x04,0x00,0x00}},
    {0x5C91, {0x01,0x00,0x21,0x0C,0x3F,0xFC,0x3F,0xF8,0x03,0x80,0x06,0xC0,0x39,0x78,0x71,0x9C,0x00,0x80,0x3F,0xF0,0x00,0x30,0x00,0x60,0x00,0xC0,0x00,0x80,0x01,0x80,0x00,0x00}},
    {0x5C94, {0x00,0x40,0x0C,0x60,0x18,0x30,0x30,0x1C,0x7F,0xF4,0x06,0x30,0x04,0x30,0x3C,0xE0,0x30,0xC0,0x01,0x00,0x31,0x08,0x31,0x08,0x31,0x08,0x3F,0xF8,0x00,0x18,0x00,0x00}},
    {0x5C97, {0x01,0x00,0x21,0x08,0x3F,0xF8,0x3F,0xF8,0x00,0x00,0x3F,0xF8,0x20,0x2C,0x28,0x6C,0x2E,0xCC,0x23,0x8C,0x23,0x8C,0x26,0xEC,0x3C,0x6C,0x20,0x08,0x20,0x38,0x00,0x00}},
    {0x5C98, {0x10,0x00,0x11,0xFC,0x11,0x8C,0x55,0xAC,0x55,0xAC,0x55,0xAC,0x55,0xAC,0x55,0xAC,0x55,0x2C,0x54,0x70,0x5C,0x70,0x7C,0xF6,0x05,0xB6,0x03,0x1C,0x00,0x00,0x00,0x00}},
    {0x5C99, {0x00,0x30,0x1F,0xF0,0x3F,0x00,0x03,0x00,0x7F,0xFC,0x0E,0xE0,0x1C,0x70,0x71,0x3C,0x61,0x0C,0x21,0x08,0x21,0x08,0x21,0x08,0x21,0x08,0x3F,0xF8,0x00,0x18,0x00,0x00}},
    {0x5C9A, {0x01,0x00,0x21,0x08,0x21,0x08,0x3F,0xF8,0x00,0x00,0x3F,0xF0,0x30,0x18,0x34,0x58,0x36,0xD8,0x33,0x98,0x23,0x98,0x26,0xD8,0x6C,0x6E,0x40,0x0C,0x00,0x00,0x00,0x00}},
    {0x5C9B, {0x03,0x00,0x1F,0xE0,0x1F,0xF0,0x14,0x10,0x17,0x30,0x11,0x70,0x10,0x60,0x1F,0xFC,0x00,0x0C,0x26,0x4C,0x26,0x4C,0x26,0x48,0x3F,0xC8,0x00,0x78,0x00,0x00,0x00,0x00}},
    {0x5CA9, {0x01,0x00,0x21,0x08,0x21,0x08,0x3F,0xF8,0x00,0x00,0x00,0x00,0x7F,0xFC,0x0C,0x00,0x08,0x00,0x1F,0xF8,0x38,0x08,0x78,0x08,0x48,0x08,0x0F,0xF8,0x08,0x08,0x00,0x00}},
    {0x5CAD, {0x10,0x40,0x10,0x60,0x10,0xF0,0x5C,0x90,0x7D,0x98,0x5F,0x4C,0x5E,0x24,0x5D,0xF8,0x5D,0xF8,0x7C,0x18,0x5C,0x10,0x7C,0xB0,0x7C,0xE0,0x00,0x60,0x00,0x30,0x00,0x00}},
    {0x5CB1, {0x09,0x20,0x19,0x30,0x11,0x98,0x37,0xFC,0x76,0xC0,0x70,0xC0,0x10,0x64,0x30,0x3C,0x01,0x08,0x21,0x00,0x21,0x08,0x21,0x08,0x31,0x08,0x3F,0xF8,0x00,0x18,0x00,0x00}},
    {0x5CB3, {0x00,0x00,0x07,0xF8,0x0F,0x00,0x08,0x00,0x0F,0xFC,0x08,0x30,0x08,0x10,0x3F,0xFE,0x3F,0xFE,0x00,0x80,0x10,0x84,0x10,0x84,0x10,0x84,0x1F,0xFC,0x00,0x04,0x00,0x00}},
    {0x5CB8, {0x01,0x00,0x21,0x08,0x21,0x08,0x3F,0xF8,0x00,0x00,0x3F,0xFC,0x20,0x00,0x2F,0xF8,0x2F,0xF8,0x20,0x80,0x6F,0xDC,0x7F,0xFC,0x60,0x80,0x40,0x80,0x00,0x80,0x00,0x00}},
    {0x5CBA, {0x01,0x00,0x21,0x08,0x21,0x08,0x3F,0xF8,0x03,0x80,0x06,0xC0,0x1C,0x70,0x73,0x1C,0x41,0x00,0x3F,0xF0,0x00,0x70,0x04,0xE0,0x07,0x80,0x01,0xC0,0x00,0xC0,0x00,0x00}},
    {0x5CE1, {0x10,0x60,0x10,0x60,0x11,0xFC,0x55,0xFC,0x55,0x64,0x55,0x6C,0x55,0xE8,0x54,0x68,0x57,0xFC,0x54,0x60,0x7C,0x70,0x7C,0x90,0x01,0x98,0x03,0x0C,0x02,0x04,0x00,0x00}},
    {0x5CE5, {0x10,0x00,0x10,0xE0,0x11,0xF0,0x55,0x30,0x57,0xF8,0x54,0x6C,0x54,0x6C,0x57,0xFC,0x54,0x6C,0x54,0x68,0x55,0xFC,0x7C,0x68,0x7C,0x60,0x00,0x60,0x00,0xC0,0x00,0x00}},
    {0x5CE6, {0x01,0x00,0x3B,0xB8,0x7F,0xFC,0x06,0xC0,0x16,0xD0,0x36,0xD8,0x26,0xCC,0x06,0xC0,0x01,0x00,0x21,0x08,0x21,0x08,0x21,0x08,0x21,0x08,0x3F,0xF8,0x00,0x18,0x00,0x00}},
    {0x5CE8, {0x10,0x40,0x13,0xF8,0x13,0xBC,0x54,0xB4,0x5D,0xB0,0x57,0xFC,0x5D,0xB0,0x5D,0x94,0x5D,0xFC,0x5F,0x98,0x55,0x98,0x7D,0x90,0x79,0xBE,0x01,0xEC,0x03,0x04,0x00,0x00}},
    {0x5CEA, {0x10,0x00,0x10,0xD8,0x10,0x8C,0x55,0x24,0x57,0x64,0x54,0x70,0x54,0xD8,0x55,0x88,0x57,0x0C,0x57,0xFC,0x55,0x8C,0x7D,0x8C,0x05,0x8C,0x01,0xF8,0x00,0x88,0x00,0x00}},
    {0x5CEF, {0x01,0x00,0x21,0x08,0x3F,0xF8,0x06,0x00,0x0F,0xE0,0x3C,0x60,0x67,0xC0,0x1F,0xF8,0x79,0x3C,0x3F,0xF0,0x03,0x80,0x1F,0xF0,0x7F,0xFC,0x3F,0xFC,0x01,0x00,0x00,0x00}},
    {0x5CF0, {0x10,0x40,0x10,0xF0,0x11,0xF8,0x57,0x98,0x57,0x70,0x54,0x70,0x55,0xFC,0x57,0x2C,0x55,0xFC,0x54,0x60,0x5D,0xF8,0x7C,0x64,0x27,0xFC,0x00,0x20,0x00,0x60,0x00,0x00}},
    {0x5CF6, {0x02,0x00,0x1F,0xE0,0x3D,0xE0,0x1F,0xE0,0x10,0x20,0x1F,0xE0,0x1F,0xC0,0x1F,0xF8,0x3F,0xF0,0x1F,0xF8,0x04,0x88,0x6C,0x98,0x3F,0x98,0x00,0x70,0x00,0x00,0x00,0x00}},
    {0x5CFB, {0x00,0x40,0x10,0xD0,0x11,0x98,0x7B,0xFC,0x7D,0x94,0x7C,0x98,0x7D,0x8C,0x7E,0xC4,0x7C,0xF8,0x7D,0x98,0x7F,0x98,0x7E,0x70,0x7C,0x70,0x03,0xDC,0x03,0x0C,0x00,0x00}},
    {0x5D02, {0x10,0x98,0x13,0xFC,0x13,0xFC,0x7C,0x98,0x7C,0x00,0x7F,0xFC,0x7F,0x04,0x7C,0x40,0x7D,0xF8,0x7C,0xEC,0x7C,0xCC,0x7C,0x88,0x01,0x88,0x03,0x38,0x00,0x00,0x00,0x00}},
    {0x5D07, {0x00,0x80,0x10,0x84,0x1F,0xFC,0x1F,0xFC,0x01,0x80,0x3F,0xFE,0x30,0x06,0x0F,0xF0,0x00,0x00,0x3F,0xFE,0x01,0x80,0x0C,0x90,0x18,0x98,0x30,0x84,0x03,0x80,0x00,0x00}},
    {0x5D0E, {0x10,0x20,0x11,0xF8,0x11,0xFC,0x54,0x70,0x54,0xD8,0x55,0x8C,0x57,0xFC,0x54,0x0C,0x55,0xEC,0x55,0xAC,0x55,0xAC,0x7D,0xEC,0x7D,0x0C,0x00,0x0C,0x00,0x38,0x00,0x00}},
    {0x5D11, {0x01,0x00,0x21,0x0C,0x3F,0xFC,0x00,0x00,0x1F,0xF8,0x30,0x18,0x3F,0xF8,0x3F,0xF8,0x15,0x00,0x30,0x88,0x3F,0xF8,0x30,0xE0,0x30,0x84,0x3F,0xC4,0x00,0xFC,0x00,0x00}},
    {0x5D14, {0x01,0x00,0x61,0x0C,0x61,0x08,0x7F,0xF8,0x08,0x80,0x18,0xC0,0x1F,0xFC,0x30,0x80,0x7F,0xF8,0x10,0x80,0x10,0xC0,0x1F,0xF8,0x10,0x80,0x1F,0xFC,0x10,0x00,0x00,0x00}},
    {0x5D1F, {0x01,0x00,0x21,0x08,0x21,0x08,0x3F,0xF8,0x03,0x80,0x07,0xC0,0x1C,0x78,0x7F,0xFC,0x47,0xC0,0x01,0x00,0x3F,0xF8,0x09,0x30,0x09,0x20,0x7F,0xFC,0x00,0x00,0x00,0x00}},
    {0x5D27, {0x01,0x00,0x21,0x08,0x3F,0xF8,0x3F,0xF8,0x10,0x90,0x10,0x90,0x7D,0x98,0x7D,0x88,0x1B,0x6C,0x3C,0x40,0x74,0xD0,0x50,0x98,0x51,0x98,0x11,0xFC,0x10,0x00,0x00,0x00}},
    {0x5D29, {0x00,0x80,0x30,0x84,0x30,0x84,0x1F,0xFC,0x00,0x00,0x1F,0x7C,0x13,0x44,0x1F,0x7C,0x1F,0x7C,0x33,0x44,0x3F,0x7C,0x33,0x44,0x23,0xC4,0x67,0x8C,0x00,0x08,0x00,0x00}},
    {0x5D2D, {0x01,0x00,0x61,0x0C,0x7F,0xFC,0x1C,0x08,0x18,0x3C,0x7F,0xF0,0x30,0xC0,0x2C,0xFC,0x7F,0xFC,0x0C,0xD8,0x0E,0x98,0x7F,0x98,0x4C,0x98,0x0D,0x98,0x09,0x18,0x00,0x00}},
    {0x5D2E, {0x01,0x80,0x21,0x84,0x3F,0xFC,0x3F,0xFC,0x00,0x00,0x3F,0xFC,0x21,0x84,0x3F,0xF4,0x21,0x84,0x27,0xE4,0x24,0x24,0x27,0xE4,0x27,0xE4,0x3F,0xFC,0x30,0x04,0x00,0x00}},
    {0x5D34, {0x01,0x00,0x21,0x08,0x3F,0xF8,0x0C,0xF8,0x00,0x58,0x3F,0xFC,0x20,0x40,0x3F,0x48,0x24,0x48,0x3F,0xF8,0x29,0x30,0x6B,0x30,0x67,0x74,0x5D,0xF4,0x50,0x8C,0x00,0x00}},
    {0x5D4A, {0x10,0x78,0x13,0xF0,0x10,0x20,0x57,0xFC,0x7D,0xF8,0x7D,0xF8,0x7F,0xFC,0x7C,0xF8,0x7F,0xF0,0x57,0xFC,0x7C,0xF0,0x7D,0xF8,0x07,0x6C,0x02,0x64,0x00,0x20,0x00,0x00}},
    {0x5D4C, {0x01,0x00,0x21,0x0C,0x3F,0xF8,0x3F,0xF8,0x22,0x40,0x66,0xC0,0x7F,0xFC,0x26,0x84,0x27,0xBC,0x3E,0x30,0x26,0x30,0x26,0x70,0x3E,0x58,0x3E,0xCC,0x23,0x84,0x00,0x00}},
    {0x5D58, {0x10,0x90,0x13,0xFC,0x13,0xFC,0x5C,0x90,0x5F,0xFC,0x5F,0x6C,0x5C,0x64,0x5F,0xFC,0x5F,0xFC,0x5C,0xF0,0x5D,0xF8,0x7D,0x6C,0x2E,0x64,0x00,0x60,0x00,0x20,0x00,0x00}},
    {0x5D69, {0x00,0x00,0x21,0x0C,0x3F,0xFC,0x03,0x80,0x7F,0xFC,0x00,0x00,0x1F,0xF0,0x1F,0xF0,0x00,0x00,0x7F,0xFC,0x60,0x0C,0x6F,0xEC,0x6F,0xEC,0x6C,0x0C,0x60,0x18,0x00,0x00}},
    {0x5DC5, {0x01,0x00,0x7F,0xFC,0x3F,0xF8,0x08,0xFC,0x7F,0x30,0x18,0x20,0x3E,0xFC,0x26,0x8C,0x3E,0xBC,0x62,0xAC,0x3E,0xAC,0x66,0xA4,0x7E,0x68,0x66,0xCC,0x40,0x84,0x00,0x00}},
    {0x5DCD, {0x01,0x00,0x61,0x0C,0x7F,0xFC,0x3E,0x60,0x78,0xFC,0x19,0xA4,0x7F,0xBC,0x3D,0xFC,0x59,0x24,0x7F,0xFC,0x36,0x60,0x3C,0x7C,0x3C,0xFC,0x3F,0xA4,0x63,0x3C,0x00,0x00}},
    {0x5DDD, {0x00,0x00,0x30,0x04,0x31,0x84,0x31,0x84,0x31,0x84,0x31,0x84,0x31,0x84,0x31,0x84,0x31,0x84,0x31,0x84,0x31,0x84,0x21,0x84,0x61,0x84,0x40,0x04,0x40,0x04,0x00,0x00}},
    {0x5DDE, {0x08,0x84,0x08,0xC4,0x08,0xC4,0x18,0xC4,0x2E,0xE4,0x6E,0xF4,0x4A,0xD4,0x5B,0xDC,0x18,0xC4,0x18,0xC4,0x10,0xC4,0x30,0xC4,0x60,0xC4,0x60,0x04,0x00,0x00,0x00,0x00}},
    {0x5DE1, {0x00,0x00,0x62,0x4C,0x32,0x48,0x16,0xD8,0x04,0x90,0x0D,0xB0,0x7D,0xB0,0x34,0x90,0x36,0xD8,0x32,0x48,0x33,0x6C,0x31,0x24,0x78,0x00,0x4F,0xFC,0x01,0xF8,0x00,0x00}},
    {0x5DE2, {0x09,0x10,0x33,0x30,0x33,0x30,0x19,0x98,0x3F,0xF8,0x33,0x98,0x3F,0xF8,0x31,0x08,0x3F,0xF8,0x03,0x80,0x7F,0xFC,0x0F,0xE0,0x1D,0x70,0x71,0x1C,0x01,0x00,0x00,0x00}},
    {0x5DE5, {0x00,0x00,0x00,0x00,0x3F,0xF8,0x3F,0xF8,0x01,0x00,0x01,0x00,0x01,0x00,0x01,0x00,0x01,0x00,0x01,0x00,0x01,0x00,0x01,0x00,0x7F,0xFC,0x7F,0xFC,0x00,0x00,0x00,0x00}},
    {0x5DE6, {0x00,0x00,0x06,0x00,0x06,0x00,0x06,0x00,0x7F,0xFC,0x0C,0x00,0x0C,0x00,0x08,0x00,0x1F,0xFC,0x18,0xC0,0x10,0xC0,0x30,0xC0,0x60,0xC0,0x40,0xC0,0x1F,0xFC,0x00,0x00}},
    {0x5DE7, {0x00,0x00,0x03,0xFC,0x7F,0xFC,0x7C,0x80,0x10,0x80,0x10,0x80,0x11,0x80,0x11,0xFC,0x10,0x04,0x10,0x0C,0x3C,0x0C,0xF0,0x0C,0x00,0x0C,0x00,0xF8,0x00,0x70,0x00,0x00}},
    {0x5DE8, {0x3F,0xFC,0x30,0x00,0x20,0x00,0x20,0x00,0x3F,0xF8,0x3F,0xF8,0x20,0x08,0x20,0x08,0x20,0x08,0x3F,0xF8,0x3F,0xF8,0x20,0x00,0x20,0x00,0x30,0x00,0x3F,0xFE,0x00,0x00}},
    {0x5DE9, {0x00,0x00,0x03,0xF0,0x7B,0x30,0x7B,0x10,0x13,0x10,0x33,0x90,0x33,0xD0,0x33,0x70,0x33,0x10,0x3E,0x10,0x7A,0x16,0x46,0x16,0x04,0x16,0x0C,0x1C,0x08,0x00,0x00,0x00}},
    {0x5DEB, {0x00,0x00,0x3F,0xFC,0x7F,0xFC,0x01,0x00,0x19,0x30,0x19,0x30,0x11,0x30,0x19,0x30,0x3D,0x78,0x27,0xCC,0x63,0xC4,0x41,0x00,0x03,0x00,0x7F,0xFC,0x00,0x00,0x00,0x00}},
    {0x5DF1, {0x3F,0xF0,0x7F,0xF0,0x00,0x10,0x00,0x10,0x00,0x10,0x00,0x10,0x3F,0xF0,0x60,0x10,0x60,0x00,0x60,0x00,0x60,0x04,0x60,0x04,0x20,0x0C,0x3F,0xFC,0x0F,0xF0,0x00,0x00}},
    {0x5DF2, {0x7F,0xF0,0x7F,0xF0,0x00,0x10,0x20,0x10,0x60,0x10,0x60,0x10,0x7F,0xF0,0x6F,0xB0,0x60,0x00,0x60,0x00,0x60,0x04,0x60,0x04,0x60,0x0C,0x3F,0xF8,0x0F,0xF0,0x00,0x00}},
    {0x5DF4, {0x3F,0xF0,0x7F,0xF8,0x63,0x18,0x63,0x18,0x63,0x18,0x63,0x18,0x7F,0xF8,0x6C,0xD8,0x60,0x00,0x60,0x00,0x60,0x04,0x60,0x04,0x60,0x0C,0x3F,0xF8,0x1F,0xF0,0x00,0x00}},
    {0x5DF7, {0x00,0x00,0x0C,0x60,0x3F,0xF8,0x3F,0xF8,0x0C,0x60,0x7F,0xFC,0x7F,0xFC,0x0F,0xE0,0x3F,0xF8,0x78,0x2C,0x4C,0x64,0x0F,0xE0,0x08,0x08,0x0F,0xF8,0x03,0xE0,0x00,0x00}},
    {0x5DFD, {0x3E,0xFC,0x23,0xC4,0x3E,0xFC,0x3F,0xFC,0x3F,0x7E,0x1E,0x38,0x0C,0x20,0x3F,0xFC,0x0C,0x30,0x0C,0x30,0x7F,0xFE,0x7F,0xFE,0x0C,0x30,0x78,0x1E,0x60,0x04,0x00,0x00}},
    {0x5DFE, {0x01,0x00,0x01,0x00,0x01,0x00,0x3F,0xF8,0x3F,0xF8,0x21,0x08,0x21,0x08,0x21,0x08,0x21,0x08,0x21,0x08,0x21,0x08,0x21,0x38,0x21,0x30,0x01,0x00,0x01,0x00,0x00,0x00}},
    {0x5E01, {0x00,0x00,0x3F,0xF8,0x7F,0x80,0x01,0x00,0x01,0x00,0x3F,0xF8,0x31,0x18,0x31,0x18,0x31,0x18,0x31,0x18,0x31,0x18,0x31,0x18,0x31,0x70,0x01,0x00,0x01,0x00,0x00,0x00}},
    {0x5E02, {0x03,0x00,0x01,0x00,0x7F,0xFC,0x7F,0xFC,0x01,0x00,0x03,0x00,0x3F,0xF8,0x31,0x08,0x21,0x08,0x31,0x08,0x21,0x08,0x31,0x18,0x21,0x70,0x01,0x00,0x01,0x00,0x00,0x00}},
    {0x5E03, {0x01,0x00,0x03,0x00,0x3F,0xFE,0x3F,0xFE,0x06,0x40,0x0C,0xC0,0x0F,0xF0,0x1F,0xFC,0x3C,0xC4,0x2C,0xC4,0x0C,0xC4,0x0C,0xC4,0x0C,0xDC,0x00,0xD0,0x00,0xC0,0x00,0x00}},
    {0x5E05, {0x08,0x60,0x08,0x60,0x48,0x60,0x6B,0xFC,0x6B,0x6C,0x6B,0x6C,0x6B,0x6C,0x6B,0x6C,0x6B,0x6C,0x0B,0x6C,0x1B,0x6C,0x13,0x78,0x30,0x60,0x30,0x60,0x20,0x20,0x00,0x00}},
    {0x5E06, {0x10,0x00,0x11,0xF8,0x11,0x98,0x7D,0x98,0x5F,0x98,0x57,0xD8,0x55,0xD8,0x55,0x78,0x57,0xB8,0x57,0x18,0x5F,0x18,0x5D,0x18,0x13,0x1A,0x16,0x0C,0x14,0x04,0x00,0x00}},
    {0x5E08, {0x08,0x00,0x0B,0xFC,0x68,0x60,0x68,0x60,0x6B,0xFC,0x6B,0x6C,0x6B,0x6C,0x6B,0x6C,0x6B,0x6C,0x6B,0x6C,0x1B,0x6C,0x1B,0x6C,0x10,0x68,0x30,0x60,0x20,0x60,0x00,0x00}},
    {0x5E0C, {0x00,0x08,0x0E,0x38,0x03,0xE0,0x0F,0xF8,0x1F,0x1C,0x3B,0x4C,0x3F,0xFE,0x04,0x80,0x0F,0xFC,0x3E,0xEC,0x2C,0xC4,0x0C,0xC4,0x0C,0xDC,0x08,0xD8,0x00,0x80,0x00,0x00}},
    {0x5E15, {0x10,0x20,0x10,0x60,0x10,0x60,0x7D,0xF8,0x7F,0x8C,0x57,0x8C,0x57,0x8C,0x57,0x8C,0x57,0xFC,0x57,0x8C,0x5F,0x8C,0x5D,0x8C,0x11,0x8C,0x11,0xFC,0x11,0x8C,0x00,0x00}},
    {0x5E18, {0x01,0x00,0x1F,0xF0,0x7F,0xFC,0x64,0x4C,0x0C,0x70,0x38,0x18,0x01,0x00,0x1F,0xF8,0x3F,0xF8,0x31,0x08,0x31,0x08,0x31,0x08,0x31,0x38,0x21,0x30,0x01,0x00,0x00,0x00}},
    {0x5E1B, {0x01,0x00,0x0F,0xE0,0x1F,0xF8,0x10,0x18,0x1F,0xF8,0x10,0x18,0x1F,0xF8,0x1F,0xF0,0x01,0x00,0x3F,0xF8,0x21,0x08,0x21,0x08,0x21,0x08,0x21,0x38,0x01,0x00,0x00,0x00}},
    {0x5E1D, {0x01,0x00,0x27,0xC8,0x3F,0xF8,0x08,0x20,0x0C,0x60,0x7F,0xFC,0x61,0x0C,0x61,0x0C,0x1F,0xF0,0x13,0x10,0x11,0x10,0x11,0x10,0x11,0x70,0x11,0x20,0x01,0x00,0x00,0x00}},
    {0x5E26, {0x00,0x00,0x19,0x10,0x7F,0xFC,0x7F,0xFC,0x11,0x10,0x00,0x00,0x7F,0xFC,0x41,0x04,0x7F,0xFC,0x1B,0xB8,0x11,0x18,0x11,0x18,0x11,0x38,0x01,0x20,0x01,0x00,0x00,0x00}},
    {0x5E2D, {0x01,0x00,0x0F,0xFC,0x3F,0xFC,0x22,0x10,0x26,0x30,0x3F,0xFC,0x22,0x10,0x27,0xF0,0x21,0xC0,0x20,0x80,0x6F,0xF8,0x68,0x88,0x68,0x8C,0x48,0x98,0x40,0x80,0x00,0x00}},
    {0x5E2E, {0x04,0x00,0x3F,0x7E,0x3F,0xE4,0x1F,0x6C,0x06,0x6C,0x06,0x66,0x3F,0xE6,0x18,0x6C,0x30,0x80,0x1F,0xFC,0x19,0x8C,0x10,0x84,0x10,0x8C,0x18,0x9C,0x00,0x80,0x00,0x00}},
    {0x5E30, {0x08,0x00,0x09,0xFC,0x08,0xFC,0x28,0xFC,0x29,0xFC,0x28,0x00,0x29,0xDC,0x2F,0xFE,0x2A,0x22,0x09,0xFC,0x09,0x24,0x19,0x24,0x11,0x2C,0x30,0x28,0x00,0x20,0x00,0x00}},
    {0x5E38, {0x11,0x10,0x19,0x10,0x3F,0xF8,0x7F,0xFC,0x60,0x0C,0x6F,0xFC,0x08,0x30,0x1F,0xF0,0x07,0xC0,0x01,0x80,0x3F,0xF8,0x31,0x18,0x31,0x18,0x31,0x38,0x01,0x00,0x00,0x00}},
    {0x5E3C, {0x10,0x00,0x13,0xFC,0x12,0x04,0x7F,0xFC,0x7F,0x64,0x56,0x44,0x56,0x64,0x56,0xF4,0x56,0x64,0x56,0x6C,0x5F,0xFC,0x5A,0x04,0x13,0xFC,0x13,0xFC,0x12,0x04,0x00,0x00}},
    {0x5E3D, {0x10,0x00,0x11,0xFC,0x11,0x04,0x7F,0xFC,0x7F,0x0C,0x57,0xFC,0x54,0x00,0x55,0xF8,0x55,0xAC,0x55,0xFC,0x5D,0x8C,0x5D,0xFC,0x11,0x0C,0x11,0xFC,0x11,0x88,0x00,0x00}},
    {0x5E45, {0x10,0x00,0x11,0xFC,0x10,0x00,0x7D,0xF8,0x7D,0x8C,0x55,0x8C,0x55,0xF8,0x54,0x00,0x55,0xFC,0x57,0x64,0x5F,0x64,0x5D,0xFC,0x13,0x24,0x11,0xFC,0x11,0x04,0x00,0x00}},
    {0x5E55, {0x00,0x40,0x7F,0xFC,0x7F,0xFC,0x1F,0xF0,0x30,0x18,0x3F,0xF8,0x30,0x18,0x1F,0xF0,0x7F,0xFC,0x1B,0xB0,0x3B,0x38,0x7F,0xFC,0x51,0x10,0x11,0x30,0x01,0x00,0x00,0x00}},
    {0x5E62, {0x10,0x20,0x11,0x7C,0x11,0xFC,0x7C,0x98,0x7F,0xFE,0x54,0x00,0x55,0xFC,0x55,0xFC,0x55,0xEC,0x5D,0xFC,0x5C,0x20,0x11,0xF8,0x11,0xFC,0x13,0xFC,0x10,0x00,0x00,0x00}},
    {0x5E72, {0x00,0x00,0x3F,0xF8,0x3F,0xF8,0x01,0x00,0x01,0x00,0x01,0x00,0x03,0x80,0x7F,0xFC,0x01,0x00,0x01,0x00,0x01,0x00,0x01,0x00,0x01,0x00,0x01,0x00,0x01,0x00,0x00,0x00}},
    {0x5E73, {0x00,0x00,0x3F,0xF8,0x3F,0xF8,0x01,0x00,0x11,0x10,0x19,0x30,0x09,0x20,0x01,0x00,0x7F,0xFC,0x03,0x80,0x01,0x00,0x01,0x00,0x01,0x00,0x01,0x00,0x01,0x00,0x00,0x00}},
    {0x5E74, {0x08,0x00,0x18,0x00,0x1F,0xFC,0x37,0xF8,0x20,0x80,0x61,0x80,0x1F,0xF8,0x19,0x80,0x11,0x80,0x19,0x80,0x7F,0xFC,0x01,0x80,0x01,0x80,0x01,0x80,0x00,0x80,0x00,0x00}},
    {0x5E78, {0x01,0x00,0x1F,0xF0,0x3F,0xF8,0x01,0x00,0x03,0x00,0x7F,0xFC,0x08,0x20,0x0C,0x60,0x3F,0xF8,0x01,0x00,0x01,0x00,0x7F,0xFC,0x01,0x00,0x01,0x00,0x01,0x00,0x00,0x00}},
    {0x5E7A, {0x02,0x00,0x02,0x00,0x06,0x00,0x0C,0x20,0x08,0x60,0x18,0xC0,0x3F,0x80,0x01,0x80,0x03,0x20,0x06,0x20,0x0C,0x10,0x18,0x78,0x3F,0xF8,0x20,0x0C,0x00,0x00,0x00,0x00}},
    {0x5E7B, {0x04,0x00,0x0C,0x58,0x08,0xFE,0x18,0x06,0x11,0x06,0x33,0x06,0x3E,0x06,0x06,0x06,0x0C,0x06,0x0B,0x06,0x19,0x06,0x1F,0x84,0x3F,0x84,0x00,0xBC,0x00,0x00,0x00,0x00}},
    {0x5E7C, {0x00,0x30,0x0C,0x30,0x08,0x30,0x18,0x30,0x11,0xFE,0x33,0x36,0x3E,0x36,0x3E,0x26,0x04,0x26,0x0F,0x26,0x19,0x66,0x1F,0x66,0x3F,0xC6,0x00,0x9C,0x00,0x08,0x00,0x00}},
    {0x5E7D, {0x01,0x00,0x01,0x00,0x69,0x2C,0x69,0x6C,0x7B,0x4C,0x77,0xFC,0x7D,0xEC,0x6D,0x2C,0x6D,0x7C,0x73,0xDC,0x7F,0xFC,0x63,0x0C,0x7F,0xFC,0x3F,0xFC,0x00,0x04,0x00,0x00}},
    {0x5E7F, {0x00,0x80,0x00,0xC0,0x1F,0xFE,0x1F,0xFE,0x10,0x00,0x10,0x00,0x10,0x00,0x10,0x00,0x10,0x00,0x10,0x00,0x10,0x00,0x30,0x00,0x30,0x00,0x20,0x00,0x20,0x00,0x00,0x00}},
    {0x5E81, {0x01,0x00,0x01,0x80,0x3F,0xFC,0x3E,0x7C,0x20,0x00,0x20,0x00,0x2F,0xFC,0x20,0xC0,0x20,0xC0,0x60,0xC0,0x60,0xC0,0x60,0xC0,0x40,0xC0,0x40,0xC0,0x43,0xC0,0x00,0x00}},
    {0x5E84, {0x01,0x80,0x01,0x80,0x3F,0xFC,0x3F,0xFC,0x20,0x80,0x20,0x80,0x20,0x80,0x2F,0xFC,0x27,0xF8,0x20,0x80,0x20,0x80,0x60,0x80,0x60,0x80,0x5F,0xFC,0x40,0x00,0x00,0x00}},
    {0x5E86, {0x01,0x00,0x01,0x80,0x3F,0xFC,0x3E,0xFC,0x20,0x80,0x20,0x80,0x2F,0xFC,0x2F,0xFC,0x21,0xC0,0x61,0xC0,0x63,0x60,0x63,0x30,0x46,0x18,0xDC,0x0C,0x50,0x04,0x00,0x00}},
    {0x5E8A, {0x01,0x00,0x01,0x80,0x3F,0xFC,0x3E,0xFC,0x20,0x80,0x20,0x80,0x2F,0xFC,0x2F,0xFC,0x21,0xC0,0x63,0xE0,0x66,0x90,0x6C,0x98,0x58,0x8C,0xD0,0x80,0x40,0x80,0x00,0x00}},
    {0x5E8F, {0x01,0x00,0x01,0x80,0x3F,0xFC,0x30,0x04,0x2F,0xF8,0x20,0x30,0x23,0x60,0x21,0xC0,0x3F,0xFC,0x60,0xCC,0x60,0x98,0x60,0x90,0x40,0x80,0x40,0x80,0x43,0x80,0x00,0x00}},
    {0x5E90, {0x00,0x80,0x00,0xC0,0x1F,0xFE,0x1F,0xE4,0x10,0x60,0x13,0xFC,0x12,0x04,0x12,0x04,0x17,0xFC,0x36,0x04,0x36,0x00,0x36,0x00,0x34,0x00,0x2C,0x00,0x28,0x00,0x00,0x00}},
    {0x5E93, {0x01,0x00,0x0D,0xF4,0x3F,0xFC,0x21,0x00,0x23,0x80,0x2F,0xFC,0x22,0x00,0x26,0x40,0x27,0xF8,0x27,0xF8,0x60,0x40,0x6F,0xFC,0x4F,0xFC,0x40,0x40,0x40,0x40,0x00,0x00}},
    {0x5E94, {0x01,0x00,0x01,0x80,0x3F,0xFC,0x3E,0x30,0x20,0x00,0x29,0x88,0x2D,0x88,0x2C,0x98,0x24,0x98,0x24,0xD0,0x66,0x30,0x60,0x20,0x60,0x60,0x5F,0xFC,0x40,0x00,0x00,0x00}},
    {0x5E95, {0x01,0x80,0x0F,0xFC,0x3F,0xFC,0x20,0x18,0x2F,0xF0,0x2C,0x40,0x2C,0x40,0x2C,0x40,0x2F,0xFC,0x6C,0x60,0x6C,0x20,0x6C,0xA0,0x4F,0xF4,0xCE,0x5C,0x00,0x00,0x00,0x00}},
    {0x5E97, {0x00,0x80,0x00,0xC0,0x1F,0xFE,0x1F,0xFE,0x10,0xC0,0x10,0xC0,0x10,0xFE,0x10,0xC0,0x10,0xC0,0x17,0xFC,0x36,0x0C,0x36,0x0C,0x36,0x0C,0x27,0xFC,0x26,0x0C,0x00,0x00}},
    {0x5E99, {0x01,0x80,0x01,0x80,0x3F,0xFC,0x3F,0x3C,0x20,0xC0,0x20,0xC0,0x27,0xFC,0x24,0xCC,0x24,0xCC,0x24,0xCC,0x27,0xFC,0x2C,0xCC,0x6C,0xCC,0x4F,0xFC,0x44,0x0C,0x00,0x00}},
    {0x5E9A, {0x01,0x00,0x0F,0xFC,0x3F,0xFC,0x20,0x80,0x2F,0xF8,0x20,0x88,0x3F,0xFC,0x3F,0xFC,0x20,0x88,0x2F,0xF8,0x61,0xC0,0x61,0xC0,0x67,0x60,0x5E,0x3C,0x58,0x0C,0x00,0x00}},
    {0x5E9C, {0x00,0x80,0x1F,0xFC,0x3F,0xFC,0x33,0x08,0x32,0x08,0x36,0xFC,0x36,0xFC,0x3E,0x08,0x3E,0xD8,0x36,0x48,0x36,0x48,0x36,0x08,0x26,0x18,0x26,0x38,0x00,0x00,0x00,0x00}},
    {0x5E9E, {0x01,0x00,0x0F,0xF4,0x3F,0xFC,0x23,0x60,0x23,0x30,0x23,0x30,0x3F,0xFC,0x22,0x40,0x22,0x58,0x66,0x70,0x66,0x60,0x64,0xC4,0x4D,0xC6,0xD9,0x7C,0x00,0x00,0x00,0x00}},
    {0x5E9F, {0x01,0x00,0x0F,0xF4,0x3F,0xFC,0x24,0x80,0x2D,0x90,0x2D,0x98,0x2F,0xFC,0x61,0x00,0x63,0x00,0x63,0xF8,0x67,0x30,0x6D,0xA0,0x78,0xE0,0x53,0xB8,0x46,0x0C,0x00,0x00}},
    {0x5EA0, {0x01,0x80,0x0F,0xFC,0x3F,0xFC,0x22,0x10,0x22,0x30,0x27,0x70,0x2F,0xFC,0x20,0x80,0x2F,0xF8,0x64,0xC8,0x60,0x80,0x6F,0xFC,0x4F,0xFC,0x40,0x80,0x40,0x80,0x00,0x00}},
    {0x5EA6, {0x01,0x00,0x0F,0xF4,0x3F,0xFC,0x22,0x10,0x26,0x30,0x3F,0xFC,0x22,0x30,0x23,0xF0,0x20,0x00,0x3F,0xF8,0x66,0x30,0x63,0x30,0x61,0xE0,0x5F,0xFC,0x58,0x0C,0x00,0x00}},
    {0x5EA7, {0x01,0x80,0x0F,0xFC,0x3F,0xFC,0x20,0x80,0x24,0x90,0x24,0x90,0x2E,0xB8,0x6F,0xEC,0x79,0xC4,0x60,0x80,0x6F,0xF8,0x60,0x80,0x40,0x80,0xDF,0xFC,0x1F,0x7C,0x00,0x00}},
    {0x5EAB, {0x01,0x00,0x1F,0xFC,0x3F,0xFC,0x20,0x80,0x3F,0xFC,0x20,0xC0,0x2F,0xF8,0x28,0x88,0x6F,0xF8,0x6C,0xD8,0x6F,0xF8,0x61,0xC4,0x7F,0xFC,0xC0,0x80,0x00,0x00,0x00,0x00}},
    {0x5EAD, {0x01,0x80,0x0F,0xFC,0x3F,0xFC,0x20,0x00,0x3E,0xF8,0x26,0xF0,0x24,0x20,0x2E,0xFC,0x66,0x78,0x62,0x20,0x6E,0x30,0x6C,0xFC,0x4E,0x00,0x5B,0xFC,0x10,0x3C,0x00,0x00}},
    {0x5EB5, {0x01,0x00,0x1F,0xFC,0x7F,0xFC,0x61,0x00,0x7F,0xFC,0x66,0x30,0x66,0x90,0x6F,0xF8,0x7D,0xDC,0x67,0xF8,0x64,0x98,0x67,0xF8,0x47,0xF4,0x40,0x84,0x40,0xFC,0x00,0x00}},
    {0x5EB7, {0x01,0x80,0x0F,0xFC,0x3F,0xFC,0x20,0x80,0x2F,0xF8,0x21,0x98,0x3F,0xFC,0x20,0x88,0x6F,0xF8,0x69,0x88,0x6C,0xD8,0x67,0xF0,0x6F,0xB8,0x58,0x9C,0x43,0x80,0x00,0x00}},
    {0x5EC2, {0x01,0x00,0x1F,0xFC,0x7F,0xFC,0x64,0x00,0x64,0xFC,0x66,0xC4,0x7F,0xFC,0x64,0xFC,0x6E,0xC4,0x6F,0xCC,0x7D,0xFC,0x74,0xC4,0x44,0xC4,0xC4,0xFC,0x44,0x4C,0x00,0x00}},
    {0x5EC8, {0x01,0x00,0x3F,0xFC,0x3F,0xFC,0x2F,0xFC,0x21,0xC0,0x27,0xF8,0x2C,0x18,0x2F,0xF8,0x2C,0x18,0x67,0xF8,0x63,0x00,0x6F,0xF0,0x5B,0x60,0x43,0xE0,0x5E,0x3C,0x00,0x00}},
    {0x5EC9, {0x01,0x00,0x19,0xCC,0x3F,0xFC,0x22,0x20,0x7F,0xFC,0x23,0x40,0x27,0xF0,0x2F,0xF8,0x7F,0xFC,0x63,0x78,0x6F,0xF8,0x67,0x60,0x4F,0x78,0xDB,0x4C,0x42,0x40,0x00,0x00}},
    {0x5ECA, {0x01,0x00,0x1F,0xFC,0x7F,0xFC,0x62,0x00,0x6F,0xBC,0x69,0xEC,0x6F,0xE8,0x6F,0xE8,0x69,0xE8,0x6F,0xEC,0x68,0x64,0x69,0x24,0x4B,0x2C,0x5F,0xE0,0x40,0x20,0x00,0x00}},
    {0x5ED6, {0x01,0x00,0x3F,0xFC,0x7F,0xFC,0x6F,0x78,0x69,0x6C,0x65,0x2C,0x6F,0xFC,0x63,0xE0,0x6E,0x78,0x79,0x8C,0x66,0x60,0x67,0x90,0x46,0x70,0xC7,0xC0,0x0E,0x00,0x00,0x00}},
    {0x5EDA, {0x01,0x80,0x1F,0xFC,0x3F,0xFC,0x32,0x08,0x3F,0x88,0x37,0xBC,0x35,0x1C,0x37,0xA8,0x38,0xA8,0x3F,0xB8,0x25,0x88,0x25,0x08,0x27,0x88,0x6F,0xB8,0x00,0x00,0x00,0x00}},
    {0x5EE0, {0x00,0x00,0x00,0x80,0x1F,0xFC,0x33,0x30,0x32,0xB0,0x3F,0xB0,0x37,0x3C,0x3F,0xEC,0x38,0xEC,0x3F,0xD8,0x39,0xD8,0x2F,0xD8,0x2E,0x98,0x69,0xE4,0x00,0x00,0x00,0x00}},
    {0x5EE3, {0x01,0x00,0x3F,0xFC,0x3F,0xFC,0x22,0x20,0x2F,0xFC,0x27,0x30,0x3F,0xFC,0x27,0xF0,0x2D,0xD8,0x2F,0xF8,0x6C,0x88,0x6D,0xD8,0x47,0xF0,0x4E,0x38,0x18,0x0C,0x00,0x00}},
    {0x5EE8, {0x01,0x00,0x3F,0xFC,0x7F,0xFC,0x6E,0x7C,0x6B,0x3C,0x7A,0x24,0x7F,0xEC,0x71,0xD8,0x7F,0x50,0x7F,0xFC,0x7F,0x90,0x51,0xBC,0x55,0xFC,0xD5,0x10,0x01,0x10,0x00,0x00}},
    {0x5EF6, {0x00,0x08,0x78,0xFC,0x7B,0xE0,0x10,0x20,0x30,0x20,0x63,0x3C,0x7B,0x3C,0x0B,0x20,0x4B,0x20,0x7B,0x20,0x33,0x7C,0x31,0xFC,0x3C,0x00,0x67,0xFC,0x40,0xFC,0x00,0x00}},
    {0x5EF7, {0x00,0x08,0x79,0xFC,0x7B,0xE0,0x10,0x60,0x30,0x60,0x31,0xF8,0x79,0xFC,0x08,0x60,0x48,0x60,0x78,0x60,0x33,0xFC,0x30,0x00,0x3C,0x00,0x67,0xFC,0x40,0xFC,0x00,0x00}},
    {0x5EFA, {0x00,0x40,0x7B,0xF8,0x7B,0xF8,0x10,0x48,0x37,0xFC,0x30,0xC8,0x7B,0xF8,0x08,0x40,0x1B,0xF8,0x78,0xC0,0x37,0xFC,0x30,0xC0,0x3C,0x00,0x67,0xFC,0x40,0x7C,0x00,0x00}},
    {0x5F00, {0x00,0x00,0x3F,0xF8,0x7F,0xFC,0x0C,0x20,0x0C,0x20,0x0C,0x20,0x0C,0x60,0x7F,0xFC,0x0C,0x20,0x08,0x20,0x18,0x20,0x18,0x20,0x30,0x20,0x60,0x20,0x40,0x20,0x00,0x00}},
    {0x5F02, {0x00,0x00,0x3F,0xF8,0x20,0x18,0x20,0x18,0x3F,0xF8,0x20,0x00,0x30,0x0C,0x1F,0xF8,0x08,0x20,0x08,0x20,0x7F,0xFC,0x18,0x60,0x10,0x20,0x70,0x20,0x40,0x20,0x00,0x00}},
    {0x5F03, {0x01,0x00,0x7B,0xFC,0x7F,0xFC,0x0C,0x60,0x18,0x30,0x3F,0xF8,0x3F,0xD8,0x00,0x00,0x0C,0x60,0x7F,0xFC,0x0C,0x60,0x08,0x60,0x18,0x60,0x70,0x60,0x40,0x20,0x00,0x00}},
    {0x5F04, {0x00,0x00,0x7F,0xF8,0x01,0x00,0x3F,0xF8,0x1F,0xF0,0x01,0x00,0x7F,0xFC,0x00,0x00,0x0C,0x60,0x7F,0xFC,0x0C,0x60,0x18,0x60,0x18,0x60,0x70,0x60,0x40,0x20,0x00,0x00}},
    {0x5F08, {0x01,0x00,0x7B,0xBC,0x7F,0xFC,0x16,0x50,0x36,0xD8,0x64,0x48,0x0C,0xC4,0x39,0x80,0x0C,0x20,0x0C,0x60,0x7F,0xFC,0x08,0x60,0x18,0x60,0x30,0x60,0x60,0x60,0x00,0x00}},
    {0x5F0F, {0x00,0xD0,0x00,0xD8,0x00,0xC8,0x7F,0xFC,0x7F,0xFC,0x00,0x40,0x02,0x40,0x7F,0x40,0x08,0x40,0x08,0x60,0x08,0x60,0x08,0x26,0x0F,0x36,0x7C,0x1C,0x40,0x1C,0x00,0x00}},
    {0x5F13, {0x1F,0xF8,0x3F,0xF8,0x00,0x08,0x00,0x08,0x1F,0xF8,0x18,0x00,0x10,0x00,0x30,0x00,0x3F,0xFC,0x00,0x0C,0x00,0x0C,0x00,0x0C,0x00,0x08,0x00,0xF8,0x00,0xE0,0x00,0x00}},
    {0x5F15, {0x00,0x0C,0x1F,0x8C,0x00,0x8C,0x00,0x8C,0x01,0x8C,0x1F,0x8C,0x10,0x0C,0x10,0x0C,0x3F,0x8C,0x01,0x8C,0x00,0x8C,0x01,0x8C,0x01,0x8C,0x0F,0x0C,0x06,0x00,0x00,0x00}},
    {0x5F17, {0x02,0x60,0x03,0x60,0x3F,0xFC,0x07,0xFC,0x02,0x64,0x1F,0xFC,0x1F,0xFC,0x12,0x60,0x33,0x60,0x3F,0xFE,0x06,0x66,0x06,0x66,0x0C,0x6E,0x38,0x68,0x30,0x60,0x00,0x00}},
    {0x5F18, {0x00,0x00,0x7C,0x60,0x04,0x60,0x04,0x40,0x04,0x40,0x7C,0xC0,0x60,0xC0,0x40,0xD0,0x7C,0x98,0x3C,0x98,0x05,0x88,0x0D,0x0C,0x0F,0xFC,0x39,0x84,0x30,0x00,0x00,0x00}},
    {0x5F1F, {0x08,0x20,0x08,0x20,0x3F,0xF8,0x3F,0xF8,0x01,0x08,0x01,0x18,0x3F,0xF8,0x31,0x00,0x31,0x00,0x3F,0xFC,0x03,0x0C,0x07,0x0C,0x19,0x08,0x71,0x38,0x21,0x00,0x00,0x00}},
    {0x5F20, {0x00,0x00,0x3D,0x8C,0x0D,0x98,0x0D,0xB0,0x3D,0xE0,0x21,0x80,0x23,0xFC,0x63,0xFC,0x7D,0xA0,0x0D,0xB0,0x0D,0x90,0x0D,0x98,0x09,0xEC,0x39,0xC4,0x00,0x00,0x00,0x00}},
    {0x5F22, {0x00,0x00,0x79,0x64,0x0B,0x6C,0x0B,0x6C,0x7B,0xFC,0x60,0x60,0x40,0x60,0x43,0xF8,0x79,0x8C,0x09,0x88,0x08,0xD0,0x08,0x70,0x08,0xF8,0x3B,0x8C,0x22,0x00,0x00,0x00}},
    {0x5F25, {0x00,0x80,0x79,0x80,0x09,0xFC,0x09,0xFC,0x7B,0x2C,0x62,0x60,0x40,0x28,0x41,0xA8,0x79,0x2C,0x09,0x2C,0x0B,0x64,0x0A,0x64,0x08,0x20,0x38,0xE0,0x30,0x40,0x00,0x00}},
    {0x5F26, {0x00,0x40,0x78,0x60,0x0F,0xFC,0x0F,0xFC,0x78,0xC0,0x60,0x88,0x41,0x98,0x43,0xF0,0x7B,0xE0,0x08,0x60,0x08,0xD8,0x09,0x88,0x0B,0xFC,0x3B,0xE4,0x30,0x00,0x00,0x00}},
    {0x5F2F, {0x01,0x00,0x7F,0xFC,0x7F,0xFC,0x16,0xD0,0x36,0xD8,0x24,0x48,0x1F,0xF0,0x00,0x10,0x07,0xF0,0x3F,0xE0,0x3F,0xF8,0x00,0x18,0x00,0x18,0x00,0xF8,0x00,0x00,0x00,0x00}},
    {0x5F35, {0x79,0xFC,0x09,0x00,0x09,0xF8,0x09,0x80,0x79,0xF8,0x61,0x00,0x43,0xBC,0x7F,0xFC,0x1B,0x44,0x0B,0x68,0x0B,0x30,0x0B,0x18,0x0B,0xCC,0x3B,0x84,0x00,0x00,0x00,0x00}},
    {0x5F39, {0x01,0x08,0x79,0x98,0x08,0x90,0x0B,0xFC,0x7B,0x6C,0x63,0x6C,0x43,0xFC,0x42,0x64,0x7B,0xFC,0x08,0x60,0x08,0x60,0x0F,0xFC,0x08,0x60,0x78,0x60,0x20,0x60,0x00,0x00}},
    {0x5F3A, {0x00,0x00,0x7D,0xF8,0x0D,0x08,0x0D,0x08,0x0D,0xF8,0x7C,0x60,0x40,0x60,0x43,0xFC,0x7B,0x6C,0x7F,0x6C,0x0B,0xFC,0x08,0x68,0x08,0x6C,0x3B,0xFC,0x23,0xC4,0x00,0x00}},
    {0x5F52, {0x0C,0x00,0x0D,0x10,0x6D,0xFC,0x6C,0x0C,0x6C,0x0C,0x6C,0x0C,0x6C,0x3C,0x6D,0xFC,0x6C,0x0C,0x6C,0x0C,0x08,0x0C,0x18,0x0C,0x1B,0xFC,0x30,0x3C,0x20,0x00,0x00,0x00}},
    {0x5F53, {0x01,0x80,0x31,0x8C,0x11,0x88,0x19,0x98,0x09,0x90,0x01,0x80,0x3F,0xFC,0x00,0x0C,0x00,0x0C,0x1F,0xFC,0x00,0x0C,0x00,0x0C,0x00,0x0C,0x3F,0xFC,0x00,0x0C,0x00,0x00}},
    {0x5F55, {0x00,0x00,0x3F,0xF8,0x00,0x18,0x00,0x10,0x1F,0xF0,0x00,0x10,0x7F,0xFC,0x7F,0xFC,0x11,0x18,0x19,0xB0,0x0B,0xE0,0x0F,0x60,0x39,0x38,0x61,0x1C,0x07,0x00,0x00,0x00}},
    {0x5F57, {0x08,0x10,0x3E,0x7C,0x3E,0x7E,0x1E,0x7C,0x0C,0x18,0x0C,0x18,0x3F,0xFE,0x00,0x10,0x1F,0xF8,0x00,0x0C,0x00,0x0C,0x1F,0xFC,0x00,0x0C,0x1F,0xFC,0x00,0x0C,0x00,0x00}},
    {0x5F62, {0x00,0x00,0x7F,0x08,0x7F,0x18,0x32,0x70,0x32,0x40,0x32,0x0C,0x7F,0x98,0x7F,0xB0,0x32,0x60,0x32,0x04,0x32,0x0C,0x22,0x18,0x62,0x30,0x42,0xE0,0x42,0xC0,0x00,0x00}},
    {0x5F64, {0x00,0x08,0x3F,0x18,0x21,0x30,0x39,0x60,0x29,0x00,0x25,0x0C,0x25,0x18,0x7F,0xB0,0x7F,0xE0,0x21,0x04,0x21,0x0C,0x21,0x18,0x61,0x30,0x47,0x60,0x42,0x40,0x00,0x00}},
    {0x5F66, {0x01,0x00,0x23,0xC8,0x3F,0xF8,0x0C,0x20,0x0C,0x60,0x3F,0xFC,0x20,0xE0,0x27,0xC0,0x2E,0x10,0x20,0xE0,0x67,0xC8,0x64,0x18,0x60,0xF0,0x4F,0xC0,0x4E,0x00,0x00,0x00}},
    {0x5F69, {0x01,0x00,0x7F,0x08,0x78,0x38,0x09,0x60,0x6D,0x00,0x27,0x0C,0x0C,0x18,0x7F,0x30,0x7F,0x60,0x1E,0x04,0x3F,0x0C,0x6D,0x18,0x4C,0x30,0x0C,0xE0,0x08,0xC0,0x00,0x00}},
    {0x5F6A, {0x08,0x00,0x0F,0x08,0x0F,0x30,0x3F,0x60,0x69,0x8C,0x6E,0x18,0x7C,0x70,0x6F,0xC0,0x60,0x0C,0x6E,0x18,0x4B,0x30,0x5A,0x64,0x5B,0x04,0xD3,0xFC,0x00,0x50,0x00,0x00}},
    {0x5F6C, {0x11,0x00,0x31,0x0C,0x31,0x18,0x31,0x10,0x7F,0xF0,0x31,0x04,0x33,0x8C,0x3B,0x98,0x3B,0xF0,0x77,0x24,0xF5,0x0C,0x31,0x08,0x31,0x18,0x31,0x70,0x31,0x40,0x00,0x00}},
    {0x5F6D, {0x08,0x00,0x7F,0x08,0x7F,0x98,0x08,0x60,0x7F,0x00,0x00,0x0C,0x1E,0x08,0x7F,0x30,0x61,0x60,0x7F,0x00,0x32,0x0C,0x32,0x08,0x17,0xB8,0x7F,0xE0,0x40,0x40,0x00,0x00}},
    {0x5F70, {0x08,0x00,0x2D,0x0C,0x7F,0x98,0x12,0x70,0x7F,0xC0,0x00,0x0C,0x3F,0x18,0x3F,0x30,0x23,0x60,0x3F,0x04,0x0C,0x0C,0x7F,0x18,0x7F,0xB0,0x0C,0x60,0x0C,0x40,0x00,0x00}},
    {0x5F71, {0x00,0x00,0x3F,0x88,0x3F,0x98,0x21,0xF0,0x3F,0x00,0x0C,0x0C,0x7F,0x98,0x3F,0x30,0x3F,0x60,0x21,0x84,0x3F,0x0C,0x2C,0x18,0x6D,0x30,0x4D,0xE0,0x18,0x40,0x00,0x00}},
    {0x5F77, {0x08,0x40,0x18,0x60,0x30,0x20,0x67,0xFC,0x49,0x80,0x18,0x80,0x30,0xF0,0x70,0xFC,0x71,0x8C,0x11,0x88,0x11,0x08,0x13,0x08,0x12,0x08,0x16,0x78,0x14,0x30,0x00,0x00}},
    {0x5F79, {0x10,0x00,0x11,0xF0,0x31,0x30,0x63,0x30,0x1B,0x10,0x16,0x1C,0x34,0x00,0x77,0xF8,0x77,0xD8,0x33,0x18,0x31,0xB0,0x30,0xE0,0x31,0xE0,0x3F,0x3C,0x1C,0x0C,0x00,0x00}},
    {0x5F7B, {0x08,0x00,0x19,0x7E,0x31,0x3E,0x21,0x12,0x0B,0x92,0x1F,0x12,0x31,0x12,0x71,0x16,0x11,0x36,0x11,0xF6,0x13,0xA6,0x10,0x66,0x10,0x46,0x11,0x8C,0x10,0x08,0x00,0x00}},
    {0x5F7C, {0x10,0x40,0x30,0x40,0x63,0xFC,0x47,0xFC,0x1A,0x4C,0x12,0x48,0x33,0xF8,0x77,0xF8,0x77,0x08,0x36,0x98,0x36,0xF0,0x34,0x60,0x34,0xF0,0x3F,0x9C,0x33,0x04,0x00,0x00}},
    {0x5F80, {0x10,0xC0,0x10,0xC0,0x30,0x40,0x67,0xFC,0x1B,0xFC,0x10,0x40,0x30,0x40,0x70,0x40,0x73,0xFC,0x30,0x60,0x30,0x40,0x30,0x40,0x30,0x40,0x37,0xFC,0x30,0x00,0x00,0x00}},
    {0x5F81, {0x10,0x00,0x13,0xFC,0x33,0xFC,0x60,0x60,0x18,0x60,0x18,0x60,0x33,0x60,0x73,0x7C,0x73,0x78,0x33,0x60,0x33,0x60,0x33,0x60,0x33,0x60,0x37,0xFC,0x17,0xFC,0x00,0x00}},
    {0x5F84, {0x18,0x00,0x13,0xF8,0x60,0x18,0x40,0x30,0x18,0x60,0x11,0xF8,0x37,0x1C,0x74,0x04,0x73,0xF8,0x13,0xF8,0x30,0x40,0x30,0x40,0x30,0x40,0x37,0xFC,0x17,0xFC,0x00,0x00}},
    {0x5F85, {0x08,0x60,0x18,0x60,0x33,0xFC,0x20,0x60,0x0C,0x60,0x1B,0xFC,0x18,0x18,0x38,0x18,0x1B,0xFC,0x19,0x18,0x19,0x98,0x18,0x98,0x18,0x98,0x18,0x30,0x00,0x00,0x00,0x00}},
    {0x5F88, {0x18,0x00,0x13,0xF8,0x32,0x08,0x62,0x08,0x5B,0xF8,0x12,0x08,0x33,0x18,0x73,0xF8,0x72,0x4C,0x12,0x78,0x32,0x70,0x32,0x30,0x32,0xD8,0x33,0xCC,0x12,0x04,0x00,0x00}},
    {0x5F8B, {0x18,0x40,0x33,0xF0,0x63,0xF8,0x40,0x48,0x1F,0xFC,0x10,0x4C,0x32,0xE8,0x73,0xF8,0x70,0x40,0x17,0xFC,0x30,0x40,0x37,0xFC,0x37,0xFC,0x30,0x40,0x10,0x40,0x00,0x00}},
    {0x5F8C, {0x10,0x80,0x31,0x80,0x63,0x30,0x4F,0xE0,0x19,0xD8,0x33,0x18,0x77,0xFC,0x71,0x84,0x31,0xF8,0x37,0x18,0x37,0xB0,0x30,0xE0,0x30,0xE0,0x37,0xBC,0x3E,0x0C,0x00,0x00}},
    {0x5F90, {0x08,0x40,0x18,0x60,0x30,0xF0,0x29,0x98,0x0F,0x1C,0x19,0xFC,0x38,0x40,0x7A,0x68,0x1B,0xFC,0x18,0x40,0x1B,0x68,0x1A,0x6C,0x1E,0x64,0x18,0xC0,0x00,0x00,0x00,0x00}},
    {0x5F92, {0x10,0x40,0x30,0x40,0x63,0xFC,0x4B,0xF8,0x18,0x40,0x33,0xFC,0x37,0xFC,0x70,0x40,0x32,0x60,0x32,0x7C,0x32,0x60,0x37,0x40,0x35,0xC0,0x3C,0xFC,0x18,0x1C,0x00,0x00}},
    {0x5F95, {0x10,0x00,0x30,0xC0,0x67,0xFC,0x47,0xF8,0x12,0xC8,0x32,0xD8,0x32,0x50,0x77,0xFC,0x77,0xEC,0x31,0xE0,0x33,0xF0,0x36,0xD8,0x3C,0xCC,0x30,0xC0,0x30,0x40,0x00,0x00}},
    {0x5F97, {0x10,0x00,0x33,0xF8,0x63,0xF8,0x43,0xF8,0x1A,0x08,0x1B,0xF8,0x30,0x00,0x77,0xFC,0x70,0x38,0x17,0xFC,0x33,0x10,0x33,0x10,0x31,0x90,0x30,0x90,0x30,0x70,0x00,0x00}},
    {0x5FA1, {0x1A,0x00,0x13,0x4E,0x33,0xFE,0x2E,0x92,0x1C,0x92,0x1B,0xD2,0x37,0xF2,0x70,0x92,0x12,0xF2,0x12,0xD2,0x12,0x92,0x12,0x9E,0x13,0xFC,0x1F,0xF0,0x10,0x10,0x00,0x00}},
    {0x5FA8, {0x18,0x40,0x11,0xF0,0x37,0xF8,0x66,0x08,0x1F,0xF8,0x1E,0x08,0x37,0xFC,0x73,0xF8,0x77,0xFC,0x10,0xE0,0x30,0x60,0x33,0xF8,0x30,0x40,0x37,0xFC,0x17,0xBC,0x00,0x00}},
    {0x5FAA, {0x10,0x08,0x33,0xF8,0x27,0x60,0x44,0x60,0x17,0xFC,0x34,0x60,0x74,0xF8,0x77,0xFC,0x75,0x0C,0x35,0xFC,0x35,0x8C,0x35,0xFC,0x35,0x0C,0x3D,0xFC,0x31,0x8C,0x00,0x00}},
    {0x5FAE, {0x12,0x10,0x33,0x30,0x6A,0xB0,0x5A,0xBC,0x3F,0xBC,0x20,0x64,0x67,0xEC,0xEF,0xEC,0x27,0x18,0x25,0x98,0x24,0xD8,0x24,0xD8,0x2D,0xBC,0x38,0x64,0x20,0x40,0x00,0x00}},
    {0x5FB3, {0x10,0x40,0x13,0xFC,0x27,0xFC,0x68,0x40,0x58,0x40,0x17,0xFC,0x34,0xA4,0x77,0xFC,0xF3,0xF8,0x30,0xC0,0x31,0x68,0x37,0x0C,0x3D,0x14,0x39,0xF4,0x10,0x00,0x00,0x00}},
    {0x5FB7, {0x10,0x40,0x37,0xFC,0x67,0xFC,0x43,0xF8,0x1E,0xBC,0x16,0xA4,0x37,0xFC,0x73,0xF8,0xF7,0xFC,0x30,0xC0,0x30,0x40,0x37,0x4C,0x3D,0x14,0x39,0xF4,0x10,0x00,0x00,0x00}},
    {0x5FBD, {0x32,0x10,0x2B,0x90,0x6A,0xB0,0x5F,0xBC,0x30,0x3C,0x20,0x2C,0x6F,0xEC,0xE4,0x3C,0x6F,0x18,0x26,0x98,0x2F,0xD8,0x23,0x18,0x2F,0xBC,0x3B,0x64,0x26,0x44,0x00,0x00}},
    {0x5FC3, {0x00,0x00,0x06,0x00,0x03,0x00,0x01,0x80,0x00,0xC0,0x0C,0x00,0x2C,0x18,0x2C,0x08,0x6C,0x0C,0x6C,0x04,0x6C,0x14,0x4C,0x34,0x0C,0x30,0x0F,0xE0,0x03,0xC0,0x00,0x00}},
    {0x5FC5, {0x04,0x00,0x06,0x08,0x03,0x98,0x01,0xB0,0x0C,0x20,0x2C,0x60,0x2C,0xD8,0x6D,0x88,0x6F,0x0C,0x4E,0x04,0x0C,0x16,0x3C,0x10,0x6C,0x30,0x47,0xF0,0x03,0xC0,0x00,0x00}},
    {0x5FC6, {0x10,0x00,0x32,0xE0,0x13,0xFC,0x78,0x18,0x7C,0x30,0x74,0x60,0xD0,0x40,0x10,0xC0,0x31,0x80,0x33,0x00,0x32,0x04,0x36,0x04,0x36,0x04,0x33,0xFC,0x10,0x00,0x00,0x00}},
    {0x5FD7, {0x01,0x00,0x01,0x00,0x7F,0xFC,0x7F,0xFC,0x01,0x00,0x01,0x00,0x3F,0xF8,0x3F,0xF8,0x03,0x00,0x09,0x80,0x28,0xD8,0x68,0x08,0x68,0x3C,0x4F,0xE4,0x03,0xC0,0x00,0x00}},
    {0x5FD8, {0x01,0x00,0x01,0x00,0x7F,0xFC,0x3E,0x78,0x10,0x00,0x10,0x00,0x1F,0xF8,0x1F,0xF8,0x01,0x00,0x01,0x88,0x28,0x88,0x68,0x0C,0x68,0x34,0x4F,0xF0,0x03,0xC0,0x00,0x00}},
    {0x5FE0, {0x01,0x00,0x01,0x00,0x3F,0xF8,0x3F,0xF8,0x21,0x08,0x33,0x18,0x3F,0xF8,0x01,0x00,0x03,0x00,0x2D,0x90,0x2C,0x98,0x6C,0x0C,0x6C,0x34,0x4F,0xE0,0x03,0xC0,0x00,0x00}},
    {0x5FE7, {0x10,0x80,0x30,0x90,0x30,0x88,0x38,0x88,0x7F,0xFC,0x7C,0x80,0xD0,0xA0,0x31,0xE0,0x31,0xA0,0x31,0x20,0x31,0x20,0x33,0x64,0x32,0x64,0x36,0x3C,0x34,0x18,0x00,0x00}},
    {0x5FEB, {0x30,0x40,0x30,0x40,0x33,0xF8,0x7B,0xF8,0x78,0x48,0x74,0xC8,0xF0,0x48,0x37,0xFC,0x37,0xFC,0x30,0xE0,0x30,0xA0,0x31,0xB0,0x33,0x18,0x36,0x0C,0x34,0x04,0x00,0x00}},
    {0x5FF5, {0x03,0x00,0x03,0x80,0x0C,0xE0,0x1B,0x30,0x71,0x9C,0x40,0x84,0x1F,0xF0,0x00,0x20,0x02,0x60,0x0B,0x00,0x29,0x98,0x68,0x8C,0x68,0x34,0x4F,0xE4,0x03,0xC0,0x00,0x00}},
    {0x5FFB, {0x10,0x08,0x30,0xF8,0x33,0xC0,0x3B,0x00,0x7F,0x00,0x77,0xFC,0xF3,0xFC,0x33,0x10,0x33,0x30,0x32,0x30,0x32,0x30,0x32,0x30,0x36,0x30,0x34,0x30,0x10,0x10,0x00,0x00}},
    {0x6000, {0x10,0x00,0x37,0xFC,0x33,0xFC,0x38,0x40,0x7C,0xC0,0x74,0xE0,0xD1,0xF0,0x13,0x58,0x36,0x4C,0x34,0x44,0x30,0x40,0x30,0x40,0x30,0x40,0x30,0x40,0x10,0x40,0x00,0x00}},
    {0x6001, {0x01,0x00,0x01,0x00,0x7F,0xFC,0x7F,0xFC,0x03,0x80,0x06,0xC0,0x0E,0x60,0x3B,0xB8,0x71,0x8C,0x03,0x00,0x29,0x98,0x28,0x88,0x68,0x3C,0x4F,0xE4,0x03,0xC0,0x00,0x00}},
    {0x6002, {0x08,0x40,0x08,0x60,0x08,0x60,0x18,0x60,0x1C,0xE0,0x16,0xB0,0x33,0x98,0x63,0x0C,0x02,0x04,0x03,0x10,0x29,0x98,0x28,0x8C,0x68,0x34,0x4F,0xF4,0x03,0xC0,0x00,0x00}},
    {0x6012, {0x08,0x00,0x19,0xFC,0x7E,0x88,0x36,0xC8,0x26,0x78,0x34,0x70,0x1C,0x70,0x1E,0xDC,0x73,0x0C,0x03,0x00,0x3D,0x98,0x2C,0x0C,0x6C,0x2C,0x47,0xE4,0x03,0xC0,0x00,0x00}},
    {0x601D, {0x00,0x00,0x3F,0xF8,0x31,0x18,0x21,0x18,0x3F,0xF8,0x31,0x18,0x21,0x18,0x3F,0xF8,0x1F,0xF0,0x03,0x00,0x2D,0x98,0x2C,0x08,0x6C,0x2C,0x4F,0xE4,0x03,0xC0,0x00,0x00}},
    {0x6021, {0x10,0x40,0x30,0xC0,0x30,0x80,0x39,0x98,0x7D,0x08,0x77,0xFC,0xD7,0xFC,0x30,0x00,0x31,0xF8,0x33,0x78,0x33,0x08,0x33,0x08,0x33,0x08,0x33,0xF8,0x13,0x08,0x00,0x00}},
    {0x6025, {0x04,0x00,0x0F,0xC0,0x1F,0xC0,0x30,0xC0,0x7F,0xF0,0x00,0x18,0x1F,0xF0,0x1F,0xF0,0x3F,0xF0,0x03,0x00,0x03,0x08,0x29,0x88,0x68,0x3C,0x4F,0xE4,0x03,0xC0,0x00,0x00}},
    {0x6027, {0x30,0x60,0x31,0x60,0x33,0x60,0x7B,0xFC,0x7F,0xF8,0x76,0x60,0xF6,0x60,0x30,0x60,0x33,0xFC,0x30,0x60,0x30,0x60,0x30,0x60,0x30,0x60,0x37,0xFC,0x10,0x00,0x00,0x00}},
    {0x602A, {0x10,0x00,0x33,0xF8,0x31,0x18,0x79,0x90,0x7C,0xE0,0x74,0xF0,0xD7,0x9C,0x36,0x04,0x30,0x60,0x33,0xFC,0x30,0x60,0x30,0x60,0x30,0x60,0x37,0xFC,0x17,0xBC,0x00,0x00}},
    {0x603B, {0x08,0x20,0x0C,0x60,0x04,0x40,0x1F,0xF0,0x1F,0xB8,0x10,0x10,0x10,0x10,0x1F,0xF8,0x03,0x40,0x01,0x00,0x2C,0x88,0x6C,0x8C,0x4C,0x34,0x4F,0xF0,0x03,0xC0,0x00,0x00}},
    {0x604B, {0x00,0x80,0x1D,0xDC,0x3F,0xFE,0x02,0x60,0x0B,0x78,0x1B,0x6C,0x13,0x66,0x02,0x60,0x01,0x00,0x05,0x8C,0x14,0xCC,0x34,0x44,0x34,0x1E,0x27,0xF2,0x01,0xE0,0x00,0x00}},
    {0x6050, {0x00,0x00,0x6D,0xF8,0x7D,0x18,0x11,0x98,0x11,0xD8,0x13,0x78,0x3F,0x12,0x66,0x1E,0x04,0x0C,0x09,0x80,0x2C,0x98,0x6C,0x0C,0x6C,0x24,0x4F,0xE0,0x03,0xC0,0x00,0x00}},
    {0x6052, {0x10,0x00,0x33,0xFC,0x30,0x00,0x38,0x00,0x7F,0xF8,0x77,0x08,0xD3,0x08,0x13,0xF8,0x33,0xF8,0x33,0x08,0x33,0x78,0x31,0xF8,0x30,0x00,0x37,0xFC,0x10,0x00,0x00,0x00}},
    {0x6055, {0x08,0x00,0x08,0x18,0x3F,0x7C,0x1F,0x64,0x13,0x64,0x3A,0x64,0x0E,0x64,0x0F,0x7C,0x38,0x10,0x01,0x80,0x14,0xCC,0x34,0x44,0x34,0x16,0x27,0xF0,0x03,0xE0,0x00,0x00}},
    {0x6069, {0x3F,0xFC,0x31,0x0C,0x37,0xEC,0x37,0xEC,0x33,0x8C,0x36,0x6C,0x34,0x2C,0x3F,0xFC,0x00,0x00,0x05,0x88,0x34,0xCC,0x24,0x54,0x6C,0x16,0x47,0xF0,0x01,0xC0,0x00,0x00}},
    {0x606C, {0x30,0x08,0x33,0xF8,0x33,0xE0,0x38,0x60,0x78,0x60,0x77,0xFC,0xF0,0x60,0x30,0x60,0x30,0x60,0x33,0xFC,0x33,0x0C,0x33,0x0C,0x33,0x0C,0x33,0xFC,0x33,0x0C,0x00,0x00}},
    {0x606D, {0x00,0x40,0x0C,0x60,0x3F,0xF8,0x3F,0xF8,0x0C,0x60,0x7F,0xFC,0x7F,0xFC,0x18,0x30,0x32,0x18,0x62,0x3C,0x5A,0x90,0x12,0xD8,0x32,0x48,0x02,0x00,0x0E,0x00,0x00,0x00}},
    {0x606F, {0x00,0x80,0x07,0xF0,0x0F,0xF8,0x08,0x08,0x0F,0xF8,0x08,0x18,0x0F,0xF8,0x08,0x08,0x0F,0xF8,0x01,0x80,0x04,0x8C,0x34,0xC4,0x34,0x16,0x27,0xF0,0x03,0xE0,0x00,0x00}},
    {0x6070, {0x10,0x40,0x30,0x60,0x30,0xE0,0x39,0x90,0x79,0x18,0x77,0xFC,0x77,0xF4,0x30,0x00,0x33,0xF8,0x33,0x78,0x33,0x08,0x33,0x08,0x33,0x08,0x33,0xF8,0x33,0x08,0x00,0x00}},
    {0x607A, {0x10,0x40,0x32,0x6C,0x32,0x4C,0x3A,0x6C,0x7F,0xFC,0x7C,0x00,0x73,0xF8,0x33,0xFC,0x30,0x0C,0x33,0xFC,0x32,0x00,0x32,0x00,0x32,0x04,0x33,0xFC,0x10,0xF8,0x00,0x00}},
    {0x6089, {0x00,0x30,0x3F,0xF0,0x3F,0x00,0x19,0x30,0x19,0x60,0x7F,0xFC,0x07,0xC0,0x19,0x30,0x71,0x1C,0x43,0x04,0x2D,0x90,0x2C,0x18,0x6C,0x2C,0x47,0xE4,0x03,0xC0,0x00,0x00}},
    {0x609F, {0x30,0x00,0x33,0xFC,0x30,0xC0,0x7B,0xF8,0x7D,0xD8,0x70,0x88,0xF3,0xFC,0x37,0xFC,0x30,0x00,0x33,0xF8,0x33,0x08,0x32,0x08,0x32,0x08,0x33,0xF8,0x33,0x08,0x00,0x00}},
    {0x60A0, {0x08,0x40,0x18,0xC0,0x14,0xFC,0x35,0xFC,0x77,0x98,0x76,0x70,0x34,0x70,0x34,0xF0,0x31,0x9C,0x03,0x04,0x09,0x98,0x28,0xC8,0x68,0x34,0x4F,0xF4,0x03,0xC0,0x00,0x00}},
    {0x60A6, {0x11,0x08,0x31,0x98,0x10,0x90,0x7B,0xF8,0x7F,0x6C,0x76,0x0C,0x52,0x0C,0x13,0xFC,0x33,0xF8,0x30,0xB0,0x31,0xB0,0x31,0xB0,0x33,0x36,0x36,0x3C,0x14,0x08,0x00,0x00}},
    {0x60A8, {0x04,0x80,0x0D,0xF8,0x19,0xFE,0x1B,0x24,0x3A,0x24,0x19,0xAC,0x19,0x24,0x1B,0x26,0x18,0xE0,0x01,0x80,0x14,0xCC,0x14,0x44,0x34,0x1E,0x27,0xF2,0x03,0xE0,0x00,0x00}},
    {0x60AC, {0x00,0x00,0x1F,0xF0,0x18,0x30,0x1F,0xF0,0x1F,0xF0,0x18,0x10,0x78,0x38,0x7F,0xFC,0x18,0x30,0x3F,0xF8,0x03,0x08,0x2D,0x98,0x6C,0x2C,0x4F,0xE4,0x00,0x00,0x00,0x00}},
    {0x60B2, {0x06,0xC0,0x3E,0xF8,0x7E,0xFC,0x06,0xC0,0x3E,0xF8,0x06,0xC0,0x7E,0xFC,0x7E,0xFC,0x06,0xC0,0x01,0x00,0x2D,0x98,0x2C,0x88,0x6C,0x2C,0x4F,0xE4,0x03,0xC0,0x00,0x00}},
    {0x60B8, {0x20,0x00,0x33,0xF8,0x33,0x60,0x7F,0xFC,0x79,0xF0,0x79,0x78,0xF6,0x4C,0x35,0xF0,0x31,0xF8,0x30,0x70,0x30,0x60,0x37,0xFC,0x30,0x40,0x30,0x40,0x31,0xC0,0x00,0x00}},
    {0x60BC, {0x30,0x40,0x30,0x7C,0x30,0x7C,0x38,0x40,0x7B,0xF8,0x7E,0x0C,0xF7,0xF8,0x33,0xF8,0x32,0x0C,0x33,0xF8,0x30,0x60,0x37,0xFC,0x30,0x40,0x30,0x40,0x20,0x40,0x00,0x00}},
    {0x60C5, {0x10,0x40,0x13,0xFC,0x1B,0xFC,0x3F,0xF8,0x37,0xF8,0x33,0xFC,0x70,0x00,0x13,0xF8,0x13,0xFC,0x13,0xF8,0x12,0x0C,0x13,0xF8,0x12,0x0C,0x12,0x18,0x00,0x00,0x00,0x00}},
    {0x60CA, {0x10,0x40,0x18,0x60,0x1B,0xFC,0x1C,0x00,0x3D,0xF8,0x3B,0x0C,0x79,0x0C,0x19,0x8C,0x19,0xF8,0x18,0x20,0x19,0x68,0x1B,0x6C,0x12,0x64,0x18,0xE0,0x00,0x00,0x00,0x00}},
    {0x60D1, {0x00,0x20,0x01,0xB0,0x7F,0xFC,0x01,0xE4,0x3E,0x98,0x26,0xD0,0x3E,0x70,0x3C,0x64,0x07,0xF4,0x7F,0x9C,0x03,0x00,0x29,0x98,0x68,0x2C,0x4F,0xE4,0x02,0x80,0x00,0x00}},
    {0x60DF, {0x31,0x20,0x31,0x20,0x33,0x30,0x3B,0xFC,0x7F,0x20,0x77,0x20,0xFF,0xF8,0x33,0xF8,0x33,0x20,0x33,0xFC,0x33,0x30,0x33,0x20,0x33,0xFC,0x33,0xFC,0x32,0x00,0x00,0x00}},
    {0x60E0, {0x00,0x80,0x3F,0xFC,0x3F,0xFE,0x1F,0xF8,0x19,0x8C,0x1F,0xFC,0x19,0xCC,0x1F,0xF8,0x00,0x98,0x3F,0xFC,0x01,0x86,0x14,0xCC,0x34,0x16,0x27,0xF2,0x00,0x00,0x00,0x00}},
    {0x60E8, {0x30,0x80,0x31,0x90,0x33,0xF8,0x7B,0xEC,0x78,0x80,0x77,0xFC,0xF3,0x10,0x36,0x5C,0x3C,0xC4,0x33,0x30,0x30,0xE0,0x33,0x98,0x30,0x70,0x33,0xC0,0x23,0x00,0x00,0x00}},
    {0x60EC, {0x30,0x00,0x37,0xFC,0x36,0x20,0x7E,0x20,0x7F,0xFC,0x7C,0xA8,0xF4,0xA8,0x37,0xFC,0x37,0xFC,0x36,0x70,0x36,0xD8,0x37,0x8C,0x37,0x04,0x37,0xFC,0x30,0x00,0x00,0x00}},
    {0x60ED, {0x22,0x00,0x22,0x1C,0x37,0xB0,0x76,0xA0,0x7E,0x20,0x77,0x3C,0x65,0x2C,0x27,0xAC,0x23,0xAC,0x21,0x2C,0x23,0xEC,0x27,0x6C,0x21,0x6C,0x21,0x4C,0x21,0x08,0x00,0x00}},
    {0x60F3, {0x18,0x00,0x19,0xFC,0x7F,0x8C,0x7F,0xFC,0x19,0x8C,0x3D,0x8C,0x7F,0xFC,0x59,0x8C,0x18,0xFC,0x03,0x00,0x29,0x08,0x6D,0x8C,0x68,0x24,0x4F,0xE0,0x03,0xC0,0x00,0x00}},
    {0x60F9, {0x08,0x20,0x7F,0xFC,0x7F,0xFC,0x06,0x00,0x7F,0xFC,0x0C,0x00,0x1F,0xE0,0x3F,0xF8,0x68,0x18,0x0F,0xF0,0x03,0x00,0x2D,0x98,0x6C,0x2C,0x4F,0xE4,0x03,0xC0,0x00,0x00}},
    {0x6109, {0x10,0x20,0x10,0x60,0x18,0x98,0x3F,0x0C,0x3F,0xFC,0x7D,0x80,0x73,0xF4,0x12,0x74,0x13,0xF4,0x12,0x74,0x13,0xF4,0x12,0x54,0x12,0x44,0x12,0xDC,0x00,0x00,0x00,0x00}},
    {0x610F, {0x01,0x00,0x3F,0xF8,0x3F,0xF8,0x0C,0x60,0x7F,0xFC,0x00,0x00,0x1F,0xF0,0x1F,0xF0,0x18,0x30,0x1F,0xF0,0x03,0x00,0x3D,0x98,0x2C,0x2C,0x67,0xE0,0x00,0x00,0x00,0x00}},
    {0x611A, {0x00,0x00,0x1F,0xF0,0x1B,0xB0,0x1F,0xF0,0x1F,0xF0,0x03,0x80,0x3F,0xF8,0x21,0x08,0x3F,0xE8,0x27,0x18,0x29,0x88,0x28,0xC8,0x68,0x2C,0x4F,0xE4,0x03,0xC0,0x00,0x00}},
    {0x611F, {0x00,0x50,0x1F,0xFC,0x3F,0xFC,0x20,0x40,0x3F,0x48,0x20,0x78,0x2F,0x30,0x69,0x34,0x6F,0xF4,0x40,0xDC,0x09,0x08,0x29,0x98,0x68,0x3C,0x4F,0xE4,0x00,0x00,0x00,0x00}},
    {0x613F, {0x3F,0xFE,0x20,0xC0,0x2F,0xFC,0x2C,0x0C,0x2F,0xFC,0x2C,0x0C,0x2F,0xFC,0x26,0xD8,0x2C,0xCC,0x29,0x80,0x60,0xC8,0x7E,0x4C,0x72,0x1E,0x53,0xF0,0x40,0x00,0x00,0x00}},
    {0x6148, {0x08,0x20,0x0C,0x60,0x7F,0xFC,0x59,0x74,0x10,0x48,0x36,0xD8,0x7D,0xF0,0x12,0x68,0x3E,0xFC,0x7B,0xE4,0x01,0x08,0x2D,0x88,0x6C,0x2C,0x4F,0xE0,0x03,0xC0,0x00,0x00}},
    {0x614B, {0x0C,0x40,0x1A,0x7C,0x3F,0x78,0x3D,0xE2,0x1F,0x7E,0x33,0x00,0x3F,0x6C,0x3F,0x7C,0x33,0x60,0x31,0x66,0x17,0x3C,0x14,0x84,0x34,0x16,0x27,0xF2,0x00,0x00,0x00,0x00}},
    {0x614E, {0x30,0x40,0x33,0xFC,0x37,0xFC,0x39,0xF8,0x7B,0x08,0x7F,0x08,0xF3,0xF8,0x33,0xF8,0x33,0x18,0x33,0xF8,0x33,0x0C,0x37,0xFE,0x31,0x98,0x37,0x0C,0x34,0x04,0x00,0x00}},
    {0x6155, {0x00,0x40,0x7F,0xFC,0x7F,0xFC,0x1F,0xF0,0x30,0x18,0x1F,0xF8,0x38,0x38,0x1F,0xF0,0x7F,0xFC,0x1F,0x70,0x32,0x30,0x6B,0x6C,0x5B,0xB4,0x32,0x90,0x06,0x00,0x00,0x00}},
    {0x6162, {0x30,0x00,0x33,0xF8,0x33,0x58,0x3B,0x08,0x7B,0xF8,0x70,0x00,0xF7,0xFC,0x37,0xFC,0x30,0x00,0x37,0xF8,0x33,0x18,0x31,0xB0,0x30,0xF0,0x37,0xBC,0x36,0x0C,0x00,0x00}},
    {0x6167, {0x18,0x30,0x7E,0xF8,0x3C,0x78,0x1C,0x30,0x7E,0xFC,0x18,0x30,0x3F,0xF8,0x1F,0xF8,0x00,0x18,0x3F,0xF8,0x01,0x00,0x2D,0x88,0x2C,0x2C,0x6F,0xE4,0x00,0x80,0x00,0x00}},
    {0x6176, {0x00,0x00,0x3F,0xFC,0x3F,0xFC,0x3F,0xF8,0x26,0xCC,0x3F,0xF8,0x30,0x00,0x3F,0xFC,0x6C,0xB0,0x7B,0xE8,0x63,0x00,0x6F,0xF0,0x7B,0x60,0xC3,0xE0,0x1C,0x3C,0x00,0x00}},
    {0x61A8, {0x00,0x40,0x3E,0x40,0x7E,0xFC,0x7E,0xFC,0x26,0xC8,0x3F,0xD8,0x26,0x30,0x3E,0x30,0x7F,0xFC,0x07,0x8C,0x2B,0x18,0x69,0x88,0x68,0x3C,0x4F,0xE0,0x07,0xC0,0x00,0x00}},
    {0x61A9, {0x00,0x20,0x3E,0x70,0x38,0xFC,0x7F,0x84,0x18,0xFC,0x18,0xCC,0x7E,0xFC,0x62,0x84,0x7E,0xFC,0x22,0x8C,0x03,0x00,0x2D,0x98,0x6C,0x2C,0x4F,0xE4,0x03,0xC0,0x00,0x00}},
    {0x61AC, {0x18,0x00,0x19,0xFC,0x19,0xFC,0x1D,0x0C,0x3F,0xFC,0x3C,0x00,0x7B,0xFE,0x1B,0xFE,0x19,0xFC,0x19,0x8C,0x19,0xFC,0x18,0x20,0x19,0x2C,0x1A,0x26,0x18,0xE0,0x00,0x00}},
    {0x61CB, {0x30,0x10,0x37,0x90,0x7B,0xBC,0x73,0x3C,0x37,0xD8,0x3B,0xF8,0x77,0x3C,0x7D,0x5C,0x33,0x10,0x20,0x10,0x01,0x80,0x2C,0x98,0x6C,0x2C,0x4F,0xE4,0x03,0xC0,0x00,0x00}},
    {0x61FF, {0x10,0x20,0x7E,0x20,0x7F,0x7C,0x3D,0xFC,0x00,0x50,0x7E,0xB0,0x47,0xB8,0x1B,0x68,0x3E,0xCC,0x64,0x20,0x7C,0x70,0x25,0xDC,0x3F,0xCC,0x7F,0xCC,0x00,0x78,0x00,0x00}},
    {0x6208, {0x06,0x40,0x06,0x70,0x06,0x30,0x02,0x1C,0x7F,0xFC,0x7F,0x00,0x03,0x18,0x03,0x30,0x01,0x60,0x01,0xC0,0x01,0x80,0x07,0xC4,0x1E,0xE4,0x38,0x7C,0x00,0x18,0x00,0x00}},
    {0x620E, {0x00,0x80,0x00,0xB8,0x00,0x88,0x7F,0xFC,0x00,0xC0,0x18,0xC0,0x18,0xC8,0x18,0xD8,0x7E,0x50,0x18,0x70,0x18,0x60,0x18,0x64,0x30,0xE6,0x33,0xB4,0x63,0x1C,0x00,0x00}},
    {0x620F, {0x00,0x80,0x00,0xD8,0x7C,0xC8,0x1E,0xC0,0x04,0xFC,0x67,0xF8,0x2C,0x48,0x38,0x48,0x18,0x58,0x18,0x70,0x3C,0x70,0x66,0x64,0x60,0xF4,0x01,0x9C,0x00,0x08,0x00,0x00}},
    {0x6210, {0x00,0x80,0x00,0xB8,0x00,0xC8,0x3F,0xFC,0x20,0xC0,0x20,0xC0,0x3E,0xC8,0x3E,0xD8,0x22,0x50,0x22,0x70,0x22,0x60,0x6E,0x64,0x6D,0xF4,0x43,0x1C,0x40,0x08,0x00,0x00}},
    {0x6211, {0x02,0xC0,0x3E,0xD0,0x78,0xD8,0x08,0xCC,0x08,0xC0,0x7F,0xFC,0x08,0xC0,0x08,0x48,0x0F,0x58,0x7E,0x70,0x78,0x70,0x08,0x64,0x09,0xF6,0x0B,0x1C,0x38,0x1C,0x00,0x00}},
    {0x6212, {0x00,0xD0,0x00,0xD8,0x7F,0xFC,0x7F,0xFC,0x00,0xC0,0x12,0x48,0x12,0x48,0x12,0x48,0x7F,0x58,0x36,0x70,0x32,0x70,0x36,0x64,0x26,0x76,0x62,0xB4,0x01,0x9C,0x00,0x00}},
    {0x6218, {0x08,0x20,0x18,0x68,0x18,0x6C,0x1F,0x20,0x1E,0x2C,0x18,0xFC,0x18,0x24,0x7E,0x2C,0x67,0x28,0x63,0x38,0x63,0x30,0x63,0x30,0x7F,0x76,0x7F,0xDC,0x00,0x0C,0x00,0x00}},
    {0x621A, {0x00,0x68,0x00,0x6C,0x1F,0xFC,0x3F,0xFC,0x32,0x20,0x33,0xA4,0x33,0x2C,0x3F,0xE8,0x32,0x38,0x3F,0xB0,0x3A,0xB0,0x3A,0x76,0x22,0x76,0x66,0xCC,0x00,0x00,0x00,0x00}},
    {0x6222, {0x00,0x40,0x7E,0x58,0x62,0x48,0x7E,0x48,0x00,0x60,0x7F,0xFC,0x62,0x60,0x3E,0x68,0x26,0x68,0x3E,0x38,0x22,0x30,0x67,0x30,0x7F,0x74,0x02,0xDC,0x02,0x08,0x00,0x00}},
    {0x622C, {0x00,0x20,0x7F,0x28,0x14,0x2C,0x55,0x20,0x77,0x3C,0x36,0x7C,0x7F,0x20,0x7F,0x24,0x3F,0x2C,0x63,0x38,0x63,0x10,0x7F,0x30,0x61,0x76,0x7F,0xDC,0x63,0x0C,0x00,0x00}},
    {0x6234, {0x08,0x40,0x3F,0x78,0x3F,0x48,0x7F,0xFC,0x12,0x60,0x3F,0x60,0x6D,0x68,0x6D,0x68,0x7F,0x28,0x16,0x38,0x7F,0x30,0x7F,0x30,0x7F,0xF4,0x32,0x7C,0x62,0xCC,0x00,0x00}},
    {0x6236, {0x00,0x30,0x07,0xF0,0x1E,0x00,0x18,0x00,0x1F,0xF8,0x18,0x08,0x18,0x08,0x18,0x08,0x18,0x08,0x1F,0xF8,0x18,0x08,0x10,0x00,0x30,0x00,0x30,0x00,0x20,0x00,0x00,0x00}},
    {0x6237, {0x01,0x80,0x00,0x80,0x0F,0xF8,0x1F,0xFC,0x18,0x0C,0x18,0x0C,0x18,0x0C,0x1F,0xF8,0x1F,0xFC,0x10,0x00,0x10,0x00,0x10,0x00,0x30,0x00,0x20,0x00,0x20,0x00,0x00,0x00}},
    {0x623F, {0x00,0x80,0x07,0xF8,0x1F,0xFC,0x10,0x04,0x1F,0xFC,0x18,0xC0,0x10,0x40,0x1F,0xFC,0x17,0xBC,0x11,0x80,0x31,0xFC,0x33,0x0C,0x26,0x0C,0x6C,0x38,0x00,0x00,0x00,0x00}},
    {0x6240, {0x00,0x00,0x3E,0x7C,0x78,0xE0,0x60,0x80,0x7E,0x80,0x66,0xFC,0x66,0xFC,0x66,0x98,0x7E,0x98,0x60,0x98,0x60,0x98,0x61,0x98,0x41,0x98,0xC3,0x18,0x42,0x18,0x00,0x00}},
    {0x6241, {0x00,0x80,0x07,0xF8,0x1F,0xFC,0x10,0x04,0x18,0x04,0x1F,0xFC,0x10,0x00,0x1F,0xFC,0x1F,0xFE,0x1D,0xB6,0x1F,0xFE,0x3D,0xB6,0x2D,0xB6,0x6D,0xB6,0x0C,0x0C,0x00,0x00}},
    {0x6242, {0x00,0x80,0x07,0xF8,0x1F,0xFC,0x10,0x04,0x18,0x04,0x1F,0xFC,0x10,0x40,0x10,0xFE,0x10,0x64,0x10,0xC0,0x17,0xFC,0x34,0x04,0x34,0x04,0x27,0xFC,0x26,0x04,0x00,0x00}},
    {0x6247, {0x01,0x00,0x1F,0xF0,0x1F,0xF8,0x10,0x08,0x1F,0xF8,0x1F,0xF0,0x1F,0x78,0x15,0xAC,0x15,0x2C,0x37,0xAC,0x33,0x9C,0x3F,0xFC,0x29,0xCC,0x23,0x18,0x00,0x00,0x00,0x00}},
    {0x6248, {0x01,0x00,0x1F,0xF0,0x3F,0xF8,0x3F,0xF8,0x30,0x00,0x27,0xF0,0x2C,0x18,0x27,0xF0,0x2F,0xF8,0x28,0x88,0x68,0x88,0x6F,0xF8,0x48,0x04,0x4F,0xFC,0x00,0x00,0x00,0x00}},
    {0x6249, {0x00,0x80,0x07,0xF8,0x1F,0xFC,0x10,0x04,0x1F,0xFC,0x18,0xA0,0x1B,0xBC,0x1F,0xBC,0x10,0xA0,0x17,0xBC,0x11,0xB0,0x37,0xBC,0x27,0xBE,0x20,0xA0,0x20,0xA0,0x00,0x00}},
    {0x624B, {0x00,0x30,0x3F,0xF0,0x3F,0x80,0x01,0x00,0x03,0x80,0x3F,0xF8,0x01,0x00,0x01,0x00,0x7F,0xFC,0x7F,0xFC,0x01,0x00,0x01,0x00,0x01,0x00,0x0F,0x00,0x0E,0x00,0x00,0x00}},
    {0x624D, {0x00,0x20,0x00,0x20,0x00,0x20,0x3F,0xFE,0x3F,0xFE,0x00,0xE0,0x01,0xA0,0x03,0x20,0x06,0x20,0x0C,0x20,0x18,0x20,0x30,0x20,0x20,0x20,0x01,0xE0,0x01,0xC0,0x00,0x00}},
    {0x624E, {0x18,0x80,0x18,0x80,0x18,0x80,0x7E,0x80,0x7C,0x80,0x18,0x80,0x18,0x80,0x1E,0x80,0x7C,0x80,0x58,0x80,0x18,0x80,0x18,0x86,0x18,0x84,0x18,0xFC,0x30,0x30,0x00,0x00}},
    {0x6251, {0x18,0x40,0x18,0x40,0x18,0x40,0x7E,0x40,0x7E,0x40,0x18,0x60,0x18,0x78,0x1E,0x4C,0x78,0x44,0x58,0x40,0x18,0x40,0x18,0x40,0x18,0x40,0x38,0x40,0x20,0x40,0x00,0x00}},
    {0x6253, {0x10,0x00,0x10,0x00,0x13,0xFC,0x7C,0x30,0x7C,0x30,0x10,0x30,0x10,0x30,0x1C,0x30,0x78,0x30,0x50,0x30,0x10,0x30,0x10,0x30,0x10,0x30,0x70,0xF0,0x20,0xE0,0x00,0x00}},
    {0x6258, {0x10,0x08,0x30,0xF8,0x13,0xE0,0x7C,0x40,0x78,0x40,0x10,0x40,0x30,0x7C,0x3F,0xF8,0x78,0x40,0x70,0x40,0x10,0x40,0x30,0x44,0x10,0x44,0x70,0x7C,0x00,0x38,0x00,0x00}},
    {0x6263, {0x08,0x00,0x08,0x30,0x09,0xFC,0x3F,0x84,0x3D,0x84,0x09,0x84,0x09,0x84,0x0F,0x84,0x3F,0x84,0x39,0x84,0x09,0x84,0x09,0xBC,0x09,0xFC,0x19,0x84,0x38,0x00,0x00,0x00}},
    {0x6267, {0x18,0xC0,0x18,0xC0,0x18,0xC0,0x3F,0xF8,0x18,0xD8,0x18,0x98,0x1A,0x98,0x1F,0x98,0x78,0xD8,0x19,0xF8,0x19,0x98,0x19,0x18,0x1A,0x0E,0x36,0x0C,0x00,0x00,0x00,0x00}},
    {0x6269, {0x10,0x40,0x30,0x60,0x31,0xFC,0x7B,0xFC,0x7B,0x00,0x33,0x00,0x33,0x00,0x3B,0x00,0x7B,0x00,0x72,0x00,0x32,0x00,0x32,0x00,0x36,0x00,0x74,0x00,0x00,0x00,0x00,0x00}},
    {0x626C, {0x18,0x00,0x19,0xF8,0x18,0x38,0x3C,0x70,0x3C,0xC0,0x19,0xFC,0x19,0xFE,0x1C,0x5A,0x3C,0x92,0x39,0xB6,0x1B,0x26,0x18,0x66,0x18,0xC4,0x39,0x9C,0x00,0x00,0x00,0x00}},
    {0x6276, {0x10,0x60,0x30,0x60,0x10,0x60,0x7D,0xFC,0x79,0xF8,0x10,0x60,0x30,0x60,0x1F,0xFC,0x7B,0xFC,0x70,0x60,0x10,0xF0,0x31,0x90,0x13,0x18,0x76,0x0C,0x00,0x00,0x00,0x00}},
    {0x6279, {0x12,0x20,0x13,0x20,0x13,0x20,0x7F,0x20,0x7B,0x24,0x13,0x3C,0x13,0xB0,0x1E,0x20,0x7B,0x20,0x73,0x20,0x13,0x20,0x12,0x24,0x13,0xE6,0x73,0x3C,0x00,0x18,0x00,0x00}},
    {0x627E, {0x10,0x80,0x10,0xB0,0x10,0x98,0x7C,0x88,0x7F,0xFC,0x13,0xC0,0x10,0xC8,0x3C,0xD8,0x78,0x58,0x30,0x70,0x10,0x60,0x10,0xE6,0x13,0xB6,0x72,0x1C,0x00,0x08,0x00,0x00}},
    {0x627F, {0x00,0x00,0x1F,0xF0,0x00,0x60,0x00,0xE0,0x79,0xA4,0x1B,0xBC,0x1F,0xF8,0x1F,0xD0,0x17,0xD0,0x31,0x18,0x27,0x88,0x6F,0xEC,0x41,0x04,0x07,0x00,0x06,0x00,0x00,0x00}},
    {0x6280, {0x10,0x40,0x30,0x40,0x13,0xFC,0x7F,0xFC,0x78,0x40,0x30,0x40,0x33,0xF8,0x1B,0xFC,0x79,0x08,0x71,0x98,0x30,0xB0,0x30,0xE0,0x30,0xE0,0x33,0xB8,0x76,0x0C,0x00,0x00}},
    {0x6293, {0x30,0x00,0x31,0xF8,0x33,0xD8,0x7E,0x58,0x7E,0x58,0x32,0x58,0x32,0x48,0x3E,0x48,0x76,0x48,0x76,0xC8,0x36,0xC8,0x34,0x4C,0x34,0x44,0x7C,0x44,0x00,0x00,0x00,0x00}},
    {0x6295, {0x10,0x00,0x31,0xF0,0x11,0x10,0x7D,0x10,0x7B,0x10,0x12,0x1C,0x12,0x00,0x3F,0xF8,0x7B,0x58,0x71,0x18,0x11,0xB0,0x30,0xE0,0x11,0xF0,0x77,0x1C,0x04,0x04,0x00,0x00}},
    {0x6296, {0x10,0x10,0x10,0x18,0x11,0xD0,0x7C,0x50,0x78,0x10,0x11,0x10,0x11,0x98,0x3C,0x90,0x78,0x18,0x30,0xFC,0x13,0xF8,0x10,0x10,0x10,0x10,0x70,0x18,0x00,0x00,0x00,0x00}},
    {0x6297, {0x10,0xC0,0x10,0x40,0x10,0x40,0x7F,0xFC,0x78,0x00,0x10,0x00,0x11,0xF0,0x1D,0x90,0x79,0x10,0x71,0x10,0x11,0x10,0x13,0x16,0x13,0x16,0x76,0x1C,0x04,0x00,0x00,0x00}},
    {0x6298, {0x10,0x08,0x11,0xF8,0x11,0x80,0x7D,0x00,0x79,0x00,0x11,0xFC,0x11,0xFC,0x1F,0x10,0x7B,0x10,0x73,0x10,0x13,0x10,0x13,0x10,0x12,0x10,0x76,0x10,0x20,0x00,0x00,0x00}},
    {0x629A, {0x30,0x00,0x33,0xF8,0x33,0xF8,0x78,0xC0,0x78,0xC0,0x30,0xC0,0x37,0xFC,0x3C,0xE0,0x78,0xE0,0x71,0xA0,0x31,0xA0,0x33,0x20,0x33,0x26,0x76,0x3C,0x44,0x18,0x00,0x00}},
    {0x629B, {0x22,0x10,0x22,0x10,0x22,0x10,0x72,0x3C,0x77,0xBC,0x27,0x94,0x22,0x94,0x3A,0xB4,0x72,0xA4,0x66,0xAC,0x26,0xEC,0x24,0xD8,0x24,0x86,0x2C,0xFC,0x60,0x00,0x00,0x00}},
    {0x62A2, {0x10,0x40,0x10,0x60,0x10,0xF0,0x7D,0x90,0x7B,0x18,0x17,0x0C,0x13,0xFC,0x1D,0x18,0x79,0x18,0x71,0x10,0x11,0x70,0x11,0x04,0x11,0x04,0x71,0xFC,0x00,0x70,0x00,0x00}},
    {0x62A4, {0x08,0x20,0x08,0x30,0x08,0x10,0x3E,0xFE,0x3D,0x86,0x09,0x86,0x09,0x86,0x0C,0xFE,0x3D,0xBE,0x39,0x80,0x09,0x80,0x09,0x00,0x0B,0x00,0x3B,0x00,0x10,0x00,0x00,0x00}},
    {0x62A5, {0x10,0x00,0x13,0xFC,0x13,0x0C,0x7F,0x08,0x7B,0x78,0x13,0x00,0x13,0xF8,0x1F,0xFC,0x7F,0xCC,0x73,0x48,0x13,0x78,0x13,0x30,0x13,0x30,0x33,0xFC,0x73,0x84,0x00,0x00}},
    {0x62AB, {0x10,0x40,0x30,0x60,0x33,0xFC,0x7B,0xFC,0x7A,0x6C,0x32,0x6C,0x33,0xF8,0x3B,0xF8,0x7B,0x88,0x72,0x98,0x36,0xF0,0x36,0x60,0x34,0xF8,0x7F,0x9C,0x00,0x00,0x00,0x00}},
    {0x62B1, {0x11,0x00,0x31,0x00,0x13,0xFC,0x7B,0x7C,0x7E,0x04,0x37,0xEC,0x32,0x2C,0x3A,0x2C,0x7B,0xEC,0x73,0x6C,0x12,0x18,0x32,0x04,0x33,0x06,0x33,0xFC,0x70,0xF8,0x00,0x00}},
    {0x62B5, {0x10,0x08,0x30,0xF8,0x33,0xE0,0x7B,0x20,0x7A,0x20,0x32,0x20,0x33,0xFC,0x3B,0xFC,0x7A,0x20,0x73,0x30,0x32,0x30,0x32,0x50,0x33,0x76,0x73,0xAC,0x62,0x0C,0x00,0x00}},
    {0x62B9, {0x18,0x20,0x18,0x20,0x18,0x60,0x3F,0xFC,0x18,0x20,0x18,0x20,0x1B,0xFC,0x1E,0xFC,0x78,0xF0,0x18,0xF8,0x19,0xA8,0x1B,0x2C,0x1A,0x24,0x38,0x20,0x00,0x00,0x00,0x00}},
    {0x62BC, {0x08,0x00,0x19,0xFE,0x19,0xFE,0x3F,0x22,0x3D,0xB6,0x19,0xFE,0x19,0x36,0x1F,0x32,0x3D,0xFE,0x19,0xF6,0x18,0x30,0x18,0x30,0x18,0x30,0x38,0x30,0x00,0x00,0x00,0x00}},
    {0x62C2, {0x10,0xD0,0x18,0xD0,0x1B,0xFC,0x3D,0xFE,0x38,0xD6,0x18,0xFE,0x1B,0xFE,0x1E,0xD0,0x3A,0xD0,0x1B,0xFE,0x18,0x92,0x18,0x92,0x19,0x9E,0x33,0x18,0x22,0x10,0x00,0x00}},
    {0x62C5, {0x10,0x00,0x11,0xF8,0x13,0xF8,0x7F,0x08,0x7B,0x08,0x13,0x78,0x13,0xF8,0x1F,0x08,0x7B,0x08,0x73,0x08,0x13,0xF8,0x10,0x00,0x10,0x00,0x77,0xFC,0x00,0x00,0x00,0x00}},
    {0x62C6, {0x10,0x18,0x31,0xF8,0x11,0x80,0x7D,0x00,0x79,0x00,0x31,0xFC,0x31,0x30,0x3B,0x30,0x7B,0xF0,0x33,0x70,0x33,0x3C,0x32,0x34,0x16,0x30,0x76,0x30,0x20,0x00,0x00,0x00}},
    {0x62C7, {0x30,0x00,0x33,0xFC,0x33,0x0C,0x7B,0x4C,0x7B,0x28,0x33,0x0C,0x37,0xFC,0x3A,0x08,0x72,0x48,0x32,0x68,0x32,0x0C,0x33,0xFC,0x30,0x08,0x70,0x78,0x40,0x20,0x00,0x00}},
    {0x62C9, {0x10,0x40,0x30,0x40,0x10,0x60,0x7B,0xFC,0x78,0x00,0x31,0x08,0x31,0x18,0x39,0x98,0x79,0x98,0x71,0x90,0x30,0x90,0x30,0x90,0x30,0x30,0x37,0xFE,0x70,0x00,0x00,0x00}},
    {0x62CC, {0x10,0x40,0x32,0x6C,0x13,0x6C,0x79,0x68,0x78,0x60,0x13,0xF8,0x33,0xFC,0x38,0x60,0x78,0x60,0x77,0xFC,0x10,0x60,0x30,0x60,0x30,0x60,0x30,0x60,0x70,0x60,0x00,0x00}},
    {0x62CD, {0x08,0x30,0x18,0x30,0x18,0x20,0x3F,0xFC,0x3D,0x86,0x19,0x86,0x19,0x86,0x1F,0x86,0x3F,0xFE,0x39,0x86,0x19,0x86,0x19,0x06,0x19,0xFE,0x19,0xFE,0x39,0x00,0x00,0x00}},
    {0x62D0, {0x18,0x00,0x19,0xFC,0x19,0x0C,0x3D,0x0C,0x19,0x8C,0x19,0xF8,0x18,0x40,0x1C,0x60,0x79,0xFC,0x18,0x44,0x18,0xCC,0x18,0xCC,0x19,0x8C,0x33,0x38,0x00,0x00,0x00,0x00}},
    {0x62D3, {0x10,0x00,0x13,0xFC,0x13,0xFC,0x7C,0xC0,0x78,0x80,0x11,0x80,0x11,0xF0,0x3F,0xFC,0x73,0x0C,0x37,0x0C,0x11,0x0C,0x11,0x0C,0x11,0xFC,0x71,0xFC,0x01,0x04,0x00,0x00}},
    {0x62D4, {0x10,0x90,0x11,0x98,0x11,0x8C,0x7F,0xFC,0x79,0x80,0x11,0x80,0x11,0xF8,0x1D,0xF8,0x7D,0x88,0x71,0x98,0x13,0x50,0x13,0x70,0x12,0x70,0x36,0xDC,0x75,0x8C,0x00,0x00}},
    {0x62D6, {0x31,0x00,0x31,0x00,0x33,0xFC,0x7B,0xFC,0x7E,0x20,0x37,0x60,0x31,0x7C,0x39,0xEC,0x7F,0xEC,0x73,0x6C,0x31,0x68,0x31,0x78,0x31,0x04,0x71,0xFC,0x40,0x78,0x00,0x00}},
    {0x62D8, {0x18,0x80,0x18,0x80,0x19,0x80,0x3D,0xFE,0x3B,0x06,0x1B,0x06,0x19,0xF6,0x1D,0x16,0x3D,0x16,0x39,0x96,0x19,0xF6,0x19,0x06,0x18,0x04,0x38,0x3C,0x20,0x18,0x00,0x00}},
    {0x62DB, {0x18,0x00,0x19,0xFE,0x18,0x66,0x3C,0x46,0x3C,0xC6,0x18,0xC6,0x19,0x9C,0x1F,0x08,0x3D,0xFC,0x39,0xBE,0x19,0x06,0x19,0x86,0x19,0x86,0x19,0xFE,0x31,0x86,0x00,0x00}},
    {0x62DC, {0x04,0x00,0x7F,0xFC,0x70,0x20,0x18,0x20,0x19,0xFC,0x7C,0x30,0x18,0x20,0x11,0xFC,0x18,0xF8,0x7E,0x20,0x11,0xFC,0x31,0xFC,0x30,0x20,0x60,0x20,0x40,0x20,0x00,0x00}},
    {0x62DF, {0x30,0x00,0x33,0x08,0x33,0x88,0x7A,0xC8,0x72,0x48,0x32,0x48,0x32,0x58,0x3A,0x18,0x7A,0x18,0x72,0x58,0x33,0xFC,0x33,0x2C,0x36,0x64,0x30,0xC6,0x60,0xC0,0x00,0x00}},
    {0x62E3, {0x30,0x80,0x30,0x80,0x37,0xFC,0x79,0x98,0x79,0x80,0x37,0xE0,0x33,0x60,0x3B,0xF8,0xF3,0xF8,0x30,0x60,0x33,0x68,0x32,0x6C,0x36,0x64,0x35,0xE0,0x60,0x80,0x00,0x00}},
    {0x62E5, {0x18,0x00,0x19,0xFE,0x19,0xFE,0x3F,0x22,0x39,0x36,0x19,0xFE,0x19,0x36,0x1F,0x22,0x39,0xFE,0x19,0x76,0x1B,0x22,0x1B,0x32,0x1A,0x22,0x3E,0x36,0x20,0x0E,0x00,0x00}},
    {0x62E6, {0x10,0x00,0x31,0x18,0x31,0x90,0x78,0xB0,0x7B,0xFC,0x30,0x00,0x30,0x00,0x38,0x00,0x7B,0xF8,0x70,0x00,0x30,0x00,0x30,0x00,0x30,0x00,0x37,0xFC,0x60,0x00,0x00,0x00}},
    {0x62E8, {0x30,0x40,0x33,0x48,0x33,0x4C,0x7A,0x40,0x7F,0xFC,0x30,0x80,0x30,0xE0,0x39,0xFC,0x79,0x88,0x73,0xD8,0x36,0x70,0x3C,0x70,0x30,0xF8,0x73,0x8C,0x60,0x04,0x00,0x00}},
    {0x62E9, {0x30,0x00,0x33,0xFC,0x31,0x98,0x7C,0x90,0x78,0x60,0x31,0xF0,0x33,0x9C,0x3C,0x40,0x7B,0xF8,0x31,0x68,0x30,0x60,0x37,0xFC,0x30,0x60,0x70,0x60,0x00,0x40,0x00,0x00}},
    {0x62EC, {0x30,0x08,0x33,0xF8,0x33,0xE0,0x78,0x60,0x78,0x60,0x33,0xFC,0x30,0x60,0x3C,0x60,0x78,0x60,0x73,0xFC,0x33,0x0C,0x33,0x0C,0x33,0x0C,0x33,0xFC,0x63,0x0C,0x00,0x00}},
    {0x62ED, {0x30,0x30,0x30,0x3C,0x30,0x34,0x7F,0xFC,0x7B,0xFC,0x30,0x30,0x30,0x30,0x33,0xF0,0x7B,0x90,0x71,0x90,0x31,0x90,0x31,0xB0,0x37,0xFE,0x70,0x0C,0x40,0x0C,0x00,0x00}},
    {0x62EF, {0x30,0x00,0x33,0xF8,0x30,0x18,0x78,0x70,0x78,0x64,0x37,0xEC,0x31,0xF8,0x39,0x70,0x79,0x78,0x73,0x48,0x36,0x6C,0x34,0xE4,0x30,0xC0,0x37,0xFC,0x67,0xFC,0x00,0x00}},
    {0x62F1, {0x31,0x10,0x31,0x90,0x31,0x90,0x7F,0xFC,0x37,0xFC,0x31,0x90,0x31,0x90,0x39,0x90,0x79,0x98,0xF7,0xFC,0x30,0x00,0x31,0x10,0x33,0x18,0x36,0x0C,0x64,0x04,0x00,0x00}},
    {0x62F3, {0x01,0x00,0x19,0x30,0x09,0x20,0x3F,0xF8,0x06,0x00,0x7F,0xFC,0x08,0x60,0x3F,0xF0,0x63,0x1C,0x5F,0xF4,0x01,0x00,0x3F,0xF8,0x3F,0xF8,0x01,0x00,0x07,0x00,0x00,0x00}},
    {0x62FC, {0x31,0x08,0x31,0x98,0x30,0x90,0x7B,0xFC,0x7B,0xF8,0x30,0x90,0x31,0x90,0x39,0x90,0x7F,0xFC,0x71,0x90,0x31,0x90,0x31,0x10,0x33,0x10,0x76,0x10,0x40,0x00,0x00,0x00}},
    {0x62FD, {0x30,0x40,0x30,0x40,0x33,0xF8,0x7F,0xEC,0x76,0x4C,0x37,0xFC,0x36,0x4C,0x3F,0xFC,0x7F,0xF8,0x70,0x68,0x30,0x38,0x30,0x30,0x30,0xF6,0x37,0x96,0x66,0x1C,0x00,0x00}},
    {0x62FE, {0x10,0x40,0x10,0x60,0x10,0xE0,0x7D,0x90,0x79,0x18,0x13,0xFC,0x17,0xFC,0x1C,0x00,0x79,0xF8,0x73,0xD8,0x13,0x08,0x13,0x08,0x13,0x08,0x73,0xF8,0x03,0x18,0x00,0x00}},
    {0x62FF, {0x00,0x00,0x01,0x80,0x06,0x60,0x1F,0xF8,0x30,0x0C,0x0F,0xF0,0x18,0x10,0x0F,0xF0,0x0F,0xF0,0x0D,0x80,0x1F,0xF8,0x05,0x80,0x3F,0xFC,0x01,0x80,0x07,0x00,0x00,0x00}},
    {0x6301, {0x30,0x40,0x30,0x60,0x33,0xFC,0x79,0xF8,0x78,0x60,0x33,0xEC,0x37,0xFC,0x38,0x18,0x7F,0xFC,0x73,0xF8,0x31,0x18,0x31,0x98,0x30,0x98,0x30,0x18,0x60,0x70,0x00,0x00}},
    {0x6302, {0x10,0x40,0x30,0x60,0x13,0xF8,0x7B,0xF8,0x78,0x60,0x30,0x60,0x33,0xFC,0x3C,0x40,0x78,0x60,0x73,0xFC,0x30,0x60,0x30,0x60,0x10,0x60,0x77,0xFC,0x00,0x00,0x00,0x00}},
    {0x6307, {0x11,0x00,0x13,0x18,0x13,0xF8,0x7D,0x80,0x7B,0x04,0x11,0xFC,0x11,0xF8,0x1C,0x00,0x7D,0xFC,0x73,0x0C,0x13,0x0C,0x13,0xFC,0x13,0x0C,0x33,0xFC,0x71,0x0C,0x00,0x00}},
    {0x6309, {0x10,0x40,0x30,0x60,0x33,0xFC,0x7F,0x9C,0x7E,0x44,0x30,0xC0,0x33,0xFC,0x37,0xFC,0x39,0x18,0xF3,0x10,0x33,0xB0,0x30,0xF0,0x30,0x70,0x33,0x9C,0x73,0x04,0x00,0x00}},
    {0x6311, {0x30,0xA0,0x31,0xA0,0x35,0xA4,0x7F,0xAC,0x7B,0xB8,0x31,0xB8,0x31,0xA0,0x39,0xB0,0x73,0xB8,0x37,0xAC,0x35,0x24,0x31,0x24,0x33,0x26,0x36,0x3C,0x64,0x18,0x00,0x00}},
    {0x6316, {0x30,0x40,0x30,0x40,0x33,0xFC,0x36,0x8C,0x7C,0x94,0x33,0x98,0x32,0x0C,0x3B,0xF0,0x73,0xF0,0x30,0x60,0x31,0xC0,0x31,0x04,0x33,0x04,0x33,0xFC,0x60,0xF8,0x00,0x00}},
    {0x631E, {0x20,0x10,0x36,0x30,0x32,0x30,0x7B,0x30,0x70,0xFC,0x36,0x30,0x37,0x30,0x3B,0x38,0x73,0x28,0x73,0x6C,0x33,0x4C,0x33,0x84,0x33,0x80,0x66,0xFC,0x40,0x18,0x00,0x00}},
    {0x6325, {0x20,0x00,0x37,0xFC,0x26,0x04,0x7C,0x84,0x70,0x80,0x33,0xF8,0x31,0x00,0x3B,0x60,0x7B,0xF8,0x70,0x60,0x30,0x60,0x37,0xFC,0x30,0x60,0x60,0x60,0x40,0x00,0x00,0x00}},
    {0x632A, {0x10,0x00,0x13,0xFC,0x13,0x74,0x39,0x74,0x13,0xFC,0x13,0xF8,0x10,0x7C,0x3B,0xF4,0x33,0xF4,0x12,0x74,0x12,0x74,0x12,0xDC,0x36,0xD0,0x25,0xB0,0x00,0x00,0x00,0x00}},
    {0x632F, {0x18,0x00,0x1B,0xFC,0x1B,0x00,0x3F,0xFC,0x1B,0x00,0x1B,0x00,0x1B,0xFC,0x1F,0xF0,0x3B,0x54,0x1B,0x58,0x1B,0x58,0x1A,0x48,0x1A,0xFC,0x32,0xE4,0x00,0x00,0x00,0x00}},
    {0x6339, {0x30,0x00,0x33,0xF8,0x33,0x08,0x7B,0x08,0x7B,0xF8,0x30,0x00,0x33,0xFC,0x3E,0x4C,0x72,0x4C,0x33,0xFC,0x32,0x00,0x32,0x00,0x32,0x06,0x73,0xFC,0x00,0xF8,0x00,0x00}},
    {0x633A, {0x20,0x00,0x37,0xFC,0x21,0x70,0x7B,0x10,0x72,0x10,0x36,0x38,0x27,0xFC,0x39,0x90,0x75,0x10,0x77,0x10,0x33,0x3C,0x33,0x7C,0x33,0x80,0x64,0xFC,0x40,0x1C,0x00,0x00}},
    {0x634C, {0x10,0x02,0x13,0xE2,0x12,0x7A,0x3E,0x7A,0x3B,0x7A,0x13,0xFA,0x18,0x1A,0x1D,0x9A,0x3B,0xFA,0x11,0xFA,0x11,0x3A,0x11,0x62,0x13,0x62,0x16,0xC6,0x30,0x0E,0x00,0x00}},
    {0x634F, {0x10,0x00,0x33,0xFC,0x13,0x0C,0x7F,0xFC,0x7B,0x0C,0x13,0x0C,0x33,0xFC,0x3C,0x00,0x78,0x60,0x73,0xFC,0x10,0x60,0x30,0x60,0x10,0x60,0x37,0xFC,0x70,0x00,0x00,0x00}},
    {0x6355, {0x18,0x20,0x18,0x2C,0x1B,0xFC,0x3F,0x60,0x18,0x60,0x1B,0xFC,0x1B,0x24,0x1F,0x6C,0x3B,0xFC,0x1B,0x24,0x1B,0xFC,0x1B,0x64,0x1B,0x64,0x3B,0x6C,0x00,0x00,0x00,0x00}},
    {0x635E, {0x31,0x90,0x33,0xFC,0x37,0xFC,0x79,0x90,0x70,0x00,0x37,0xFC,0x36,0x04,0x38,0x40,0x73,0xF8,0x30,0xCC,0x30,0x88,0x31,0x88,0x33,0x08,0x66,0x38,0x40,0x20,0x00,0x00}},
    {0x635F, {0x30,0x00,0x33,0xF8,0x33,0x08,0x7B,0x08,0x7B,0xF8,0x30,0x00,0x33,0xFC,0x3E,0x0C,0x7A,0x4C,0x72,0x4C,0x32,0x4C,0x30,0xC0,0x31,0x90,0x77,0x0C,0x46,0x04,0x00,0x00}},
    {0x6362, {0x30,0x80,0x31,0xE0,0x31,0xF8,0x7B,0x30,0x7F,0xF8,0x33,0x48,0x32,0x48,0x3A,0x48,0x7A,0x48,0x77,0xFC,0x30,0xE0,0x31,0xB0,0x33,0x18,0x7E,0x0C,0x00,0x00,0x00,0x00}},
    {0x636D, {0x18,0x60,0x19,0xF8,0x1B,0xFC,0x3F,0x64,0x1B,0x6C,0x1B,0xFC,0x1B,0x64,0x1F,0xFC,0x78,0xD0,0x19,0x90,0x1B,0xFC,0x18,0x30,0x18,0x10,0x38,0x10,0x00,0x00,0x00,0x00}},
    {0x636E, {0x30,0x00,0x33,0xFC,0x32,0x04,0x7A,0x0C,0x7B,0xFC,0x32,0x20,0x33,0xFC,0x3B,0xFC,0x7A,0x20,0x72,0x20,0x37,0xFC,0x37,0x04,0x35,0x04,0x7D,0xFC,0x41,0x84,0x00,0x00}},
    {0x6377, {0x30,0x40,0x33,0xFC,0x33,0xFC,0x7B,0xF8,0x78,0x6C,0x30,0x6C,0x37,0xFE,0x38,0x4C,0x7B,0xFC,0x72,0x40,0x32,0x60,0x32,0x7C,0x37,0x40,0x3C,0xFC,0x60,0x04,0x00,0x00}},
    {0x637B, {0x30,0x40,0x30,0xE0,0x30,0xB0,0x7B,0x18,0x7E,0x4C,0x30,0x60,0x33,0xF8,0x38,0x10,0x78,0x70,0x30,0x60,0x37,0x28,0x35,0x0C,0x35,0x14,0x71,0xF0,0x40,0x00,0x00,0x00}},
    {0x6388, {0x30,0x08,0x33,0xF8,0x33,0xCC,0x7A,0x48,0x79,0x58,0x37,0xFC,0x36,0x04,0x3C,0x04,0x7B,0xF8,0x73,0x18,0x31,0x90,0x30,0xF0,0x30,0xE0,0x33,0xB8,0x66,0x0C,0x00,0x00}},
    {0x638C, {0x11,0x10,0x19,0x30,0x7F,0xFC,0x60,0x0C,0x4F,0xE4,0x18,0x30,0x18,0x30,0x0F,0xF0,0x1F,0xE0,0x03,0x00,0x3F,0xF8,0x43,0x84,0x7F,0xFC,0x01,0x00,0x0F,0x00,0x00,0x00}},
    {0x6392, {0x10,0x90,0x30,0x90,0x10,0x90,0x7F,0x9C,0x78,0x90,0x10,0x90,0x33,0x9C,0x1B,0x9C,0x78,0x90,0x70,0x90,0x13,0x9C,0x30,0x90,0x10,0x90,0x70,0x90,0x00,0x90,0x00,0x00}},
    {0x6396, {0x10,0x40,0x10,0x60,0x13,0xFC,0x3D,0xA0,0x11,0x20,0x13,0x7C,0x13,0x64,0x1F,0x7C,0x3F,0xE8,0x13,0x38,0x13,0x30,0x13,0x38,0x13,0x6C,0x33,0xC4,0x00,0x00,0x00,0x00}},
    {0x6398, {0x18,0x00,0x1B,0xFE,0x1B,0x06,0x3F,0x06,0x3B,0xFE,0x1B,0x10,0x1B,0x96,0x1F,0x96,0x3B,0xFE,0x1B,0x30,0x1B,0x92,0x1A,0x92,0x1A,0x92,0x36,0xFE,0x24,0x02,0x00,0x00}},
    {0x63A2, {0x30,0x00,0x37,0xFC,0x36,0x04,0x7C,0xB0,0x79,0x98,0x33,0x08,0x36,0x4C,0x38,0x40,0x7F,0xFC,0x70,0xF0,0x31,0xF0,0x33,0x58,0x36,0x4C,0x70,0x40,0x00,0x00,0x00,0x00}},
    {0x63A5, {0x10,0x40,0x11,0xFC,0x11,0xFC,0x3D,0x98,0x18,0x90,0x13,0xFC,0x10,0xC0,0x1C,0xC0,0x7B,0xFE,0x11,0x98,0x11,0x90,0x10,0xF0,0x10,0xF8,0x33,0x8C,0x00,0x00,0x00,0x00}},
    {0x63A7, {0x30,0x40,0x30,0x60,0x33,0xFC,0x7F,0x0C,0x7E,0x84,0x31,0x98,0x33,0x0C,0x3A,0x04,0x7B,0xF8,0x70,0x60,0x30,0x40,0x30,0x60,0x30,0x60,0x77,0xFC,0x40,0x00,0x00,0x00}},
    {0x63A8, {0x31,0x20,0x31,0x20,0x31,0x30,0x7B,0xFC,0x7B,0x30,0x37,0x20,0x37,0xFC,0x3F,0xFC,0x7B,0x20,0x33,0xFC,0x33,0x30,0x33,0x20,0x33,0xFC,0x33,0xFC,0x63,0x00,0x00,0x00}},
    {0x63AA, {0x30,0x90,0x31,0x90,0x33,0xFC,0x7B,0xFC,0x78,0x90,0x33,0xFC,0x33,0xFC,0x39,0xF8,0x79,0xFC,0x71,0x0C,0x31,0x0C,0x31,0xFC,0x31,0x0C,0x71,0xFC,0x41,0x08,0x00,0x00}},
    {0x63AC, {0x10,0x80,0x19,0x80,0x19,0xFE,0x3D,0x3E,0x3F,0x02,0x1B,0x4A,0x19,0x7A,0x1C,0x72,0x3F,0xFE,0x38,0xE6,0x18,0xF6,0x1B,0x4E,0x1A,0x66,0x30,0x5C,0x20,0x08,0x00,0x00}},
    {0x63CF, {0x31,0x90,0x31,0x90,0x33,0xFC,0x7F,0xFC,0x79,0x90,0x30,0x00,0x33,0xF8,0x3B,0xFC,0x72,0x44,0xF3,0x6C,0x33,0xFC,0x32,0x6C,0x32,0x6C,0x73,0xFC,0x42,0x0C,0x00,0x00}},
    {0x63D0, {0x30,0x00,0x33,0xF8,0x33,0xF8,0x7B,0xF8,0x7A,0x08,0x33,0xF8,0x30,0x00,0x3F,0xFC,0x7B,0xFC,0x72,0x40,0x33,0x78,0x33,0x40,0x37,0xC0,0x6C,0xFC,0x40,0x1C,0x00,0x00}},
    {0x63D2, {0x30,0x08,0x33,0xF8,0x33,0xE0,0x78,0x60,0x77,0xFC,0x30,0x60,0x31,0x60,0x3B,0x7C,0x7A,0x64,0x72,0x6C,0x33,0xFC,0x32,0x64,0x32,0x6C,0x33,0xFC,0x62,0x0C,0x00,0x00}},
    {0x63F4, {0x10,0xF8,0x1B,0xE8,0x11,0x48,0x3D,0x78,0x1B,0xFC,0x18,0x80,0x13,0xFC,0x1D,0x80,0x39,0xA0,0x31,0xF8,0x19,0xD8,0x1B,0x70,0x1A,0x70,0x35,0xDC,0x00,0x00,0x00,0x00}},
    {0x63FD, {0x10,0x80,0x12,0xBC,0x12,0xFC,0x3E,0xF0,0x12,0x98,0x10,0x00,0x11,0xF8,0x1B,0x08,0x7B,0x48,0x13,0x48,0x13,0x48,0x10,0xE0,0x11,0xFE,0x37,0x1C,0x00,0x00,0x00,0x00}},
    {0x6405, {0x22,0xC8,0x32,0x48,0x27,0xFC,0x7F,0xFC,0x74,0x04,0x27,0xF8,0x33,0x18,0x3A,0x58,0x72,0x58,0x22,0x58,0x32,0xE8,0x30,0xE0,0x31,0xE6,0x67,0x7C,0x44,0x18,0x00,0x00}},
    {0x641C, {0x30,0x40,0x31,0xD8,0x33,0x7C,0x7A,0x44,0x73,0x7C,0x32,0x4C,0x33,0xFC,0x3B,0xF8,0x78,0x40,0x73,0xFC,0x33,0x18,0x31,0xB0,0x30,0xF0,0x77,0xBC,0x04,0x04,0x00,0x00}},
    {0x642A, {0x30,0x40,0x31,0xFC,0x33,0xFC,0x7E,0x20,0x77,0xF8,0x32,0x6C,0x33,0xFC,0x3E,0x2C,0x77,0xF8,0x36,0x60,0x37,0xFC,0x35,0x0C,0x35,0x0C,0x7D,0xFC,0x41,0x88,0x00,0x00}},
    {0x642C, {0x11,0x00,0x11,0x38,0x13,0xA8,0x3E,0xA8,0x37,0xEC,0x16,0xC4,0x16,0xFC,0x17,0xEC,0x3E,0xAC,0x77,0xB8,0x14,0x98,0x14,0x98,0x15,0xFC,0x3D,0xE4,0x00,0x00,0x00,0x00}},
    {0x642D, {0x31,0x10,0x37,0xFC,0x37,0xFC,0x79,0x10,0x78,0xC0,0x30,0xE0,0x33,0x18,0x3F,0xFC,0x74,0xA4,0x70,0x00,0x33,0xF8,0x33,0x08,0x33,0x08,0x73,0xF8,0x43,0x08,0x00,0x00}},
    {0x643A, {0x11,0x20,0x11,0xF8,0x13,0xF8,0x3F,0x20,0x17,0xF8,0x13,0xF8,0x1B,0xF8,0x39,0xFC,0x33,0x40,0x13,0xF0,0x11,0xBC,0x11,0x84,0x13,0x04,0x36,0x1C,0x00,0x00,0x00,0x00}},
    {0x6444, {0x30,0x00,0x37,0xFC,0x33,0xF8,0x7B,0x58,0x32,0x08,0x33,0xF8,0x37,0x7C,0x3F,0xFC,0x7F,0xFC,0x35,0xEC,0x35,0x28,0x33,0x38,0x33,0x38,0x3C,0xEC,0x68,0x44,0x00,0x00}},
    {0x6446, {0x30,0x00,0x37,0xFC,0x36,0xB4,0x7E,0xB4,0x7F,0xFC,0x30,0x00,0x30,0x40,0x3B,0xFC,0x70,0xE0,0x30,0x60,0x37,0xFC,0x31,0x88,0x33,0x18,0x73,0xFC,0x42,0x04,0x00,0x00}},
    {0x6447, {0x30,0x08,0x33,0xF8,0x37,0xC0,0x7A,0x48,0x7B,0x58,0x33,0x18,0x33,0xFC,0x3E,0x40,0x78,0x40,0x77,0xFC,0x30,0x40,0x36,0x4C,0x36,0x4C,0x73,0xFC,0x00,0x0C,0x00,0x00}},
    {0x644A, {0x20,0x20,0x20,0x78,0x26,0x48,0x7F,0xFC,0x71,0xD8,0x21,0xC8,0x37,0x7C,0x3E,0x7C,0xF2,0x58,0x23,0x58,0x27,0x7C,0x25,0xD8,0x2C,0x58,0x28,0x7C,0x60,0x40,0x00,0x00}},
    {0x6458, {0x10,0x40,0x13,0xFC,0x13,0xFC,0x3C,0x90,0x19,0xF8,0x13,0xFC,0x1B,0xFC,0x3E,0x64,0x7A,0x64,0x12,0xF4,0x12,0x94,0x12,0xF4,0x32,0x84,0x32,0x1C,0x00,0x00,0x00,0x00}},
    {0x6469, {0x01,0x00,0x3F,0xFC,0x7F,0xFC,0x6F,0x7C,0x66,0x38,0x6F,0x78,0x7E,0xD4,0x60,0x30,0x6F,0xF0,0x60,0x80,0x6F,0xF8,0x69,0xC4,0x5F,0xFC,0x40,0x80,0x43,0x80,0x00,0x00}},
    {0x6487, {0x21,0x10,0x23,0x50,0x27,0xD0,0x77,0x9C,0x77,0xBC,0x2F,0xE4,0x2B,0x7C,0x2F,0xFC,0x3F,0xD8,0xEF,0xD8,0x2F,0xD8,0x2D,0x58,0x29,0x58,0x29,0x7C,0x69,0xE4,0x00,0x00}},
    {0x6492, {0x10,0x10,0x13,0xD0,0x13,0xF0,0x3A,0xBC,0x17,0xEC,0x17,0xE4,0x13,0xEC,0x3E,0xDC,0x72,0xD8,0x13,0xD8,0x13,0xD8,0x12,0xD8,0x12,0x7C,0x36,0xE6,0x00,0x00,0x00,0x00}},
    {0x6495, {0x24,0x8C,0x24,0xB8,0x27,0xE0,0x7F,0xE0,0x74,0xA0,0x27,0xBC,0x24,0xAC,0x37,0xA8,0x77,0xA8,0x24,0xA8,0x2F,0xE8,0x24,0x28,0x24,0xE8,0x6C,0x48,0x40,0x48,0x00,0x00}},
    {0x64A9, {0x30,0x40,0x33,0xDC,0x37,0xFC,0x78,0xB4,0x73,0x1C,0x33,0x18,0x37,0xFC,0x3B,0xF8,0x73,0x18,0x33,0xF8,0x30,0x40,0x33,0x58,0x36,0x4C,0x64,0x44,0x40,0xC0,0x00,0x00}},
    {0x64AD, {0x30,0xF8,0x33,0xE0,0x31,0x48,0x79,0x58,0x7F,0xFC,0x31,0xF0,0x31,0xD8,0x3F,0x4C,0xFF,0xFC,0x33,0x4C,0x32,0x4C,0x33,0xFC,0x32,0x4C,0x33,0xFC,0x62,0x08,0x00,0x00}},
    {0x64B8, {0x31,0x80,0x33,0xF0,0x32,0x20,0x7F,0xF8,0x76,0x6C,0x33,0xFC,0x32,0x6C,0x39,0xB8,0x77,0xFC,0x30,0x00,0x33,0xF8,0x33,0xE8,0x33,0xF8,0x63,0xF8,0x43,0x08,0x00,0x00}},
    {0x64C0, {0x11,0x08,0x17,0x98,0x17,0x98,0x39,0x34,0x17,0xE6,0x14,0xFC,0x17,0x98,0x3E,0xD8,0x33,0xFC,0x11,0x3C,0x17,0xD8,0x13,0x18,0x11,0x18,0x31,0x18,0x00,0x00,0x00,0x00}},
    {0x64C5, {0x20,0x40,0x37,0xFC,0x37,0xFC,0x7B,0xF8,0x77,0xFC,0x37,0xB4,0x36,0xE4,0x3F,0xFC,0x73,0xF8,0x33,0xF8,0x33,0xF8,0x33,0x18,0x31,0xF0,0x6F,0xFC,0x00,0x00,0x00,0x00}},
    {0x64CD, {0x30,0x00,0x31,0xF8,0x31,0x18,0x79,0xF8,0x70,0x00,0x37,0xBC,0x34,0xA4,0x3F,0xBC,0x71,0x38,0x70,0x40,0x37,0xFC,0x31,0xF0,0x37,0x5C,0x64,0x44,0x00,0x40,0x00,0x00}},
    {0x64CE, {0x34,0x40,0x7F,0x74,0x3C,0xFC,0x63,0xC8,0x7B,0x70,0x2A,0x70,0x3F,0xDC,0x04,0x84,0x3F,0xF0,0x03,0x80,0x3F,0xF8,0x43,0x84,0x7F,0xFC,0x01,0x00,0x07,0x00,0x00,0x00}},
    {0x6500, {0x10,0x10,0x7B,0xBC,0x7F,0xFC,0x3A,0xB8,0x7F,0x7C,0x53,0xD6,0x16,0x10,0x7F,0xFC,0x5F,0xF4,0x3F,0x98,0x6F,0x8C,0x1F,0xF0,0x3F,0xF8,0x01,0x00,0x07,0x00,0x00,0x00}},
    {0x652F, {0x01,0x00,0x01,0x00,0x7F,0xFC,0x7F,0xFC,0x01,0x00,0x01,0x00,0x3F,0xF0,0x3F,0xF0,0x18,0x30,0x0C,0x60,0x06,0xC0,0x03,0x80,0x0F,0xE0,0x7C,0x7C,0x60,0x0C,0x00,0x00}},
    {0x6536, {0x04,0x40,0x04,0xC0,0x64,0x80,0x64,0xFC,0x65,0xFC,0x65,0x88,0x67,0xD8,0x66,0x58,0x64,0x50,0x6C,0x70,0x7C,0x30,0x64,0x70,0x04,0xD8,0x05,0x8C,0x05,0x04,0x00,0x00}},
    {0x6539, {0x00,0x40,0x7C,0xC0,0x7E,0xC0,0x06,0xFC,0x06,0x8C,0x07,0x88,0x7F,0xC8,0x61,0x58,0x60,0x70,0x60,0x70,0x60,0x30,0x6E,0x70,0x78,0xD8,0x61,0x8C,0x01,0x04,0x00,0x00}},
    {0x653E, {0x10,0x40,0x18,0x40,0x08,0xC0,0x7E,0xFC,0x30,0xCC,0x31,0xC8,0x3F,0xC8,0x37,0x58,0x36,0x70,0x36,0x30,0x26,0x30,0x26,0x70,0x66,0xD8,0xDF,0x8C,0x08,0x00,0x00,0x00}},
    {0x653F, {0x00,0x40,0x7E,0x40,0x7E,0xC0,0x08,0xFC,0x08,0xCC,0x69,0xC8,0x6F,0xC8,0x69,0x58,0x68,0x78,0x68,0x70,0x6A,0x30,0x7F,0x70,0x78,0xD8,0x01,0x8C,0x01,0x04,0x00,0x00}},
    {0x6545, {0x18,0x40,0x18,0xC0,0x18,0xC0,0x7E,0xFC,0x7D,0x8C,0x19,0x88,0x1B,0xD8,0x7E,0xD8,0x66,0x50,0x46,0x70,0x46,0x30,0x7E,0x70,0x7F,0xD8,0x43,0x8C,0x02,0x04,0x00,0x00}},
    {0x6548, {0x10,0x20,0x18,0x60,0x7E,0x40,0x7E,0x7C,0x24,0xCC,0x22,0xC8,0x63,0xC8,0x65,0xD8,0x3C,0x78,0x18,0x30,0x1C,0x30,0x36,0x70,0x22,0xD8,0x61,0x8C,0x01,0x04,0x00,0x00}},
    {0x654C, {0x06,0x40,0x7C,0x40,0x78,0x40,0x18,0xFC,0x18,0xCC,0x7F,0xC8,0x19,0xC8,0x19,0x58,0x7E,0x78,0x66,0x30,0x42,0x30,0x42,0x30,0x7E,0x78,0x7F,0xCC,0x43,0x84,0x00,0x00}},
    {0x654F, {0x20,0x40,0x20,0x60,0x3F,0x40,0x60,0x7C,0x7E,0xFC,0x7B,0xC8,0x2B,0xC8,0x7F,0x48,0x7F,0x78,0x6A,0x30,0x6A,0x30,0x7F,0x30,0x3F,0x78,0x0E,0xCC,0x08,0x84,0x00,0x00}},
    {0x6551, {0x08,0x20,0x0B,0x60,0x09,0x40,0x7F,0x7C,0x08,0xFC,0x4B,0xC8,0x2F,0xC8,0x3D,0xE8,0x1C,0x38,0x3E,0x30,0x6B,0x30,0x48,0x78,0x08,0xCC,0x39,0x8C,0x00,0x00,0x00,0x00}},
    {0x6559, {0x08,0x20,0x3D,0x60,0x3F,0x60,0x0B,0x7C,0x3F,0xCC,0x0C,0xC8,0x1F,0xE8,0x36,0x38,0x24,0x38,0x0F,0x30,0x3F,0x30,0x0C,0x78,0x0C,0xCC,0x1D,0x84,0x00,0x00,0x00,0x00}},
    {0x6562, {0x00,0x60,0x3E,0x60,0x06,0x40,0x06,0x7C,0x7F,0xFC,0x22,0xC8,0x3F,0xC8,0x3F,0xD8,0x22,0x78,0x3E,0x30,0x22,0x30,0x3F,0x30,0x7E,0x78,0x02,0xCC,0x02,0x84,0x00,0x00}},
    {0x6563, {0x00,0x20,0x12,0x60,0x3F,0x60,0x12,0x7E,0x1E,0x4C,0x3F,0xC8,0x00,0xE8,0x3F,0xA8,0x3F,0x38,0x3F,0x30,0x3F,0x30,0x33,0x78,0x33,0xCC,0x37,0x84,0x00,0x00,0x00,0x00}},
    {0x6566, {0x08,0x60,0x08,0x60,0x7F,0x40,0x00,0x7C,0x3E,0xFC,0x63,0xC8,0x3F,0xC8,0x00,0x58,0x7E,0x70,0x0C,0x30,0x0F,0x30,0x7E,0x70,0x08,0x58,0x39,0xCC,0x01,0x04,0x00,0x00}},
    {0x656C, {0x12,0x20,0x3F,0x60,0x3F,0x60,0x12,0x7C,0x1E,0xCC,0x3F,0xC8,0x61,0xC8,0x3D,0x68,0x35,0x38,0x35,0x30,0x3D,0x30,0x33,0x78,0x03,0xCC,0x07,0x84,0x00,0x00,0x00,0x00}},
    {0x6570, {0x08,0x40,0x6B,0x60,0x2A,0x40,0x7F,0xFC,0x1C,0xFC,0x3E,0xC8,0x69,0xC8,0x11,0x78,0x7E,0x30,0x36,0x30,0x36,0x30,0x3C,0x78,0x1E,0xC8,0x73,0x8C,0x41,0x00,0x00,0x00}},
    {0x6574, {0x18,0x40,0x7F,0x70,0x3E,0xFC,0x7F,0xC8,0x4B,0x78,0x7E,0x30,0x1E,0x78,0x7B,0xCC,0x48,0x00,0x3F,0xF8,0x01,0x80,0x11,0xF0,0x11,0x00,0x7F,0xFC,0x00,0x00,0x00,0x00}},
    {0x6587, {0x03,0x00,0x01,0x00,0x01,0x80,0x7F,0xFC,0x18,0x30,0x08,0x30,0x0C,0x60,0x04,0x60,0x06,0xC0,0x03,0x80,0x03,0x80,0x07,0xC0,0x1C,0x70,0x70,0x1C,0x40,0x04,0x00,0x00}},
    {0x658B, {0x01,0x00,0x3F,0xFC,0x3F,0xFC,0x06,0x60,0x03,0xC0,0x3E,0x7C,0x30,0x04,0x3F,0xFC,0x01,0x80,0x1F,0xF8,0x16,0xEC,0x12,0x48,0x12,0x48,0x12,0x58,0x00,0x00,0x00,0x00}},
    {0x658C, {0x00,0x10,0x31,0xF8,0x13,0xF4,0x7C,0x34,0x7F,0xFC,0x18,0x10,0x58,0x90,0x7A,0x90,0x32,0xF0,0x12,0x90,0x3A,0x90,0x2E,0x98,0x63,0xFE,0x47,0xCC,0x00,0x04,0x00,0x00}},
    {0x6590, {0x04,0x40,0x7E,0xFC,0x7E,0xFC,0x3E,0xF8,0x06,0xC0,0x06,0xC0,0x7E,0xFC,0x03,0x00,0x7F,0xFC,0x5C,0x74,0x0C,0x60,0x07,0xC0,0x07,0xC0,0x7C,0x7C,0x60,0x0C,0x00,0x00}},
    {0x6591, {0x00,0x00,0x7B,0x7C,0x79,0x3C,0x27,0xD0,0x35,0x98,0x24,0x90,0x77,0xB8,0x73,0x3C,0x23,0x10,0x21,0x10,0x33,0x98,0x3B,0x90,0xE6,0x98,0x0C,0x7C,0x00,0x00,0x00,0x00}},
    {0x6597, {0x00,0x20,0x0C,0x20,0x07,0x20,0x03,0x20,0x00,0x20,0x38,0x20,0x0E,0x20,0x04,0x20,0x00,0x36,0x03,0xFE,0x7F,0xE0,0x60,0x20,0x00,0x20,0x00,0x20,0x00,0x20,0x00,0x00}},
    {0x6599, {0x10,0x18,0x50,0x98,0x56,0xD8,0x74,0x78,0x7C,0x18,0x7C,0x18,0x7F,0x98,0x38,0xD8,0x3C,0x18,0x7C,0x3C,0x73,0xF8,0xD1,0x18,0x10,0x18,0x10,0x18,0x10,0x18,0x00,0x00}},
    {0x659C, {0x04,0x08,0x0E,0x48,0x1B,0x68,0x31,0xB8,0x7E,0x08,0x0C,0x48,0x0C,0x68,0x3F,0x28,0x0C,0x0C,0x3F,0x7C,0x3D,0xE8,0x2D,0x08,0x2C,0x08,0x1C,0x08,0x00,0x00,0x00,0x00}},
    {0x65A9, {0x10,0x00,0x10,0x3C,0x7E,0xF0,0x76,0x80,0x20,0x80,0x28,0xFC,0x68,0xFC,0x7E,0x98,0x1C,0x98,0x08,0x98,0x1F,0x98,0x7D,0x98,0x09,0x98,0x09,0x18,0x09,0x18,0x00,0x00}},
    {0x65AD, {0x04,0x0C,0x64,0x7C,0x7D,0xE0,0x7E,0xC0,0x64,0xC0,0x7F,0xF4,0x6C,0xFC,0x6E,0xC8,0x7F,0xC8,0x74,0xC8,0x64,0xC8,0x64,0xC8,0x7F,0x88,0x1F,0x88,0x00,0x88,0x00,0x00}},
    {0x65AF, {0x02,0x0C,0x22,0x7C,0x7F,0xE0,0x7E,0xC0,0x22,0xC0,0x3E,0xF4,0x22,0xFC,0x3E,0xC8,0x3E,0xC8,0x22,0xC8,0x7F,0x88,0x04,0x88,0x27,0x88,0x63,0x88,0x01,0x08,0x00,0x00}},
    {0x65B0, {0x18,0x00,0x5E,0x7C,0x7E,0xE0,0x26,0x80,0x26,0xC0,0x36,0xF4,0x7F,0xFC,0x08,0x88,0x7F,0x98,0x18,0x98,0x2E,0x98,0x4B,0x98,0x49,0x98,0x19,0x18,0x00,0x08,0x00,0x00}},
    {0x65B9, {0x00,0x80,0x00,0x80,0x00,0xC0,0x3F,0xFE,0x03,0x00,0x02,0x00,0x03,0xE0,0x03,0xFC,0x06,0x08,0x06,0x08,0x04,0x08,0x0C,0x08,0x18,0x18,0x30,0xF8,0x20,0x60,0x00,0x00}},
    {0x65BD, {0x10,0x80,0x10,0x80,0x19,0xFC,0x7F,0xFC,0x33,0x20,0x31,0xBC,0x3C,0xFC,0x25,0xE4,0x27,0xA4,0x25,0xAC,0x24,0xB8,0x65,0xA0,0x45,0x86,0x5C,0x84,0x00,0xFC,0x00,0x00}},
    {0x65C1, {0x01,0x00,0x27,0xC8,0x7F,0xFC,0x0C,0x20,0x0C,0x60,0x7F,0xFC,0x41,0x04,0x7F,0xFC,0x7F,0xFC,0x04,0x00,0x0F,0xF8,0x08,0x10,0x38,0x10,0x60,0xF0,0x00,0x00,0x00,0x00}},
    {0x65C3, {0x10,0x80,0x18,0x80,0x08,0xFC,0x7F,0x80,0x11,0xF8,0x11,0xFC,0x1C,0xAC,0x16,0xBC,0x17,0xFC,0x37,0xFC,0x34,0x8C,0x24,0x8C,0x2D,0x8C,0x29,0x1C,0x00,0x00,0x00,0x00}},
    {0x65C5, {0x10,0x80,0x10,0x80,0x18,0xFC,0x7F,0x8C,0x33,0x18,0x31,0xF0,0x3D,0xA0,0x35,0xBC,0x25,0x98,0x25,0x90,0x25,0x98,0x65,0x98,0x65,0xEC,0xDD,0xC4,0x00,0x00,0x00,0x00}},
    {0x65CB, {0x10,0x80,0x10,0x80,0x19,0xFC,0x7F,0xA0,0x33,0x00,0x31,0xFC,0x3C,0x2C,0x24,0x2C,0x25,0xA0,0x25,0xBC,0x25,0xA0,0x65,0xA0,0x65,0xE0,0xDF,0x7C,0x00,0x0C,0x00,0x00}},
    {0x65CF, {0x20,0x80,0x10,0x80,0x19,0xFC,0x7F,0xBC,0x33,0xC0,0x20,0xD8,0x3D,0xFC,0x3D,0x20,0x24,0x20,0x25,0xFC,0x24,0x70,0x64,0x70,0x64,0xD8,0x5D,0x8C,0x01,0x00,0x00,0x00}},
    {0x65D6, {0x30,0x80,0x11,0xDC,0x11,0xFC,0x7F,0x20,0x33,0xFC,0x20,0x70,0x3C,0xD8,0x2F,0xFC,0x2C,0xFC,0x2D,0xE8,0x6D,0x28,0x6D,0xE8,0x4D,0xE8,0x58,0x08,0x00,0x38,0x00,0x00}},
    {0x65D7, {0x31,0x00,0x11,0xFC,0x03,0xFC,0x7F,0x00,0x37,0x98,0x21,0xFC,0x3C,0xD8,0x2C,0xF8,0x2C,0xF8,0x2C,0x98,0x6D,0x98,0x6F,0xFC,0x4C,0x98,0x59,0x8C,0x00,0x00,0x00,0x00}},
    {0x65E0, {0x00,0x00,0x3F,0xF8,0x3F,0xF8,0x01,0x00,0x03,0x00,0x03,0x00,0x7F,0xFC,0x03,0x80,0x03,0x80,0x06,0x80,0x05,0x80,0x0D,0x84,0x19,0x84,0x70,0xFC,0x40,0x78,0x00,0x00}},
    {0x65E2, {0x00,0x00,0x7D,0xFC,0x44,0x20,0x7D,0xA0,0x7D,0xA0,0x45,0x20,0x7D,0xFC,0x40,0x60,0x40,0x60,0x48,0x70,0x4C,0xF0,0x7C,0xB4,0xF5,0xB4,0xC3,0x3C,0x02,0x00,0x00,0x00}},
    {0x65E5, {0x1F,0xF8,0x3F,0xF8,0x30,0x08,0x30,0x18,0x30,0x18,0x30,0x08,0x3F,0xF8,0x3F,0xF8,0x30,0x08,0x30,0x18,0x30,0x18,0x30,0x08,0x3F,0xF8,0x3F,0xF8,0x20,0x08,0x00,0x00}},
    {0x65E6, {0x00,0x00,0x3F,0xF8,0x30,0x18,0x30,0x18,0x30,0x18,0x3F,0xF8,0x3F,0xF8,0x30,0x18,0x30,0x18,0x30,0x18,0x3F,0xF8,0x00,0x00,0x00,0x00,0x00,0x00,0xFF,0xFE,0x00,0x00}},
    {0x65E7, {0x21,0xF8,0x27,0xFC,0x26,0x04,0x26,0x04,0x26,0x04,0x26,0x04,0x27,0xFC,0x27,0x0C,0x26,0x04,0x26,0x04,0x26,0x04,0x26,0x04,0x27,0xFC,0x27,0xFC,0x22,0x04,0x00,0x00}},
    {0x65E9, {0x00,0x00,0x3F,0xF8,0x30,0x18,0x30,0x18,0x3F,0xF8,0x30,0x18,0x3E,0xF8,0x3F,0xF0,0x01,0x00,0x01,0x00,0x7F,0xFC,0x03,0x00,0x01,0x00,0x01,0x00,0x01,0x00,0x00,0x00}},
    {0x65EC, {0x04,0x00,0x0C,0x00,0x0F,0xFC,0x1F,0xFC,0x10,0x04,0x3F,0x84,0x2C,0xCC,0x08,0xCC,0x0F,0xCC,0x08,0xCC,0x08,0xCC,0x0F,0xCC,0x08,0x08,0x00,0x78,0x00,0x00,0x00,0x00}},
    {0x65ED, {0x30,0x00,0x30,0xF8,0x30,0xFC,0x7C,0x8C,0x7C,0x8C,0x34,0x8C,0x34,0xF8,0x34,0x8C,0x34,0x8C,0x24,0x8C,0x24,0xF8,0x24,0x04,0x66,0x04,0xC7,0xFC,0x41,0xF8,0x00,0x00}},
    {0x65F6, {0x00,0x08,0x10,0x18,0x7C,0x18,0x65,0xFC,0x65,0xFC,0x64,0x18,0x7D,0x98,0x64,0x98,0x64,0xD8,0x64,0x58,0x64,0x18,0x7C,0x18,0x60,0x18,0x00,0x78,0x00,0x60,0x00,0x00}},
    {0x65FA, {0x00,0x00,0x03,0xBC,0xFF,0xFC,0xC8,0x40,0xD8,0x60,0xC8,0x60,0xF8,0x40,0xDB,0xFC,0xD8,0xE0,0xD8,0x40,0xC8,0x60,0xF8,0x60,0xF0,0x40,0x80,0x60,0x07,0xFC,0x00,0x00}},
    {0x6602, {0x1F,0xFC,0x30,0x0C,0x1F,0xFC,0x1F,0xFC,0x30,0x0C,0x1F,0xFC,0x06,0x00,0x1E,0xFC,0x30,0xC4,0x20,0xC4,0x20,0xC4,0x3F,0xC4,0x7E,0xDC,0x00,0xD8,0x00,0x80,0x00,0x00}},
    {0x6606, {0x00,0x00,0x7F,0xF0,0x60,0x10,0x7F,0xF0,0x60,0x30,0x60,0x30,0x3F,0xF0,0x21,0x00,0x21,0x98,0x3F,0xF0,0x21,0xC0,0x21,0x00,0x27,0x8C,0x7F,0xF8,0x00,0x70,0x00,0x00}},
    {0x6607, {0x00,0x00,0x3F,0xF8,0x30,0x18,0x3F,0xF8,0x30,0x18,0x30,0x18,0x3F,0xF8,0x07,0x20,0x3C,0x20,0x0C,0x20,0x7F,0xFC,0x0C,0x20,0x18,0x20,0x30,0x20,0x20,0x20,0x00,0x00}},
    {0x660A, {0x00,0x00,0x3F,0xF8,0x30,0x18,0x3F,0xF8,0x30,0x18,0x3F,0xF8,0x00,0x00,0x3F,0xF8,0x3F,0xF8,0x01,0x00,0x7F,0xFC,0x07,0x80,0x0C,0xE0,0x78,0x3C,0x60,0x0C,0x00,0x00}},
    {0x660C, {0x1F,0xF8,0x18,0x18,0x1F,0xF8,0x1F,0xF8,0x18,0x18,0x1F,0xF8,0x00,0x00,0x00,0x00,0x3F,0xFC,0x20,0x04,0x3F,0xFC,0x3F,0xFC,0x20,0x04,0x3F,0xFC,0x30,0x0C,0x00,0x00}},
    {0x660E, {0x39,0xFC,0x7D,0x8C,0x65,0x8C,0x65,0x8C,0x65,0xFC,0x7D,0x8C,0x65,0x84,0x65,0xFC,0x65,0xFC,0x7D,0x04,0x61,0x0C,0x03,0x0C,0x06,0x0C,0x04,0x3C,0x00,0x00,0x00,0x00}},
    {0x6613, {0x0F,0xF8,0x08,0x08,0x0F,0xF8,0x0F,0xF8,0x08,0x08,0x0F,0xF8,0x04,0x00,0x0F,0xFC,0x1F,0xFC,0x33,0x24,0x26,0x64,0x0C,0xC4,0x18,0xCC,0x11,0xB8,0x00,0x00,0x00,0x00}},
    {0x6614, {0x00,0x00,0x0C,0x60,0x3F,0xF8,0x3F,0xF8,0x0C,0x60,0x7F,0xFC,0x7F,0xFC,0x0F,0xE0,0x1F,0xF0,0x10,0x10,0x18,0x30,0x1F,0xF0,0x10,0x10,0x1F,0xF0,0x10,0x10,0x00,0x00}},
    {0x6615, {0x00,0x08,0x38,0xFC,0x7D,0xE0,0x65,0x80,0x6D,0x00,0x6D,0xFC,0x7D,0xFC,0x6D,0x10,0x6D,0x10,0x6D,0x10,0x6D,0x10,0x7D,0x10,0x63,0x10,0x02,0x10,0x02,0x10,0x00,0x00}},
    {0x661F, {0x1F,0xF8,0x30,0x08,0x1F,0xF8,0x1F,0xF8,0x30,0x08,0x1F,0xF8,0x19,0x80,0x19,0x80,0x3F,0xFC,0x61,0x80,0x5F,0xF8,0x1F,0xF8,0x01,0x80,0x7F,0xFE,0x00,0x00,0x00,0x00}},
    {0x6620, {0x00,0x60,0x38,0x60,0x79,0xF8,0x49,0xFC,0x69,0x6C,0x69,0x6C,0x79,0x6C,0x69,0x6C,0x6F,0xFE,0x68,0x60,0x68,0x70,0x78,0xD0,0x41,0x98,0x07,0x0C,0x04,0x04,0x00,0x00}},
    {0x6625, {0x01,0x00,0x3F,0xF8,0x3F,0xF8,0x03,0x00,0x3F,0xF8,0x06,0x00,0x7F,0xFC,0x08,0x20,0x1F,0xF0,0x78,0x3C,0x58,0x34,0x1F,0xF0,0x18,0x30,0x1F,0xF0,0x08,0x30,0x00,0x00}},
    {0x6628, {0x00,0x80,0x7D,0x80,0x7D,0xFC,0x6D,0xFC,0x6F,0x40,0x6E,0x40,0x7C,0x7C,0x6C,0x40,0x6C,0x40,0x6C,0x40,0x6C,0x7C,0x7C,0x40,0x60,0x40,0x00,0x40,0x00,0x40,0x00,0x00}},
    {0x662B, {0x01,0x80,0x79,0x80,0x79,0x00,0x4B,0xFC,0x4E,0x0C,0x7F,0xCC,0x7B,0xEC,0x4B,0x2C,0x4B,0x2C,0x6B,0xEC,0x7B,0xCC,0x60,0x0C,0x00,0x08,0x00,0x78,0x00,0x00,0x00,0x00}},
    {0x662D, {0x03,0xFE,0x7C,0x66,0x64,0x46,0x64,0x46,0x64,0xC6,0x7D,0x84,0x6F,0x1C,0x64,0x00,0x65,0xFE,0x65,0x06,0x7D,0x06,0x7D,0x06,0x41,0x06,0x01,0xFE,0x01,0x06,0x00,0x00}},
    {0x662F, {0x00,0x00,0x3F,0xF8,0x30,0x18,0x3F,0xF8,0x30,0x18,0x3F,0xF8,0x00,0x00,0x7F,0xFC,0x7F,0xFC,0x11,0x00,0x11,0xF8,0x39,0x80,0x3F,0x00,0x67,0xFC,0x40,0xFC,0x00,0x00}},
    {0x6631, {0x00,0x00,0x3F,0xF8,0x30,0x18,0x3F,0xF8,0x30,0x18,0x30,0x18,0x3F,0xF8,0x01,0x00,0x3F,0xF8,0x3F,0xF8,0x08,0x20,0x0C,0x60,0x0C,0x40,0x7F,0xFC,0x7F,0xFC,0x00,0x00}},
    {0x6636, {0x10,0x00,0x1C,0x30,0x04,0x7C,0x3C,0x44,0x3C,0x44,0x04,0xCC,0x65,0xFC,0x77,0x4C,0x16,0x44,0x37,0x4C,0x25,0x7C,0x65,0x80,0x44,0xE0,0x44,0x3C,0x1C,0x0C,0x00,0x00}},
    {0x663C, {0x00,0x00,0x3F,0xF8,0x30,0x18,0x30,0x18,0x3F,0xF8,0x30,0x60,0x34,0x70,0x7F,0xFC,0x50,0x3C,0x5F,0xF0,0x18,0x30,0x1F,0xE0,0x00,0x00,0x7F,0xFC,0x00,0x00,0x00,0x00}},
    {0x663E, {0x00,0x00,0x3F,0xF8,0x30,0x18,0x3F,0xF8,0x30,0x18,0x30,0x18,0x1F,0xF0,0x00,0x00,0x26,0xC8,0x36,0xD8,0x16,0xD0,0x16,0xF0,0x06,0xC0,0x7F,0xFC,0x00,0x00,0x00,0x00}},
    {0x6642, {0x00,0x00,0x38,0x60,0x7D,0xFC,0x4D,0xF8,0x6C,0x60,0x6F,0xFE,0x7C,0x18,0x6C,0x18,0x6F,0xFC,0x6C,0x18,0x6D,0x18,0x7D,0x98,0x40,0x98,0x00,0x18,0x00,0x70,0x00,0x00}},
    {0x6643, {0x00,0x00,0x3F,0xF8,0x20,0x08,0x3F,0xF8,0x30,0x18,0x3F,0xF8,0x11,0x10,0x19,0x30,0x19,0x20,0x7F,0xFC,0x04,0xC0,0x0C,0xC0,0x18,0xC4,0x70,0xFC,0x40,0x38,0x00,0x00}},
    {0x664B, {0x3F,0xFC,0x16,0x68,0x12,0x48,0x1A,0x58,0x12,0x50,0x7F,0xFE,0x00,0x00,0x00,0x00,0x1F,0xF8,0x10,0x08,0x1F,0xF8,0x1F,0xF8,0x10,0x08,0x1F,0xF8,0x18,0x08,0x00,0x00}},
    {0x664F, {0x7F,0xF8,0x60,0x18,0x7F,0xF8,0x60,0x18,0x7F,0xF8,0x03,0x00,0xFF,0xFC,0xC6,0x0C,0xC6,0x0C,0xFF,0xFC,0x18,0x60,0x3C,0xC0,0x0F,0xC0,0x0F,0xF0,0xF8,0x18,0x00,0x00}},
    {0x6653, {0x00,0x80,0x38,0x80,0x7B,0xFC,0x4F,0xC8,0x48,0x58,0x68,0x70,0x79,0xE4,0x4B,0x1C,0x48,0x08,0x4F,0xFC,0x68,0xB0,0x79,0xB0,0x41,0xB4,0x07,0x3C,0x00,0x00,0x00,0x00}},
    {0x6656, {0x07,0xFC,0xFC,0x04,0x9C,0x84,0x9C,0x84,0x93,0xF8,0x93,0xE0,0xF1,0x40,0x93,0x60,0x93,0xFC,0x90,0x60,0xFF,0xFC,0xF7,0xFC,0x80,0x60,0x00,0x60,0x00,0x40,0x00,0x00}},
    {0x665A, {0x00,0x80,0x38,0xC0,0x7D,0xF0,0x4F,0x20,0x6F,0xFC,0x6F,0x6C,0x7B,0x64,0x6F,0x64,0x6F,0xFC,0x6C,0xF0,0x6C,0xE0,0x79,0xA0,0x43,0x26,0x0E,0x3C,0x0C,0x18,0x00,0x00}},
    {0x665E, {0x00,0x08,0x3B,0xD8,0x78,0xF0,0x4F,0xDC,0x48,0xC0,0x6F,0xFC,0x79,0x80,0x49,0x60,0x4F,0xFC,0x4F,0x6C,0x79,0x6C,0x79,0x6C,0x43,0x6C,0x00,0x60,0x00,0x20,0x00,0x00}},
    {0x665F, {0x00,0x00,0x3F,0xF8,0x30,0x18,0x3F,0xF8,0x20,0x08,0x3F,0xF8,0x01,0xB0,0x3F,0xFC,0x3F,0xFC,0x20,0x98,0x3E,0xD0,0x66,0x60,0x6E,0xE4,0x4F,0x9C,0x40,0x08,0x00,0x00}},
    {0x6664, {0x07,0xFC,0xF8,0x80,0x9B,0xF0,0xDB,0xF8,0x99,0x98,0xF9,0x18,0xDF,0xFC,0xD8,0x00,0xD8,0x00,0x9B,0xF8,0xFA,0x08,0xF2,0x08,0x82,0x08,0x03,0xF8,0x02,0x08,0x00,0x00}},
    {0x6668, {0x00,0x00,0x3F,0xF8,0x30,0x58,0x3F,0xF8,0x3F,0xF8,0x00,0x00,0x00,0x00,0x3F,0xFC,0x2F,0xF0,0x20,0x00,0x3F,0xFC,0x6C,0xC8,0x6C,0x70,0x4F,0x3C,0x4C,0x04,0x00,0x00}},
    {0x666E, {0x08,0x20,0x08,0x20,0x3F,0xF8,0x37,0xD8,0x16,0xD0,0x16,0xD0,0x7F,0xFC,0x7F,0xFC,0x1F,0xF0,0x10,0x18,0x10,0x10,0x1F,0xF0,0x10,0x10,0x1F,0xF0,0x10,0x10,0x00,0x00}},
    {0x666F, {0x1F,0xF8,0x10,0x08,0x1F,0xF8,0x3E,0xF8,0x1F,0xF8,0x01,0x00,0x7F,0xFE,0x00,0x00,0x1F,0xF8,0x10,0x08,0x1F,0xF8,0x0F,0xF0,0x19,0xB0,0x71,0x8E,0x07,0x00,0x00,0x00}},
    {0x6674, {0x00,0x20,0x39,0xFC,0x7B,0xFC,0x49,0xFC,0x48,0x60,0x6B,0xFC,0x78,0x00,0x49,0xF8,0x49,0x2C,0x49,0xFC,0x79,0x0C,0x79,0xFC,0x41,0xFC,0x01,0x0C,0x01,0x18,0x00,0x00}},
    {0x6676, {0x0F,0xF0,0x08,0x10,0x0F,0xF0,0x0F,0xF0,0x18,0x10,0x0F,0xF0,0x00,0x00,0x7E,0x7E,0x62,0x46,0x62,0x46,0x7E,0x7E,0x7E,0x7E,0x62,0x46,0x7E,0x7E,0x22,0x44,0x00,0x00}},
    {0x667A, {0x10,0x00,0x1B,0x7C,0x3F,0x7C,0x24,0x44,0x3F,0xC4,0x0C,0x44,0x1F,0x7C,0x31,0x00,0x2F,0xF8,0x08,0x08,0x08,0x18,0x0F,0xF8,0x08,0x08,0x0F,0xF8,0x08,0x08,0x00,0x00}},
    {0x6682, {0x10,0x00,0x7E,0x7C,0x7E,0xE0,0x28,0xC0,0x7F,0xFC,0x0C,0xD8,0x3F,0x98,0x4C,0x98,0x00,0x18,0x3F,0xF8,0x30,0x18,0x3F,0xF8,0x30,0x18,0x3F,0xF8,0x10,0x10,0x00,0x00}},
    {0x6696, {0x00,0x38,0x3B,0xF8,0x78,0x48,0x49,0x58,0x4B,0xFC,0x69,0x80,0x7F,0xD4,0x4F,0xFC,0x49,0x00,0x49,0xF8,0x79,0x98,0x7B,0xD0,0x46,0x70,0x0D,0xFC,0x09,0x0C,0x00,0x00}},
    {0x66A7, {0x00,0x38,0x33,0xF0,0x78,0x48,0x4B,0x58,0x4F,0xFC,0x6E,0x84,0x7F,0xFC,0x4B,0xF8,0x49,0x80,0x49,0xF8,0x79,0x98,0x7B,0xD0,0x42,0x70,0x06,0xFC,0x01,0x8C,0x00,0x00}},
    {0x66A8, {0x00,0x00,0x3F,0xFC,0x26,0xB0,0x3F,0xFC,0x3E,0x7C,0x24,0x30,0x7E,0xF4,0x60,0x9C,0x1F,0xF0,0x18,0x18,0x1F,0xF8,0x18,0x18,0x1F,0xF0,0x7F,0xFC,0x1F,0xF0,0x00,0x00}},
    {0x66AE, {0x00,0x40,0x7F,0xFC,0x7F,0xFC,0x1F,0xF0,0x30,0x18,0x1F,0xF8,0x38,0x18,0x1F,0xF0,0x7F,0xFC,0x18,0x30,0x3F,0xF8,0x78,0x34,0x1F,0xF0,0x1F,0xF0,0x18,0x30,0x00,0x00}},
    {0x66B4, {0x00,0x00,0x3F,0xF8,0x30,0x18,0x3F,0xF8,0x3F,0xF8,0x0C,0x60,0x0C,0x60,0x3F,0xF8,0x7F,0xFC,0x1F,0xFC,0x39,0x38,0x6D,0x6C,0x07,0xC0,0x3D,0xF0,0x27,0x10,0x00,0x00}},
    {0x66BB, {0x07,0xF8,0xF2,0x08,0x93,0xF8,0x97,0xB8,0x93,0xF8,0xF0,0x40,0xFF,0xFC,0x90,0x00,0x93,0xF8,0x92,0x18,0xF3,0xF8,0xF0,0x40,0x86,0x4C,0x0C,0x44,0x01,0xC0,0x00,0x00}},
    {0x66D9, {0x07,0xFC,0xF4,0xA4,0x9F,0xFC,0xDB,0xFC,0x93,0xE8,0xF3,0xF8,0xF8,0xB0,0xDF,0xFC,0xD9,0xC0,0xDF,0xF8,0xFF,0x08,0xF1,0xF8,0x81,0x08,0x01,0xF8,0x01,0x08,0x00,0x00}},
    {0x66DC, {0x07,0xFC,0xF0,0x84,0x92,0xBC,0x93,0x9C,0x9F,0xFC,0xF1,0x60,0xF3,0x60,0x93,0xFC,0x9E,0x60,0x9F,0xF8,0xF2,0x20,0xF3,0xF8,0x83,0x60,0x03,0xFC,0x02,0x00,0x00,0x00}},
    {0x66E6, {0x01,0x10,0x33,0xB8,0x7B,0xF8,0x4B,0xF8,0x48,0x40,0x7F,0xFC,0x79,0xA8,0x49,0xA0,0x4F,0xFC,0x4F,0xB4,0x7F,0xD4,0x7A,0x18,0x43,0x98,0x00,0xFE,0x01,0xCC,0x00,0x00}},
    {0x66F2, {0x04,0x40,0x04,0xC0,0x04,0x40,0x3F,0xF8,0x7F,0xFC,0x64,0xCC,0x64,0xCC,0x64,0xCC,0x7F,0xFC,0x66,0xCC,0x64,0xCC,0x64,0x4C,0x7F,0xFC,0x7F,0xFC,0x20,0x08,0x00,0x00}},
    {0x66F3, {0x01,0x00,0x0F,0xE0,0x3F,0xF8,0x21,0x08,0x31,0x08,0x3F,0xF8,0x21,0x08,0x31,0x88,0x3F,0xF8,0x31,0x98,0x00,0xB0,0x00,0xE0,0x03,0xC6,0x1F,0x74,0x78,0x3C,0x00,0x00}},
    {0x66F4, {0x00,0x00,0x7F,0xFC,0x01,0x00,0x1F,0xF8,0x3F,0xF8,0x31,0x08,0x3F,0xF8,0x31,0x08,0x3F,0xF8,0x1B,0xF0,0x1B,0x00,0x0E,0x00,0x0F,0x00,0x79,0xFC,0x40,0x0C,0x00,0x00}},
    {0x66F8, {0x00,0x80,0x0F,0xF0,0x0F,0xF8,0x3F,0xFE,0x01,0xDC,0x0F,0xF8,0x01,0xC0,0x1F,0xFC,0x3F,0xFE,0x00,0x00,0x0F,0xF8,0x0C,0x18,0x0F,0xF8,0x0F,0xF8,0x08,0x08,0x00,0x00}},
    {0x66F9, {0x04,0x40,0x7F,0xFC,0x7F,0xFC,0x3F,0xF8,0x36,0xD8,0x3F,0xF8,0x24,0xC8,0x3F,0xF8,0x09,0x20,0x1F,0xF0,0x18,0x30,0x1F,0xF0,0x10,0x10,0x1F,0xF0,0x10,0x10,0x00,0x00}},
    {0x66FC, {0x00,0x00,0x3F,0xF8,0x30,0x18,0x3F,0xF8,0x3F,0xF8,0x00,0x00,0x7F,0xFC,0x64,0x4C,0x7F,0xFC,0x03,0x00,0x7F,0xF0,0x1C,0x30,0x07,0xC0,0x1F,0xF0,0x7C,0x3C,0x00,0x00}},
    {0x66FE, {0x0C,0x30,0x04,0x20,0x3F,0xFC,0x3D,0xBC,0x35,0xA4,0x35,0xAC,0x3F,0xFC,0x1F,0xFC,0x0F,0xF8,0x18,0x18,0x18,0x18,0x1F,0xF8,0x18,0x08,0x1F,0xF8,0x18,0x18,0x00,0x00}},
    {0x6700, {0x00,0x00,0x3F,0xF8,0x30,0x18,0x3F,0xF8,0x30,0x18,0x1F,0xF0,0x5D,0xFC,0x7F,0xFC,0x3E,0xF8,0x36,0xFC,0x3E,0x48,0x22,0x78,0x3F,0x30,0x7F,0xF8,0x03,0x8C,0x00,0x00}},
    {0x6703, {0x01,0x00,0x03,0x80,0x0E,0x60,0x3F,0xFC,0x70,0x0C,0x3F,0xF8,0x35,0x58,0x35,0x58,0x3F,0xF8,0x1F,0xF0,0x18,0x10,0x1F,0xF0,0x1F,0xF0,0x1F,0xF0,0x18,0x30,0x00,0x00}},
    {0x6708, {0x0F,0xFC,0x0C,0x0C,0x0C,0x0C,0x0C,0x0C,0x0F,0xFC,0x0F,0xFC,0x0C,0x0C,0x08,0x0C,0x0F,0xFC,0x0F,0xFC,0x18,0x0C,0x18,0x0C,0x30,0x0C,0x20,0x7C,0x00,0x30,0x00,0x00}},
    {0x6709, {0x02,0x00,0x02,0x00,0x3F,0xFC,0x04,0x00,0x0C,0x00,0x0F,0xF8,0x1C,0x18,0x3C,0x18,0x2F,0xF0,0x0C,0x18,0x0F,0xF0,0x0C,0x18,0x0C,0x18,0x0C,0x70,0x00,0x00,0x00,0x00}},
    {0x670B, {0x3E,0x7C,0x22,0x46,0x22,0x46,0x22,0x46,0x3E,0x7C,0x36,0x66,0x22,0x46,0x22,0x46,0x3E,0x7C,0x22,0x46,0x22,0xC6,0x62,0xC6,0x62,0x86,0x4F,0x9C,0x00,0x08,0x00,0x00}},
    {0x670D, {0x00,0x00,0x3D,0xFC,0x65,0x8C,0x65,0x8C,0x65,0xBC,0x3D,0x80,0x65,0xB8,0x65,0xFC,0x7D,0xCC,0x7D,0x68,0x65,0xB8,0x65,0xB0,0x45,0xB8,0x45,0xEC,0x5D,0xC4,0x00,0x00}},
    {0x6717, {0x00,0x00,0x18,0xFC,0x3E,0xCC,0x66,0xCC,0x62,0xCC,0x7E,0xFC,0x62,0xCC,0x7E,0xCC,0x7E,0xFC,0x6C,0xEC,0x64,0x8C,0x66,0x8C,0x7F,0x8C,0x71,0x9C,0x00,0x10,0x00,0x00}},
    {0x671B, {0x08,0x00,0x2F,0x7E,0x3F,0x7E,0x10,0x7E,0x10,0x46,0x1B,0x7E,0x1E,0xC6,0x10,0x8E,0x00,0x08,0x1F,0xFC,0x01,0x80,0x1F,0xF8,0x00,0x80,0x3F,0xFE,0x00,0x00,0x00,0x00}},
    {0x671D, {0x0C,0x00,0x0C,0x7E,0x3F,0x66,0x0C,0x66,0x3F,0x66,0x21,0x7E,0x3F,0x66,0x3F,0x46,0x21,0x7E,0x3F,0x7E,0x0C,0x46,0x3F,0xC6,0x0C,0xC6,0x0C,0x86,0x0D,0x8C,0x00,0x00}},
    {0x671F, {0x00,0x00,0x11,0x7E,0x3F,0xE6,0x3F,0x66,0x11,0x66,0x1F,0x7E,0x11,0x66,0x1F,0x62,0x1F,0x7E,0x13,0x7E,0x3F,0xE6,0x12,0x46,0x13,0x42,0x31,0xCE,0x00,0x0C,0x00,0x00}},
    {0x6728, {0x01,0x00,0x01,0x00,0x01,0x00,0x01,0x00,0x7F,0xFC,0x07,0xC0,0x03,0x80,0x07,0xC0,0x0D,0x60,0x19,0x30,0x31,0x18,0x61,0x0C,0x41,0x04,0x01,0x00,0x01,0x00,0x00,0x00}},
    {0x672A, {0x01,0x00,0x01,0x00,0x01,0x00,0x3F,0xF8,0x03,0x00,0x01,0x00,0x3F,0xF8,0x7F,0xFC,0x03,0x80,0x07,0xC0,0x09,0x60,0x39,0x38,0x71,0x1C,0x41,0x04,0x01,0x00,0x00,0x00}},
    {0x672B, {0x01,0x00,0x01,0x00,0x01,0x00,0x7F,0xFC,0x03,0x00,0x01,0x00,0x2F,0xE0,0x3F,0xF8,0x07,0xC0,0x07,0xC0,0x09,0x20,0x39,0x38,0x61,0x0C,0x41,0x04,0x01,0x00,0x00,0x00}},
    {0x672C, {0x01,0x00,0x01,0x00,0x01,0x00,0x7F,0xFC,0x7F,0xFC,0x07,0xC0,0x0D,0x60,0x09,0x20,0x19,0x30,0x31,0x18,0x7F,0xFC,0x5F,0xF4,0x01,0x00,0x01,0x00,0x01,0x00,0x00,0x00}},
    {0x672F, {0x01,0x00,0x01,0x60,0x01,0x30,0x01,0x00,0x7F,0xFC,0x03,0xC0,0x03,0x80,0x07,0xC0,0x0D,0x60,0x19,0x30,0x31,0x18,0x61,0x0C,0x41,0x04,0x01,0x00,0x01,0x00,0x00,0x00}},
    {0x6731, {0x01,0x00,0x19,0x00,0x19,0x00,0x1F,0xF8,0x33,0x00,0x21,0x00,0x0F,0xF8,0x7F,0xFC,0x07,0xC0,0x07,0xE0,0x19,0x30,0x39,0x18,0x61,0x0C,0x41,0x04,0x01,0x00,0x00,0x00}},
    {0x6734, {0x08,0x40,0x18,0x40,0x18,0x40,0x7E,0x40,0x7E,0x40,0x18,0x60,0x3C,0x78,0x3E,0x4C,0x3A,0x44,0x78,0x40,0x58,0x40,0x18,0x40,0x18,0x40,0x18,0x40,0x18,0x40,0x00,0x00}},
    {0x6735, {0x00,0x00,0x0F,0xE0,0x0C,0x60,0x08,0x20,0x18,0x20,0x38,0x20,0x71,0x3C,0x01,0x00,0x7F,0xFC,0x07,0xC0,0x07,0xC0,0x19,0x30,0x71,0x1C,0x61,0x04,0x01,0x00,0x00,0x00}},
    {0x673A, {0x10,0x00,0x18,0xF0,0x19,0xF8,0x19,0x98,0x7F,0x98,0x11,0x98,0x39,0x98,0x3D,0x98,0x3D,0x98,0x59,0x18,0xD9,0x18,0x1B,0x1A,0x1B,0x1A,0x1E,0x1E,0x10,0x00,0x00,0x00}},
    {0x6740, {0x00,0x08,0x1C,0x38,0x07,0x60,0x01,0xC0,0x07,0xF0,0x1E,0x38,0x30,0x8C,0x00,0x80,0x3F,0xFE,0x01,0x80,0x0C,0x90,0x18,0x98,0x30,0x8C,0x21,0x86,0x03,0x80,0x00,0x00}},
    {0x6742, {0x02,0x00,0x06,0x00,0x3F,0xE0,0x2F,0xE0,0x0C,0x24,0x18,0x24,0x70,0x3C,0x01,0x00,0x7F,0xFC,0x03,0x00,0x09,0x20,0x19,0x30,0x31,0x18,0x63,0x08,0x07,0x00,0x00,0x00}},
    {0x6743, {0x10,0x00,0x10,0x00,0x13,0xFC,0x7F,0x0C,0x7D,0x8C,0x39,0x88,0x3C,0x88,0x3C,0x98,0x72,0xD0,0x50,0x70,0xD0,0x60,0x10,0xF0,0x11,0x98,0x13,0x0C,0x12,0x04,0x00,0x00}},
    {0x6746, {0x10,0x00,0x11,0xFC,0x11,0xFC,0x18,0x20,0x7E,0x60,0x10,0x20,0x39,0xFC,0x3F,0xFC,0x7C,0x20,0x50,0x20,0xD0,0x20,0x10,0x20,0x10,0x20,0x10,0x20,0x10,0x20,0x00,0x00}},
    {0x6749, {0x18,0x08,0x18,0x18,0x18,0x30,0x18,0xC0,0x7F,0x80,0x18,0x08,0x18,0x38,0x3E,0x60,0x3A,0xC0,0x78,0x04,0x58,0x0C,0x58,0x18,0x18,0x70,0x19,0xC0,0x19,0x00,0x00,0x00}},
    {0x674E, {0x01,0x00,0x01,0x00,0x7F,0xFC,0x6F,0xEC,0x0D,0x60,0x31,0x38,0x67,0x8C,0x1F,0xE0,0x00,0xC0,0x01,0x80,0x7F,0xFC,0x01,0x00,0x01,0x00,0x01,0x00,0x07,0x00,0x00,0x00}},
    {0x674F, {0x01,0x00,0x01,0x00,0x7F,0xFC,0x7F,0xFC,0x07,0xC0,0x0D,0x60,0x19,0x38,0x71,0x0C,0x41,0x04,0x1F,0xF0,0x10,0x10,0x10,0x10,0x10,0x10,0x1F,0xF0,0x10,0x10,0x00,0x00}},
    {0x6750, {0x18,0x08,0x18,0x18,0x18,0x08,0x18,0x18,0x7F,0xFC,0x18,0x18,0x1C,0x38,0x3E,0x38,0x3A,0x48,0x78,0xD8,0xD9,0x98,0x1B,0x18,0x18,0x08,0x18,0x78,0x00,0x70,0x00,0x00}},
    {0x6751, {0x18,0x08,0x18,0x08,0x18,0x08,0x19,0xFC,0x7E,0xFC,0x18,0x08,0x18,0x88,0x3C,0xC8,0x3E,0xC8,0x7A,0x48,0xD8,0x08,0x18,0x08,0x18,0x08,0x18,0x78,0x00,0x30,0x00,0x00}},
    {0x6756, {0x10,0x10,0x10,0x10,0x10,0x10,0x7F,0xFC,0x79,0xFC,0x38,0x30,0x39,0x30,0x3D,0xB0,0x74,0xA0,0x50,0xE0,0xD0,0x60,0x10,0xE0,0x11,0xB0,0x13,0x1C,0x12,0x04,0x00,0x00}},
    {0x675C, {0x10,0x20,0x10,0x60,0x10,0x60,0x7C,0x60,0x7C,0x60,0x1B,0xFC,0x38,0x60,0x3C,0x60,0x70,0x60,0x50,0x60,0xD0,0x60,0x10,0x60,0x10,0x60,0x13,0xFC,0x10,0x00,0x00,0x00}},
    {0x675E, {0x10,0x00,0x11,0xF8,0x11,0xFC,0x7C,0x0C,0x78,0x0C,0x18,0x0C,0x38,0x68,0x3F,0xFC,0x73,0x08,0x73,0x00,0x53,0x00,0x13,0x06,0x13,0x04,0x11,0xFC,0x10,0xF8,0x00,0x00}},
    {0x675F, {0x01,0x00,0x2F,0xE8,0x7F,0xFC,0x01,0x00,0x03,0x00,0x3F,0xF8,0x21,0x08,0x21,0x08,0x3F,0xF8,0x17,0xD0,0x07,0xC0,0x0D,0x60,0x39,0x38,0x61,0x0C,0x01,0x00,0x00,0x00}},
    {0x6760, {0x10,0x00,0x18,0x00,0x11,0xFC,0x7C,0x60,0x7C,0x60,0x18,0x60,0x3C,0x60,0x3C,0x60,0x30,0x60,0x78,0x60,0x58,0x60,0x18,0x60,0x13,0xFC,0x13,0xFC,0x10,0x00,0x00,0x00}},
    {0x6761, {0x06,0x00,0x07,0x80,0x0F,0xF0,0x3C,0x60,0x67,0xC0,0x03,0x80,0x1E,0xF0,0x79,0x3C,0x01,0x00,0x3F,0xF8,0x01,0x00,0x09,0x20,0x11,0x30,0x31,0x18,0x03,0x00,0x00,0x00}},
    {0x6765, {0x01,0x00,0x01,0x00,0x3F,0xF8,0x3F,0xF8,0x11,0x10,0x19,0x30,0x09,0x20,0x7F,0xFC,0x77,0xDC,0x07,0xC0,0x0D,0x60,0x19,0x30,0x71,0x1C,0x61,0x0C,0x01,0x00,0x00,0x00}},
    {0x6768, {0x10,0x00,0x33,0xF8,0x10,0x30,0x7C,0x60,0x78,0xC0,0x33,0xEC,0x3B,0xFC,0x3C,0x94,0x71,0xA4,0x73,0x24,0xD6,0x4C,0x10,0xCC,0x31,0x8C,0x33,0x38,0x10,0x10,0x00,0x00}},
    {0x676D, {0x10,0xC0,0x10,0x40,0x10,0x40,0x7B,0xFC,0x78,0x00,0x30,0x00,0x39,0xF0,0x3D,0x90,0x75,0x10,0x51,0x10,0xD1,0x10,0x13,0x16,0x13,0x16,0x16,0x1C,0x04,0x00,0x00,0x00}},
    {0x676F, {0x10,0x00,0x12,0xC8,0x13,0xFC,0x10,0x20,0x7C,0x60,0x10,0x60,0x38,0xF8,0x3D,0xEC,0x37,0x66,0x72,0x60,0xD0,0x60,0x10,0x60,0x10,0x60,0x10,0x60,0x10,0x60,0x00,0x00}},
    {0x6770, {0x01,0x00,0x01,0x00,0x7F,0xFC,0x7F,0xFC,0x07,0xC0,0x0D,0x60,0x09,0x30,0x39,0x18,0x61,0x0C,0x41,0x04,0x00,0x00,0x34,0x98,0x26,0xCC,0x66,0x4C,0x40,0x04,0x00,0x00}},
    {0x6771, {0x01,0x00,0x2F,0xE0,0x7F,0xFC,0x01,0x00,0x3F,0xF8,0x31,0x18,0x3F,0xF8,0x3F,0xF8,0x21,0x08,0x3F,0xF8,0x07,0xC0,0x0D,0x60,0x39,0x38,0x71,0x1C,0x01,0x04,0x00,0x00}},
    {0x6777, {0x10,0x00,0x11,0xFC,0x13,0xFC,0x7F,0x64,0x7B,0x64,0x3B,0x64,0x3B,0x64,0x3F,0xFC,0x77,0xFC,0x73,0x04,0xD3,0x00,0x13,0x04,0x13,0x04,0x11,0xFC,0x10,0xF8,0x00,0x00}},
    {0x677E, {0x10,0x00,0x10,0x90,0x11,0x98,0x7D,0x98,0x79,0x0C,0x33,0x4C,0x3A,0x44,0x3C,0xC0,0x74,0xC0,0x70,0x90,0xD1,0x98,0x11,0x08,0x13,0xFC,0x13,0xEC,0x10,0x00,0x00,0x00}},
    {0x677F, {0x10,0x00,0x11,0xFC,0x13,0xC0,0x7F,0x00,0x7B,0x00,0x33,0xFC,0x3B,0x88,0x3F,0xC8,0x73,0x58,0x52,0x70,0xD2,0x70,0x12,0x30,0x16,0xF8,0x15,0x8C,0x15,0x04,0x00,0x00}},
    {0x6781, {0x10,0x00,0x13,0xF0,0x13,0xF0,0x7D,0x90,0x79,0xB0,0x31,0xB0,0x39,0xBC,0x3D,0x8C,0x71,0xC8,0x73,0x58,0xD3,0x70,0x12,0x30,0x16,0x78,0x1C,0xCC,0x14,0x84,0x00,0x00}},
    {0x6784, {0x08,0x40,0x08,0xC0,0x08,0x80,0x3E,0xFE,0x3D,0x86,0x19,0x42,0x1C,0x46,0x1E,0xC6,0x3A,0x96,0x38,0x96,0x69,0xF6,0x08,0x06,0x08,0x06,0x08,0x04,0x08,0x1C,0x00,0x00}},
    {0x6787, {0x10,0x20,0x13,0x20,0x13,0x20,0x7F,0x20,0x7B,0x24,0x33,0x3C,0x3B,0xB8,0x3F,0x30,0x77,0x20,0x73,0x20,0xD3,0x20,0x13,0x34,0x13,0xE6,0x13,0xBC,0x10,0x18,0x00,0x00}},
    {0x6790, {0x10,0x08,0x10,0x78,0x11,0xE0,0x19,0x80,0x7F,0x00,0x11,0xFC,0x39,0xFC,0x3D,0x10,0x75,0x10,0x71,0x10,0xD1,0x10,0x11,0x10,0x13,0x10,0x12,0x10,0x12,0x10,0x00,0x00}},
    {0x6795, {0x10,0x40,0x10,0x40,0x10,0x40,0x7F,0xFC,0x7F,0xEC,0x32,0x44,0x3A,0x64,0x3C,0xE0,0x70,0xE0,0x70,0xA0,0xD1,0xA0,0x11,0x24,0x13,0x26,0x16,0x3C,0x10,0x18,0x00,0x00}},
    {0x6797, {0x18,0x20,0x18,0x20,0x18,0x20,0x18,0x30,0x7F,0xFC,0x18,0x30,0x1C,0x70,0x3E,0x78,0x3A,0xF8,0x78,0xAC,0x59,0xA4,0x5B,0x24,0x18,0x20,0x18,0x20,0x18,0x20,0x00,0x00}},
    {0x679C, {0x00,0x00,0x3F,0xF8,0x31,0x18,0x3F,0xF8,0x3F,0xF8,0x31,0x18,0x3F,0xF8,0x1F,0xF8,0x01,0x00,0x7F,0xFC,0x07,0xC0,0x0D,0x60,0x39,0x38,0x61,0x0C,0x01,0x00,0x00,0x00}},
    {0x679D, {0x10,0x60,0x10,0x60,0x13,0xFC,0x7F,0xFC,0x78,0x60,0x30,0x60,0x39,0xF8,0x3F,0xFC,0x75,0x08,0x71,0x98,0xD0,0xF0,0x10,0x60,0x10,0xF0,0x17,0x9C,0x16,0x04,0x00,0x00}},
    {0x679E, {0x11,0x10,0x31,0x30,0x31,0x30,0x31,0x30,0x7D,0x30,0x31,0x30,0x33,0x30,0x3B,0x30,0x7F,0xB0,0x73,0xF8,0xF2,0x68,0x36,0x68,0x36,0xCC,0x3C,0xC4,0x10,0x80,0x00,0x00}},
    {0x67A2, {0x10,0x00,0x11,0xFC,0x13,0xFC,0x7F,0x08,0x7F,0xC8,0x32,0x58,0x3B,0x70,0x3F,0x30,0x73,0x30,0x73,0x78,0xD3,0xC8,0x13,0x88,0x13,0x00,0x13,0xFC,0x10,0x00,0x00,0x00}},
    {0x67A3, {0x01,0x00,0x3F,0xF8,0x7F,0xFC,0x01,0x00,0x3F,0xF8,0x23,0x98,0x27,0xC8,0x2F,0xE0,0x39,0x38,0x6F,0x0C,0x03,0xE0,0x00,0x20,0x1F,0x00,0x03,0xF0,0x00,0x30,0x00,0x00}},
    {0x67AA, {0x10,0x40,0x10,0xE0,0x10,0xE0,0x7D,0x90,0x7B,0x18,0x36,0x0C,0x3F,0xFC,0x39,0x18,0x75,0x10,0x71,0x10,0xD1,0x70,0x11,0x04,0x11,0x0C,0x11,0xFC,0x10,0xF0,0x00,0x00}},
    {0x67AB, {0x10,0x00,0x33,0xF8,0x12,0x08,0x7E,0x18,0x7B,0x38,0x33,0xA8,0x3A,0xE8,0x3E,0x48,0x76,0x48,0x72,0xE8,0xD2,0xB8,0x37,0xB8,0x37,0x1C,0x3C,0x0C,0x10,0x04,0x00,0x00}},
    {0x67AD, {0x01,0x00,0x07,0xF0,0x1F,0xF8,0x1A,0x08,0x19,0x98,0x18,0x30,0x1F,0xFC,0x0F,0xFE,0x01,0x06,0x3F,0xFC,0x03,0xCC,0x07,0xF8,0x39,0xB8,0x31,0x8C,0x01,0x00,0x00,0x00}},
    {0x67B6, {0x10,0x00,0x7C,0x78,0x7E,0xFC,0x12,0xCC,0x32,0xCC,0x32,0xCC,0x6E,0xFC,0x4D,0x00,0x01,0x00,0x7F,0xFC,0x07,0xC0,0x0F,0xE0,0x19,0x38,0x71,0x1C,0x01,0x00,0x00,0x00}},
    {0x67B8, {0x08,0xC0,0x08,0x80,0x08,0xFE,0x3F,0xFE,0x3D,0x82,0x19,0x06,0x1D,0xF6,0x1E,0x96,0x39,0x96,0x39,0x96,0x68,0xF6,0x08,0x86,0x08,0x06,0x08,0x04,0x08,0x3C,0x00,0x00}},
    {0x67CF, {0x08,0x20,0x18,0x30,0x08,0x20,0x3F,0xFC,0x3D,0x86,0x19,0x86,0x1D,0x86,0x1D,0x86,0x3F,0xFE,0x39,0x86,0x69,0x86,0x09,0x86,0x19,0xFE,0x19,0xFE,0x09,0x00,0x00,0x00}},
    {0x67D1, {0x11,0x08,0x11,0x08,0x11,0x08,0x7F,0xFC,0x7B,0xFC,0x31,0x08,0x39,0x08,0x3D,0x08,0x71,0xF8,0x71,0x18,0xD1,0x08,0x11,0x08,0x11,0xF8,0x11,0xF8,0x11,0x08,0x00,0x00}},
    {0x67D2, {0x20,0x80,0x31,0x80,0x41,0xFC,0x67,0xE0,0x01,0x80,0x19,0x84,0x30,0xFC,0x60,0xF8,0x01,0x00,0x7F,0xFC,0x07,0xC0,0x0D,0x60,0x39,0x38,0x61,0x0C,0x01,0x00,0x00,0x00}},
    {0x67D3, {0x00,0x80,0x31,0x80,0x07,0xF0,0x63,0xF0,0x21,0x30,0x13,0x34,0x36,0x1C,0x6D,0x1C,0x01,0x00,0x7F,0xFC,0x07,0xC0,0x0D,0x60,0x39,0x38,0x71,0x1C,0x41,0x00,0x00,0x00}},
    {0x67D4, {0x00,0x00,0x3F,0xF0,0x04,0xE0,0x07,0xC0,0x7F,0xFC,0x07,0x88,0x1D,0x98,0x73,0x00,0x03,0x00,0x7F,0xFC,0x07,0xC0,0x0D,0xE0,0x39,0x38,0x71,0x1C,0x01,0x00,0x00,0x00}},
    {0x67D8, {0x10,0x00,0x13,0xFC,0x13,0xFC,0x7C,0x80,0x78,0x80,0x39,0x80,0x39,0xF0,0x3B,0xFC,0x73,0x0C,0xD7,0x0C,0x11,0x0C,0x11,0x0C,0x11,0xFC,0x11,0xFC,0x11,0x04,0x00,0x00}},
    {0x67DA, {0x08,0x20,0x08,0x30,0x08,0x30,0x3F,0xFE,0x3D,0xFE,0x19,0x36,0x1D,0x36,0x1F,0x36,0x39,0xFE,0x39,0xB6,0x69,0x36,0x09,0x32,0x09,0xFE,0x09,0xFE,0x09,0x02,0x00,0x00}},
    {0x67DC, {0x10,0x00,0x13,0xFC,0x13,0x00,0x7F,0x00,0x33,0x00,0x33,0xF8,0x3B,0x08,0x3F,0x08,0x73,0x08,0x53,0xF8,0xD3,0x00,0x13,0x00,0x13,0x00,0x13,0xFC,0x10,0x00,0x00,0x00}},
    {0x67E0, {0x08,0x20,0x18,0x20,0x09,0xFC,0x3F,0xD6,0x1B,0x06,0x18,0x00,0x1D,0xFC,0x1C,0x20,0x38,0x20,0x78,0x20,0x08,0x20,0x18,0x20,0x08,0x20,0x18,0xE0,0x00,0x00,0x00,0x00}},
    {0x67E5, {0x00,0x00,0x01,0x00,0x01,0x00,0x7F,0xFC,0x07,0xC0,0x0D,0x60,0x19,0x30,0x71,0x1C,0x7F,0xF4,0x18,0x30,0x1F,0xF0,0x18,0x30,0x1F,0xF0,0x0F,0xE0,0x7F,0xFC,0x00,0x00}},
    {0x67EF, {0x10,0x00,0x13,0xFC,0x10,0x08,0x7C,0x08,0x79,0xE8,0x31,0x68,0x39,0x28,0x3D,0x68,0x71,0x28,0x51,0xE8,0x51,0x08,0x10,0x08,0x10,0x08,0x10,0x08,0x10,0x78,0x00,0x00}},
    {0x67F0, {0x01,0x00,0x01,0x00,0x7F,0xFC,0x6F,0xCC,0x0D,0x60,0x39,0x38,0x77,0xCC,0x0F,0xE0,0x00,0x00,0x3F,0xF8,0x03,0x80,0x09,0x20,0x19,0x30,0x71,0x18,0x27,0x08,0x00,0x00}},
    {0x67F1, {0x10,0x40,0x10,0x60,0x10,0x20,0x7F,0xFC,0x7D,0xFC,0x30,0x20,0x38,0x60,0x3C,0x60,0x75,0xFC,0x70,0x60,0xD0,0x20,0x10,0x60,0x10,0x60,0x13,0xFC,0x10,0x00,0x00,0x00}},
    {0x67F3, {0x18,0x40,0x19,0xC8,0x1B,0x1E,0x3F,0x52,0x3B,0x52,0x1B,0x52,0x1B,0x52,0x1F,0x52,0x3B,0x52,0x3B,0x52,0x7B,0xD6,0x1A,0xDC,0x18,0x90,0x19,0x10,0x10,0x10,0x00,0x00}},
    {0x67F4, {0x08,0x80,0x08,0x88,0x6E,0xF8,0x6E,0xE0,0x68,0x84,0x6E,0xC4,0x7E,0x7C,0x01,0x00,0x03,0x00,0x7F,0xFC,0x07,0xC0,0x0D,0x60,0x39,0x38,0x61,0x0C,0x01,0x00,0x00,0x00}},
    {0x67FF, {0x10,0x40,0x10,0x60,0x13,0xFC,0x7F,0xFC,0x78,0x60,0x31,0xF8,0x3B,0xFC,0x3B,0x64,0x77,0x64,0x73,0x64,0x53,0x64,0x13,0x6C,0x10,0x68,0x10,0x60,0x10,0x60,0x00,0x00}},
    {0x6800, {0x10,0x08,0x13,0xF8,0x13,0x80,0x7E,0x00,0x7B,0xFC,0x32,0x00,0x3A,0x78,0x3E,0xFC,0x72,0x8C,0x52,0x88,0x16,0xB8,0x16,0x80,0x14,0x86,0x1C,0xFC,0x10,0x00,0x00,0x00}},
    {0x6805, {0x30,0x00,0x33,0xBC,0x32,0xAC,0x7A,0xAC,0x72,0xAC,0x32,0xAC,0x37,0xFC,0x3F,0xFC,0x72,0xAC,0x76,0xAC,0xF6,0xAC,0x36,0xAC,0x34,0xEC,0x35,0xEC,0x30,0x58,0x00,0x00}},
    {0x6807, {0x10,0x00,0x11,0xF8,0x11,0xF8,0x7C,0x00,0x7C,0x00,0x3B,0xFC,0x38,0x60,0x3C,0x60,0x75,0x68,0x51,0x68,0xD3,0x6C,0x12,0x64,0x12,0x64,0x10,0xE0,0x10,0xC0,0x00,0x00}},
    {0x6808, {0x10,0xC0,0x10,0xF0,0x10,0xD8,0x7C,0xF8,0x7B,0xF0,0x30,0xC0,0x38,0x5C,0x3D,0xF8,0x73,0xE4,0x70,0x6C,0xD0,0x38,0x10,0x70,0x10,0xF6,0x13,0x9C,0x12,0x1C,0x00,0x00}},
    {0x680B, {0x10,0x80,0x10,0x80,0x13,0xFC,0x33,0xBC,0x79,0x00,0x31,0x60,0x3B,0x60,0x3B,0xFC,0x78,0xF0,0x70,0x60,0xD3,0x68,0x12,0x6C,0x16,0x64,0x10,0xE0,0x00,0x80,0x00,0x00}},
    {0x680E, {0x10,0x08,0x11,0xF8,0x13,0xC0,0x7B,0x20,0x7B,0x60,0x33,0x60,0x3B,0xFC,0x3C,0x60,0x70,0x60,0x71,0x68,0xD3,0x6C,0x12,0x6C,0x16,0x64,0x10,0x64,0x10,0xE0,0x00,0x00}},
    {0x680F, {0x10,0x08,0x11,0x98,0x10,0x90,0x7C,0xB0,0x3B,0xFC,0x38,0x00,0x38,0x00,0x3C,0x00,0x71,0xF8,0x70,0x00,0xD0,0x00,0x10,0x00,0x10,0x00,0x13,0xFC,0x10,0x00,0x00,0x00}},
    {0x6811, {0x20,0x08,0x30,0x08,0x37,0x88,0x33,0x8C,0x78,0xFC,0x35,0x88,0x33,0x88,0x3B,0x28,0x79,0x38,0x73,0x98,0xF3,0x88,0x32,0x88,0x34,0x08,0x34,0x38,0x00,0x10,0x00,0x00}},
    {0x6816, {0x10,0x00,0x13,0xFC,0x10,0xB0,0x78,0xB0,0x7B,0xFC,0x32,0xF4,0x3A,0xA4,0x3A,0xA4,0x73,0xBC,0x73,0x0C,0xD2,0x04,0x12,0x04,0x13,0xFC,0x13,0xFC,0x12,0x04,0x00,0x00}},
    {0x6817, {0x00,0x00,0x7F,0xFC,0x04,0xC0,0x3F,0xF8,0x3F,0xF8,0x24,0xC8,0x3E,0xD8,0x3F,0xF8,0x01,0x00,0x7F,0xFC,0x07,0xC0,0x0F,0xE0,0x39,0x38,0x71,0x1C,0x01,0x00,0x00,0x00}},
    {0x6821, {0x10,0x40,0x10,0x60,0x13,0xFC,0x7F,0xFC,0x38,0x90,0x31,0x98,0x3B,0x0C,0x3F,0x9C,0x7C,0x90,0x70,0xF0,0xD0,0x60,0x10,0x60,0x11,0xF8,0x13,0x1C,0x12,0x04,0x00,0x00}},
    {0x6829, {0x18,0x00,0x1B,0xFE,0x18,0x46,0x3C,0x42,0x3B,0x52,0x19,0x5A,0x19,0x4A,0x3C,0x46,0x38,0xCE,0x39,0xDE,0x1A,0x72,0x18,0x46,0x18,0x42,0x19,0xCE,0x10,0x08,0x00,0x00}},
    {0x682A, {0x10,0x20,0x11,0x20,0x11,0x20,0x7D,0xFC,0x7B,0x60,0x33,0x20,0x3A,0x60,0x3F,0xFC,0x75,0xF4,0x70,0xF0,0xD1,0xF8,0x11,0x28,0x13,0x24,0x12,0x64,0x10,0x20,0x00,0x00}},
    {0x6838, {0x10,0x60,0x10,0x60,0x13,0xFC,0x7F,0xFC,0x78,0xC0,0x30,0x98,0x39,0xF0,0x3F,0xE0,0x70,0x6C,0x71,0xC8,0xD3,0x18,0x10,0x70,0x10,0xD8,0x13,0x8C,0x12,0x04,0x00,0x00}},
    {0x6839, {0x10,0x00,0x13,0xF8,0x13,0x08,0x7F,0x08,0x7B,0xF8,0x33,0x08,0x3B,0x98,0x3F,0xF8,0x73,0x44,0x53,0x6C,0x53,0x30,0x13,0x30,0x13,0x58,0x13,0xCC,0x13,0x04,0x00,0x00}},
    {0x683C, {0x10,0xC0,0x10,0xE0,0x11,0xF8,0x11,0x98,0x7F,0x98,0x12,0xF0,0x38,0x60,0x3C,0xF8,0x37,0x9C,0x77,0xFC,0xD1,0x08,0x11,0x08,0x11,0x08,0x11,0xF8,0x11,0x08,0x00,0x00}},
    {0x683E, {0x01,0x00,0x3B,0xB8,0x7F,0xFC,0x06,0xC0,0x16,0xD0,0x36,0xD8,0x66,0xCC,0x04,0x40,0x01,0x00,0x7F,0xFC,0x07,0xC0,0x0F,0x60,0x39,0x38,0x71,0x0C,0x01,0x00,0x00,0x00}},
    {0x6842, {0x10,0x40,0x10,0x60,0x13,0xF8,0x7F,0xF8,0x78,0x60,0x30,0x60,0x3B,0xFC,0x3C,0x40,0x70,0x60,0x53,0xFC,0xD0,0x60,0x10,0x60,0x10,0x60,0x17,0xFC,0x10,0x00,0x00,0x00}},
    {0x6843, {0x30,0xB0,0x30,0xB0,0x30,0xB0,0x7A,0xB4,0x7B,0xBC,0x31,0xB8,0x38,0xB0,0x38,0xB0,0x71,0xB8,0x77,0xB4,0xF5,0xB4,0x31,0x30,0x33,0x36,0x36,0x3C,0x14,0x08,0x00,0x00}},
    {0x6846, {0x10,0x00,0x13,0xFC,0x13,0xFC,0x7E,0xFC,0x7E,0x78,0x32,0x20,0x3E,0x78,0x3E,0xF8,0x72,0x20,0x72,0x20,0xD2,0x70,0x13,0xFC,0x12,0x00,0x13,0xFC,0x10,0x00,0x00,0x00}},
    {0x6848, {0x01,0x00,0x3F,0xF8,0x7F,0xFC,0x42,0x04,0x7F,0xFC,0x08,0x60,0x1E,0xC0,0x0F,0xE0,0x7F,0x38,0x01,0x00,0x7F,0xFC,0x07,0xC0,0x1D,0x70,0x71,0x1C,0x41,0x04,0x00,0x00}},
    {0x6849, {0x10,0x40,0x30,0x40,0x13,0xFC,0x7F,0x9C,0x7E,0x44,0x30,0xC0,0x39,0xE4,0x3F,0xFC,0x79,0x98,0x73,0x10,0xD1,0xB0,0x10,0xF0,0x30,0xF8,0x33,0x8C,0x12,0x04,0x00,0x00}},
    {0x684C, {0x01,0x00,0x01,0xF8,0x01,0xF8,0x1F,0xF0,0x30,0x18,0x30,0x18,0x3F,0xF8,0x3F,0xF8,0x0F,0xE0,0x01,0x00,0x7F,0xFC,0x07,0xC0,0x19,0x70,0x71,0x1C,0x41,0x04,0x00,0x00}},
    {0x6850, {0x08,0x00,0x19,0xFE,0x09,0x06,0x3F,0xFE,0x3D,0x86,0x19,0x02,0x1D,0x7A,0x1F,0x4E,0x3B,0x4E,0x39,0x4E,0x69,0x7A,0x09,0x42,0x09,0x02,0x09,0x06,0x09,0x0E,0x00,0x00}},
    {0x6851, {0x00,0x00,0x1F,0xF0,0x0E,0xC0,0x0F,0xE0,0x38,0x30,0x7E,0xFC,0x24,0x98,0x3C,0xF0,0x7D,0xDC,0x61,0x8C,0x7F,0xFC,0x07,0xC0,0x1D,0x70,0x71,0x1C,0x41,0x04,0x00,0x00}},
    {0x6853, {0x10,0x00,0x13,0xFC,0x10,0x00,0x7C,0x00,0x79,0xF8,0x31,0x0C,0x39,0x0C,0x3D,0xFC,0x71,0xFC,0x71,0x0C,0xD1,0xF8,0x10,0x00,0x10,0x00,0x13,0xFC,0x10,0x00,0x00,0x00}},
    {0x6854, {0x10,0x60,0x10,0x60,0x13,0xFC,0x7F,0xFC,0x78,0x60,0x30,0x60,0x3B,0xFC,0x3C,0x00,0x70,0x00,0x73,0xF8,0xD3,0x0C,0x13,0x0C,0x13,0x0C,0x13,0xFC,0x13,0x08,0x00,0x00}},
    {0x6863, {0x08,0x20,0x08,0x20,0x09,0x26,0x09,0xA4,0x3E,0xAC,0x18,0x38,0x1D,0xFE,0x1E,0x06,0x3A,0x06,0x39,0xFE,0x68,0x06,0x08,0x06,0x09,0xFE,0x09,0xFE,0x08,0x00,0x00,0x00}},
    {0x6865, {0x10,0x00,0x11,0xF8,0x11,0xE0,0x7C,0x40,0x7F,0xFC,0x31,0x98,0x39,0x98,0x3F,0x0C,0x77,0x9C,0x70,0x98,0xD1,0x98,0x11,0x98,0x11,0x18,0x13,0x18,0x12,0x18,0x00,0x00}},
    {0x6866, {0x11,0xA0,0x31,0xA0,0x31,0x2C,0x7B,0x38,0x7F,0x30,0x37,0xE0,0x39,0xA4,0x39,0x3C,0x71,0x48,0x70,0x60,0xD7,0xFC,0x30,0x60,0x30,0x60,0x30,0x60,0x10,0x40,0x00,0x00}},
    {0x6869, {0x10,0x60,0x10,0x20,0x11,0xFC,0x7F,0xFC,0x7B,0x20,0x33,0x30,0x3B,0x30,0x3F,0xFC,0x73,0x78,0x73,0x30,0xD2,0x30,0x12,0x30,0x12,0x30,0x17,0xFC,0x14,0x00,0x00,0x00}},
    {0x6876, {0x08,0x00,0x19,0xFC,0x08,0x18,0x3C,0xF0,0x3C,0x38,0x19,0xFE,0x1F,0x26,0x1F,0xFE,0x3B,0xFE,0x7B,0x26,0x49,0x76,0x19,0xFE,0x1B,0x26,0x1B,0x26,0x0B,0x2C,0x00,0x00}},
    {0x6881, {0x20,0x00,0x17,0xF0,0x40,0x98,0x64,0x98,0x1D,0x9C,0x19,0x14,0x23,0x30,0x66,0x60,0x01,0x00,0x7F,0xFC,0x07,0xC0,0x0D,0xE0,0x39,0x38,0x71,0x1C,0x01,0x00,0x00,0x00}},
    {0x6885, {0x10,0x80,0x19,0xFC,0x19,0xFC,0x3F,0x00,0x1B,0x78,0x19,0xFC,0x19,0x2C,0x3D,0xBC,0x3F,0xFC,0x39,0x6C,0x59,0x2C,0x19,0xFC,0x18,0x08,0x10,0x38,0x00,0x00,0x00,0x00}},
    {0x6893, {0x10,0x40,0x10,0x60,0x13,0xFC,0x7D,0x98,0x79,0x98,0x30,0x90,0x3B,0xFC,0x3F,0xFC,0x78,0x60,0x70,0x60,0xD3,0xFC,0x10,0x60,0x10,0x60,0x10,0x60,0x10,0x60,0x00,0x00}},
    {0x68A2, {0x10,0x60,0x13,0x64,0x13,0x6C,0x7D,0x68,0x78,0x60,0x33,0xFC,0x3B,0x0C,0x3F,0xFC,0x73,0xFC,0x53,0x0C,0x53,0xFC,0x13,0x0C,0x13,0x0C,0x13,0x1C,0x10,0x10,0x00,0x00}},
    {0x68A6, {0x18,0x20,0x7C,0xFC,0x7F,0xFC,0x1C,0x70,0x3E,0xF8,0x7B,0xAC,0x59,0x24,0x02,0x00,0x07,0xF0,0x18,0x30,0x34,0x60,0x07,0xC0,0x03,0x80,0x3E,0x00,0x70,0x00,0x00,0x00}},
    {0x68A7, {0x10,0x00,0x13,0xFC,0x10,0xC0,0x7F,0xF8,0x79,0xD8,0x30,0x88,0x3F,0xFC,0x3F,0xFC,0x70,0x00,0x53,0xF8,0xD3,0x08,0x13,0x08,0x13,0x08,0x13,0xF8,0x13,0x08,0x00,0x00}},
    {0x68A8, {0x1E,0x08,0x7C,0x4C,0x08,0x4C,0x7F,0x4C,0x1C,0x4C,0x3E,0x4C,0x6B,0x4C,0x48,0x38,0x01,0x00,0x7F,0xFC,0x07,0xC0,0x0D,0x60,0x39,0x38,0x71,0x1C,0x01,0x00,0x00,0x00}},
    {0x68AD, {0x10,0x40,0x30,0xD0,0x11,0x98,0x7B,0xFC,0x7B,0x94,0x31,0x98,0x3B,0x0C,0x3E,0x84,0x71,0xF8,0x73,0x98,0xD7,0x90,0x30,0xF0,0x30,0xF0,0x37,0x9C,0x16,0x04,0x00,0x00}},
    {0x68AF, {0x11,0x08,0x11,0x98,0x13,0xF8,0x7F,0xEC,0x78,0x64,0x30,0x6C,0x3B,0xFC,0x3E,0x60,0x73,0xFC,0x70,0xEC,0xD0,0xE4,0x11,0xE4,0x13,0x6C,0x16,0x60,0x10,0x40,0x00,0x00}},
    {0x68B0, {0x10,0x20,0x30,0x3C,0x10,0x24,0x7F,0xFC,0x38,0x30,0x32,0xB0,0x3A,0xB4,0x3A,0xB4,0x37,0xFC,0x73,0xD8,0x72,0x98,0x12,0x90,0x36,0xB4,0x34,0x7C,0x10,0x4C,0x00,0x00}},
    {0x68B5, {0x18,0x20,0x7C,0xFC,0x7F,0xFC,0x1C,0x70,0x3E,0xF8,0x79,0xAC,0x58,0x24,0x0F,0xE0,0x0F,0xE0,0x08,0x20,0x1B,0x20,0x19,0xE4,0x30,0xE6,0x60,0x3C,0x40,0x18,0x00,0x00}},
    {0x68C0, {0x10,0x40,0x30,0xE0,0x10,0xE0,0x79,0x90,0x7B,0x1C,0x37,0xFC,0x38,0x00,0x38,0x48,0x72,0x4C,0x73,0x48,0xD3,0x58,0x31,0x10,0x30,0x10,0x37,0xFC,0x10,0x00,0x00,0x00}},
    {0x68C9, {0x08,0x20,0x08,0x78,0x09,0xFE,0x09,0x86,0x3F,0xFE,0x19,0x86,0x1D,0xDE,0x1E,0xFC,0x3B,0xFE,0x39,0xF6,0x69,0x32,0x09,0x32,0x09,0x36,0x08,0x34,0x08,0x20,0x00,0x00}},
    {0x68CB, {0x11,0x88,0x31,0x88,0x13,0xFC,0x7F,0xFC,0x79,0x88,0x31,0xF8,0x39,0x88,0x3D,0xF8,0x71,0xF8,0x71,0x98,0xD3,0xFC,0x10,0x90,0x31,0x98,0x33,0x0C,0x12,0x04,0x00,0x00}},
    {0x68D2, {0x10,0x40,0x33,0xF8,0x13,0xF8,0x7B,0xF8,0x78,0xC0,0x30,0xC0,0x3F,0xFC,0x39,0x58,0x33,0x48,0x77,0xFC,0x70,0x40,0x13,0xF8,0x33,0xF8,0x30,0x40,0x10,0x40,0x00,0x00}},
    {0x68D5, {0x10,0x40,0x30,0x60,0x33,0xFC,0x7E,0x9C,0x7E,0x04,0x31,0xF8,0x38,0x00,0x38,0x00,0x73,0xFC,0xF0,0x60,0xB1,0x68,0x33,0x68,0x36,0x6C,0x34,0x64,0x10,0xC0,0x00,0x00}},
    {0x68DA, {0x18,0x00,0x1B,0xDE,0x1A,0x52,0x3E,0x52,0x3B,0x56,0x1B,0xDE,0x1A,0x52,0x1E,0x52,0x3B,0xDE,0x3B,0xD6,0x7A,0x52,0x1A,0x72,0x1A,0x72,0x1C,0x66,0x1C,0xEE,0x00,0x00}},
    {0x68E0, {0x11,0x10,0x11,0x10,0x3F,0xFC,0x7F,0xFC,0x40,0x04,0x5F,0xF4,0x18,0x30,0x1F,0xF0,0x07,0xC0,0x01,0x00,0x7F,0xFC,0x07,0xC0,0x1D,0x70,0x71,0x1C,0x01,0x00,0x00,0x00}},
    {0x68E3, {0x18,0x40,0x19,0xF8,0x19,0xFC,0x3C,0x6C,0x1B,0xFC,0x18,0x4C,0x1D,0xFC,0x3C,0x60,0x3B,0x6C,0x79,0x78,0x18,0xF0,0x1B,0xD8,0x1A,0x6C,0x18,0xC0,0x00,0x00,0x00,0x00}},
    {0x68EE, {0x01,0x00,0x01,0x00,0x3F,0xF8,0x27,0xC8,0x0D,0x60,0x39,0x38,0x61,0x0C,0x18,0x20,0x7E,0xFC,0x3C,0xFC,0x3C,0x78,0x7E,0xA8,0x5B,0xAC,0x19,0x24,0x18,0x20,0x00,0x00}},
    {0x68F1, {0x10,0x40,0x31,0xF8,0x13,0xF8,0x78,0x40,0x78,0x60,0x37,0xFC,0x39,0x18,0x3F,0x8C,0x70,0xF8,0x71,0x98,0xD7,0x90,0x30,0xE0,0x30,0xE0,0x37,0x9C,0x16,0x04,0x00,0x00}},
    {0x68F5, {0x10,0x00,0x13,0xFC,0x12,0x6C,0x7F,0xFC,0x7B,0x6C,0x33,0x6C,0x3B,0xF8,0x3C,0x60,0x77,0xFC,0x52,0xFC,0xD0,0xF0,0x11,0x78,0x13,0x6C,0x16,0x64,0x10,0x40,0x00,0x00}},
    {0x68F9, {0x10,0x40,0x10,0x7C,0x10,0x7C,0x7C,0x40,0x7F,0xFC,0x32,0x0C,0x3B,0xFC,0x3F,0xFC,0x76,0x0C,0x73,0xFC,0xD0,0x60,0x17,0xFC,0x10,0x60,0x10,0x60,0x10,0x40,0x00,0x00}},
    {0x6905, {0x10,0x20,0x11,0xF8,0x13,0xFC,0x78,0x60,0x79,0x98,0x33,0x8C,0x3B,0xFC,0x38,0x08,0x71,0xE8,0x73,0x68,0x53,0x68,0x13,0xE8,0x11,0x08,0x10,0x08,0x10,0x38,0x00,0x00}},
    {0x690D, {0x30,0x40,0x33,0xF8,0x33,0xFC,0x78,0xC0,0x7B,0xF8,0x33,0x08,0x3B,0xF8,0x3B,0xF8,0x72,0x08,0x73,0xF8,0xD3,0x18,0x33,0xF8,0x32,0x08,0x37,0xFC,0x10,0x00,0x00,0x00}},
    {0x6912, {0x21,0x00,0x33,0x18,0x31,0xFC,0x79,0xA4,0x71,0x24,0x33,0x2C,0x3F,0xEC,0x39,0x38,0x7F,0x98,0x77,0xD8,0xB5,0x58,0x39,0x38,0x31,0x6C,0x37,0xC4,0x20,0x00,0x00,0x00}},
    {0x6930, {0x20,0x00,0x37,0xFC,0x36,0xA4,0x7E,0xAC,0x77,0xA8,0x36,0xB8,0x36,0xB8,0x3F,0xA4,0x7F,0xA4,0x76,0xA4,0xF7,0xE4,0x37,0xBC,0x30,0xA0,0x30,0xA0,0x20,0xA0,0x00,0x00}},
    {0x6934, {0x31,0x00,0x33,0x78,0x36,0x68,0x7E,0x68,0x77,0x48,0x36,0x4C,0x36,0x80,0x3F,0xF8,0x77,0x7C,0x76,0x6C,0x37,0xB8,0x3F,0x38,0x36,0x38,0x36,0xEC,0x30,0xC4,0x00,0x00}},
    {0x693F, {0x30,0x20,0x33,0xF8,0x33,0xFC,0x78,0x40,0x7B,0xF8,0x30,0xC0,0x37,0xFC,0x39,0x98,0x7B,0xF8,0x77,0x1C,0x77,0x1C,0x31,0xF8,0x31,0x18,0x31,0xF8,0x31,0x18,0x00,0x00}},
    {0x694A, {0x08,0x00,0x09,0xFC,0x09,0x8C,0x3D,0xFC,0x19,0xFC,0x18,0xF8,0x1F,0xFC,0x1F,0x80,0x39,0xA8,0x2B,0xFC,0x6A,0x94,0x09,0xA4,0x09,0x64,0x0A,0x5C,0x00,0x00,0x00,0x00}},
    {0x695A, {0x08,0x20,0x3C,0xB8,0x7E,0xFC,0x1C,0x70,0x7E,0xFC,0x49,0xA4,0x08,0x20,0x7F,0xFC,0x3F,0xAC,0x11,0x08,0x19,0xF0,0x39,0x00,0x3F,0x00,0x67,0xFC,0x40,0xFC,0x00,0x00}},
    {0x695E, {0x30,0x00,0x33,0xFC,0x32,0xA4,0x7A,0xA4,0x73,0xFC,0x30,0x40,0x32,0x60,0x3F,0xFC,0x70,0x80,0x71,0xF8,0xB1,0x98,0x31,0x08,0x33,0x08,0x36,0x78,0x00,0x20,0x00,0x00}},
    {0x6960, {0x30,0x40,0x33,0xFC,0x37,0xFC,0x78,0x40,0x78,0x40,0x33,0xFC,0x36,0x94,0x3E,0xA4,0x76,0xFC,0x76,0x44,0xF6,0x64,0x37,0xFC,0x36,0x44,0x36,0x4C,0x36,0x1C,0x00,0x00}},
    {0x697C, {0x10,0x40,0x33,0x48,0x11,0x48,0x7B,0xFC,0x78,0xF0,0x31,0xF8,0x3B,0x6C,0x3C,0x40,0x70,0xC0,0x77,0xFC,0xD1,0x98,0x31,0xB0,0x30,0xF0,0x33,0xF8,0x17,0x08,0x00,0x00}},
    {0x697D, {0x01,0x00,0x63,0x8C,0x37,0xF8,0x1C,0x70,0x07,0xE0,0x1C,0x78,0x7C,0x4C,0x47,0xC4,0x01,0x00,0x7F,0xFC,0x07,0xC0,0x0D,0xE0,0x39,0x38,0x71,0x1C,0x01,0x00,0x00,0x00}},
    {0x6982, {0x30,0x00,0x37,0xFC,0x24,0x98,0x7C,0xB8,0x77,0xF8,0x34,0xD8,0x37,0xFC,0x3F,0x7C,0x74,0x10,0x75,0xB8,0xF5,0xB8,0x37,0xF8,0x34,0x50,0x30,0xDC,0x00,0x00,0x00,0x00}},
    {0x6984, {0x30,0xA0,0x36,0xBC,0x36,0xBC,0x7E,0xF0,0x7E,0xD8,0x30,0x88,0x31,0xF0,0x3B,0xF8,0x7A,0x48,0x72,0x48,0x72,0x48,0x32,0xC8,0x30,0xE0,0x33,0x3C,0x34,0x00,0x00,0x00}},
    {0x6986, {0x10,0x60,0x10,0x60,0x11,0x98,0x3F,0x0C,0x15,0xF8,0x19,0x80,0x3B,0xF4,0x3E,0x74,0x33,0xF4,0x72,0x74,0x13,0xF4,0x12,0x44,0x12,0xC4,0x12,0x9C,0x00,0x00,0x00,0x00}},
    {0x6988, {0x10,0x00,0x1B,0x7E,0x11,0x86,0x3E,0x06,0x3A,0xF6,0x1A,0x9A,0x1A,0xFA,0x1E,0x76,0x32,0xFE,0x32,0x9E,0x7A,0x8E,0x12,0xFE,0x12,0xF6,0x12,0x06,0x12,0x0C,0x00,0x00}},
    {0x6989, {0x10,0x80,0x32,0x48,0x33,0x58,0x37,0xFC,0x7F,0xBC,0x33,0x18,0x32,0x4C,0x3F,0xFC,0x79,0xF0,0x70,0x40,0xD3,0xF8,0x37,0xFC,0x30,0x40,0x30,0x40,0x10,0x40,0x00,0x00}},
    {0x6995, {0x10,0x40,0x31,0xF8,0x13,0xFC,0x7E,0x04,0x79,0x98,0x31,0x08,0x3B,0x6C,0x3C,0xF0,0x71,0x98,0x73,0x0C,0xD3,0xFC,0x31,0x08,0x31,0x08,0x31,0xF8,0x11,0x08,0x00,0x00}},
    {0x699C, {0x10,0x20,0x19,0xFC,0x19,0xFC,0x3C,0x98,0x19,0xD8,0x1B,0xFC,0x1E,0x24,0x3F,0xFC,0x38,0xC0,0x78,0xF8,0x18,0xF8,0x19,0x88,0x19,0x08,0x1B,0x38,0x00,0x00,0x00,0x00}},
    {0x69AD, {0x21,0x08,0x33,0x0C,0x27,0x8C,0x7C,0xCC,0x77,0xFC,0x36,0x8C,0x3F,0xCC,0x77,0xEC,0x67,0xBC,0xF1,0x9C,0xB3,0x8C,0x32,0xCC,0x36,0x8C,0x3C,0x98,0x21,0x90,0x00,0x00}},
    {0x69B4, {0x10,0x80,0x33,0xFC,0x12,0x14,0x7E,0x94,0x7E,0xB4,0x33,0xE4,0x3F,0x6C,0x3C,0x48,0x7B,0xF8,0x73,0x6C,0xD3,0x6C,0x13,0xFC,0x12,0x4C,0x33,0xFC,0x13,0x0C,0x00,0x00}},
    {0x69BB, {0x08,0x00,0x09,0xFC,0x09,0x04,0x3F,0xFC,0x3D,0x84,0x19,0xFC,0x1D,0x98,0x1F,0xFE,0x3A,0x52,0x39,0x5A,0x69,0xCE,0x08,0xCE,0x0B,0x7A,0x08,0x62,0x08,0xCE,0x00,0x00}},
    {0x69CC, {0x30,0x10,0x34,0x30,0x32,0x78,0x7A,0xCC,0x78,0xCC,0x30,0xFC,0x3E,0xC0,0x3A,0xF8,0x72,0xFC,0xF2,0xC4,0x32,0xCC,0x32,0x7C,0x37,0x00,0x34,0xFC,0x00,0x18,0x00,0x00}},
    {0x69CE, {0x21,0x18,0x31,0x90,0x33,0xFC,0x7B,0xFC,0x70,0xC0,0x33,0xFC,0x30,0x80,0x3F,0xFC,0x7B,0xA4,0x71,0x00,0xF3,0xFC,0x36,0x20,0x3C,0x20,0x33,0xFC,0x20,0x00,0x00,0x00}},
    {0x69D0, {0x10,0x40,0x11,0xF0,0x13,0xFC,0x7E,0x6C,0x7A,0x6C,0x33,0xFC,0x3A,0x4C,0x3F,0xFC,0x71,0xF8,0x70,0xC8,0xD0,0xFC,0x11,0xFC,0x13,0x64,0x16,0x7C,0x10,0x00,0x00,0x00}},
    {0x69DF, {0x30,0x40,0x31,0xF8,0x37,0xFC,0x7E,0x0C,0x7B,0xF8,0x33,0x00,0x39,0x48,0x39,0xF8,0x71,0x30,0x73,0x30,0x77,0xFC,0x30,0x10,0x33,0x98,0x36,0x0C,0x34,0x04,0x00,0x00}},
    {0x69FD, {0x10,0x90,0x13,0xFC,0x13,0xFC,0x33,0xFC,0x7E,0xB4,0x32,0xB4,0x33,0xFC,0x3B,0xFC,0x3D,0x00,0x71,0xF8,0xD3,0x0C,0x13,0xF8,0x13,0xF8,0x13,0xF8,0x13,0x08,0x00,0x00}},
    {0x69FF, {0x11,0x08,0x13,0xFC,0x13,0xFC,0x7D,0xF8,0x78,0x60,0x33,0xFC,0x3A,0x6C,0x3F,0xFC,0x74,0x60,0x73,0xFC,0x50,0x60,0x11,0xF8,0x11,0xF8,0x17,0xFC,0x13,0x9C,0x00,0x00}},
    {0x6A02, {0x11,0x10,0x33,0x90,0x2F,0xD4,0x7E,0xFC,0x77,0xF8,0x2E,0xD8,0x7F,0xFC,0x7F,0xBC,0x01,0x00,0x7F,0xFC,0x07,0xC0,0x0F,0x60,0x39,0x38,0x61,0x0C,0x01,0x00,0x00,0x00}},
    {0x6A0A, {0x10,0x10,0x13,0x90,0x7B,0xFC,0x7E,0xBC,0x38,0xB8,0x7F,0xBC,0x73,0xF4,0x16,0xD0,0x11,0x10,0x03,0x00,0x7F,0xFC,0x03,0x80,0x0E,0xE0,0x7C,0x3C,0x60,0x0C,0x00,0x00}},
    {0x6A13, {0x10,0x60,0x33,0xF8,0x13,0xFC,0x7F,0x6C,0x7B,0xF8,0x30,0x60,0x3B,0xFC,0x3A,0x44,0x7B,0xFC,0x70,0xC0,0xD7,0xFC,0x11,0x10,0x11,0xF0,0x11,0xF8,0x17,0x0C,0x00,0x00}},
    {0x6A18, {0x10,0x60,0x13,0x6C,0x11,0x68,0x7F,0xFC,0x7E,0x0C,0x32,0x04,0x3B,0xFC,0x3D,0x08,0x71,0xF8,0x70,0x60,0xD0,0x60,0x13,0xFC,0x10,0x60,0x17,0xFC,0x10,0x00,0x00,0x00}},
    {0x6A1F, {0x30,0x40,0x33,0xF8,0x33,0xFC,0x79,0x90,0x7F,0xFC,0x30,0x00,0x3B,0xF8,0x3B,0xF8,0x73,0x18,0xF3,0xF8,0xB0,0x40,0x37,0xFC,0x37,0xFC,0x30,0x40,0x30,0x40,0x00,0x00}},
    {0x6A21, {0x10,0x90,0x33,0xFC,0x33,0xFC,0x78,0x90,0x7B,0xF8,0x33,0x0C,0x3B,0xFC,0x3A,0x0C,0x7F,0xFC,0x70,0x40,0x77,0xFC,0x30,0xE0,0x31,0xB0,0x37,0x1C,0x14,0x04,0x00,0x00}},
    {0x6A2A, {0x10,0x90,0x13,0xFC,0x13,0xFC,0x10,0x90,0x7F,0xFC,0x30,0x60,0x31,0xF8,0x3B,0xFC,0x3F,0xFC,0x73,0x6C,0xD3,0x6C,0x13,0xFC,0x11,0x98,0x13,0x0C,0x12,0x04,0x00,0x00}},
    {0x6A31, {0x10,0x00,0x37,0xFC,0x34,0xE4,0x7F,0xFC,0x7F,0xFC,0x37,0xF4,0x3B,0x98,0x3E,0xEC,0x70,0xC0,0xF7,0xFC,0xB1,0x18,0x33,0xB0,0x30,0xF0,0x37,0xDC,0x16,0x08,0x00,0x00}},
    {0x6A3D, {0x11,0x18,0x13,0xFC,0x13,0xFC,0x33,0xFC,0x7E,0xFC,0x33,0x9C,0x33,0x8C,0x3A,0x7C,0x3F,0xFC,0x70,0x10,0xD0,0x10,0x17,0xFC,0x11,0x10,0x11,0x90,0x10,0x70,0x00,0x00}},
    {0x6A3E, {0x21,0x08,0x33,0x1C,0x37,0x98,0x73,0x7C,0x7B,0x78,0x37,0xDC,0x33,0x4C,0x39,0x4C,0x75,0xE8,0x75,0x78,0xF7,0x5C,0x37,0x3C,0x3B,0x24,0x39,0xFC,0x30,0x3C,0x00,0x00}},
    {0x6A44, {0x20,0x10,0x27,0x90,0x20,0x90,0x71,0xBC,0x7F,0xFC,0x36,0xE4,0x37,0xF4,0x7F,0xFC,0x64,0x9C,0x67,0x98,0x66,0x98,0x27,0xD8,0x27,0xDC,0x20,0xF4,0x20,0xE4,0x00,0x00}},
    {0x6A4B, {0x18,0x18,0x19,0xF0,0x18,0x40,0x1C,0xFC,0x3D,0xD8,0x1B,0xFC,0x18,0xF8,0x3C,0x00,0x3B,0xFC,0x7B,0x64,0x1B,0xD4,0x1B,0xD4,0x1B,0xF4,0x1B,0x0C,0x00,0x00,0x00,0x00}},
    {0x6A58, {0x10,0x00,0x13,0xF8,0x10,0x50,0x7F,0xFC,0x78,0xEC,0x33,0x20,0x3E,0x60,0x3F,0xFC,0x77,0xFC,0x72,0x94,0xD3,0x9C,0x12,0xF4,0x12,0xF4,0x12,0xE4,0x12,0x0C,0x00,0x00}},
    {0x6A59, {0x10,0x20,0x33,0xB8,0x10,0xB0,0x7F,0x9C,0x7B,0x18,0x33,0xFC,0x3E,0x0C,0x3B,0xF8,0x7B,0x08,0x73,0xF8,0xD0,0x00,0x31,0x10,0x31,0xB0,0x37,0xFC,0x16,0x4C,0x00,0x00}},
    {0x6A5F, {0x20,0x40,0x32,0xD0,0x22,0xDC,0x7F,0xF8,0x73,0x58,0x33,0xDC,0x37,0xFC,0x72,0x48,0x77,0xFC,0xF6,0x6C,0xB3,0x28,0x37,0xB8,0x24,0x30,0x3C,0x7C,0x38,0x8C,0x00,0x00}},
    {0x6A61, {0x18,0xC0,0x19,0xF0,0x19,0x30,0x3F,0xFC,0x1B,0x24,0x19,0xFC,0x1C,0xD8,0x3D,0xCC,0x3B,0x78,0x79,0xF8,0x1B,0x68,0x18,0xAC,0x1B,0x24,0x1A,0xE0,0x00,0x00,0x00,0x00}},
    {0x6A71, {0x10,0x00,0x13,0xFC,0x12,0x04,0x3F,0xE4,0x16,0x04,0x12,0xDC,0x3F,0x6C,0x3F,0x64,0x37,0xDC,0x76,0x1C,0x16,0xCC,0x14,0xC4,0x15,0xE4,0x1D,0x8C,0x00,0x00,0x00,0x00}},
    {0x6A80, {0x30,0x40,0x37,0xFC,0x37,0xFC,0x7B,0xF8,0x76,0xFC,0x37,0xB4,0x36,0xE4,0x3F,0xFC,0x7B,0xF8,0x73,0xF8,0xF3,0xF8,0x33,0x18,0x31,0xF8,0x37,0xFC,0x00,0x00,0x00,0x00}},
    {0x6AAC, {0x10,0x90,0x13,0xFC,0x13,0xFC,0x3F,0xFC,0x1A,0x44,0x18,0xF0,0x1F,0xFC,0x3D,0xC4,0x33,0xCC,0x70,0xF8,0x13,0x68,0x10,0xE8,0x13,0x24,0x12,0xE4,0x00,0x00,0x00,0x00}},
    {0x6AC3, {0x10,0x00,0x37,0xFC,0x16,0x30,0x7E,0xAC,0x7E,0xFC,0x36,0xFC,0x36,0xFC,0x3E,0xFC,0x7E,0x8C,0x76,0xFC,0xF6,0x8C,0x16,0xFC,0x36,0x8C,0x37,0xFC,0x10,0x00,0x00,0x00}},
    {0x6B21, {0x01,0x00,0x03,0x00,0x63,0x00,0x33,0xFC,0x06,0x0C,0x06,0xC8,0x0C,0xC8,0x00,0xC0,0x10,0xC0,0x30,0xE0,0x31,0xA0,0x61,0x30,0x43,0x18,0x0E,0x0C,0x08,0x04,0x00,0x00}},
    {0x6B22, {0x00,0x80,0x00,0x80,0x7C,0xFC,0x3D,0xFC,0x05,0x0C,0x65,0x6C,0x2D,0x60,0x38,0x60,0x18,0x60,0x18,0x60,0x3C,0xF0,0x24,0x90,0x61,0x98,0x43,0x0C,0x02,0x04,0x00,0x00}},
    {0x6B23, {0x04,0x40,0x3C,0xC0,0x60,0xFC,0x60,0xFC,0x60,0x84,0x7F,0xA4,0x6D,0x24,0x6C,0x20,0x6C,0x30,0x6C,0x70,0x6C,0x70,0x6C,0xD8,0x4C,0xC8,0x4D,0x8C,0x01,0x04,0x00,0x00}},
    {0x6B27, {0x00,0x40,0x3E,0x40,0x7E,0x40,0x62,0xFC,0x72,0xC4,0x76,0xA4,0x4D,0xA4,0x6C,0x20,0x6C,0x30,0x4E,0x30,0x7A,0x70,0x72,0x58,0x60,0xC8,0x7F,0xCC,0x00,0x84,0x00,0x00}},
    {0x6B3A, {0x00,0x40,0x26,0x40,0x7F,0x7C,0x7E,0xFE,0x26,0x84,0x3E,0xA4,0x27,0xA4,0x3E,0x20,0x3E,0x30,0x26,0x30,0x7F,0x70,0x04,0x58,0x26,0xC8,0x63,0x84,0x01,0x00,0x00,0x00}},
    {0x6B3E, {0x08,0x40,0x7E,0x40,0x7E,0xC0,0x08,0xFC,0x7F,0xCC,0x00,0x84,0x3F,0xAC,0x3E,0x20,0x7F,0x30,0x5E,0x30,0x2A,0x70,0x6A,0x58,0x4B,0x48,0x58,0xCC,0x39,0x84,0x00,0x00}},
    {0x6B46, {0x08,0x40,0x1C,0x40,0x7E,0x7C,0x26,0xFE,0x24,0x84,0x3F,0xA4,0x7F,0xA4,0x3C,0x20,0x7E,0x30,0x62,0x30,0x7E,0x70,0x62,0x58,0x62,0xC8,0x7F,0x8C,0x63,0x84,0x00,0x00}},
    {0x6B47, {0x00,0x20,0x3F,0x20,0x31,0x7C,0x3F,0x6C,0x37,0x54,0x1F,0xD4,0x10,0x10,0x3F,0x30,0x25,0xB0,0x3D,0x38,0x31,0x28,0x3F,0x6C,0x01,0xC4,0x03,0xC4,0x00,0x00,0x00,0x00}},
    {0x6B4C, {0x00,0x60,0x7F,0x40,0x02,0x7C,0x3A,0x7C,0x6A,0xC4,0x3B,0xB4,0x03,0xB4,0x7F,0x30,0x07,0x30,0x7A,0x30,0x6A,0x78,0x7A,0x68,0x7A,0xCC,0x03,0x86,0x0F,0x00,0x00,0x00}},
    {0x6B62, {0x00,0x00,0x01,0x80,0x01,0x80,0x01,0x80,0x01,0x80,0x11,0x80,0x11,0xF8,0x11,0xF8,0x11,0x80,0x11,0x80,0x11,0x80,0x11,0x80,0x11,0x80,0x31,0x80,0x7F,0xFC,0x00,0x00}},
    {0x6B63, {0x00,0x00,0x3F,0xF8,0x7F,0xFC,0x01,0x80,0x01,0x80,0x11,0x80,0x11,0x80,0x11,0xF8,0x11,0x80,0x11,0x80,0x11,0x80,0x11,0x80,0x31,0x80,0x7F,0xFC,0x00,0x00,0x00,0x00}},
    {0x6B65, {0x00,0x80,0x08,0xF8,0x08,0xF8,0x08,0x80,0x08,0x80,0x3F,0xFE,0x00,0x80,0x04,0x8C,0x0C,0x98,0x18,0x98,0x30,0xF0,0x00,0xE0,0x03,0x80,0x3E,0x00,0x30,0x00,0x00,0x00}},
    {0x6B66, {0x00,0x40,0x3E,0x58,0x3F,0x4C,0x00,0x40,0x7F,0xFC,0x04,0x60,0x04,0x60,0x24,0x60,0x27,0x60,0x24,0x60,0x24,0x20,0x24,0x24,0x27,0xB6,0x7F,0x1C,0x60,0x1C,0x00,0x00}},
    {0x6B6A, {0x00,0x00,0x7F,0xFC,0x01,0x80,0x03,0x40,0x0F,0xF0,0x39,0x18,0x71,0x0C,0x01,0x00,0x7F,0xFC,0x03,0x80,0x11,0x80,0x11,0xF8,0x11,0x00,0x7F,0xFC,0x6E,0xFC,0x00,0x00}},
    {0x6B7B, {0x00,0x00,0x7F,0xFC,0x7F,0xFC,0x18,0x40,0x10,0xC0,0x3F,0xCC,0x33,0x58,0x62,0x70,0x52,0x40,0x1E,0xC0,0x0C,0xC0,0x18,0xC4,0x30,0x44,0x60,0x7C,0x00,0x00,0x00,0x00}},
    {0x6B8A, {0x00,0x20,0x7F,0xA0,0x31,0xA0,0x21,0xFC,0x3F,0x60,0x27,0x20,0x64,0x20,0x67,0xFC,0xFD,0xF4,0x18,0xF0,0x09,0xF8,0x13,0x2C,0x36,0x26,0x60,0x20,0x40,0x20,0x00,0x00}},
    {0x6B8B, {0x00,0x50,0x7E,0x58,0x30,0x48,0x30,0xFC,0x3F,0xE0,0x2C,0x40,0x6C,0x7C,0x6F,0xF0,0x78,0x64,0x18,0x6C,0x18,0x38,0x30,0x70,0x21,0xF4,0x63,0x1C,0x00,0x08,0x00,0x00}},
    {0x6B96, {0x00,0x60,0x7D,0xF8,0x33,0xFC,0x20,0x40,0x3D,0xF8,0x6F,0x08,0x6D,0xF8,0x6D,0xF8,0xFB,0x08,0x19,0xF8,0x1B,0x18,0x13,0xF8,0x31,0x08,0x67,0xFC,0x40,0x00,0x00,0x00}},
    {0x6BA1, {0x00,0x40,0x7D,0xF8,0x33,0xFC,0x22,0x0C,0x3D,0xF8,0x6D,0x80,0x69,0xC8,0x69,0xF8,0x19,0xB0,0x19,0xB0,0x13,0xFC,0x30,0x90,0x21,0x98,0x63,0x0C,0x42,0x04,0x00,0x00}},
    {0x6BB5, {0x04,0x00,0x3C,0xF0,0x20,0x90,0x20,0x90,0x3C,0x90,0x21,0x98,0x21,0x0C,0x3D,0xF8,0x39,0xF8,0x20,0x98,0x7E,0xD0,0x7C,0x70,0x60,0x70,0x23,0xDC,0x23,0x04,0x00,0x00}},
    {0x6BB7, {0x06,0x00,0x3E,0xF8,0x60,0xD8,0x7E,0xC8,0x66,0xD8,0x7E,0x88,0x63,0x8C,0x7F,0xF8,0x60,0xFC,0x7E,0xC8,0x66,0x58,0x46,0x70,0x46,0xF8,0xDF,0xCC,0x09,0x00,0x00,0x00}},
    {0x6BBF, {0x00,0x00,0x7F,0x78,0x61,0x48,0x7F,0x48,0x7E,0xC8,0x62,0x8C,0x7E,0x00,0x7F,0xF8,0x42,0xFC,0x7A,0x48,0x7F,0x78,0x40,0x30,0x5A,0x70,0xD1,0xDC,0x00,0x84,0x00,0x00}},
    {0x6BC5, {0x10,0x00,0x5A,0x78,0x7E,0x48,0x24,0x48,0x34,0xC8,0x7F,0x8C,0x30,0x00,0x7A,0xF8,0x5E,0xEC,0x3C,0x48,0x4F,0x78,0x3D,0x30,0x64,0x78,0x19,0xCC,0x00,0x00,0x00,0x00}},
    {0x6BCD, {0x1F,0xF8,0x18,0x18,0x13,0x18,0x11,0x98,0x10,0x18,0x7F,0xFC,0x30,0x18,0x33,0x10,0x31,0x90,0x30,0x90,0x3F,0xFC,0x00,0x30,0x00,0x30,0x00,0xE0,0x00,0x00,0x00,0x00}},
    {0x6BCF, {0x0C,0x00,0x0F,0xFC,0x1F,0xFC,0x10,0x00,0x37,0xF0,0x2F,0xF8,0x09,0x98,0x18,0xD8,0x3F,0xFC,0x19,0x18,0x18,0x98,0x1F,0xFC,0x00,0x10,0x00,0x70,0x00,0x00,0x00,0x00}},
    {0x6BD2, {0x01,0x00,0x3F,0xF8,0x3F,0xF8,0x1F,0xF0,0x03,0x00,0x03,0x00,0x7F,0xFC,0x0F,0xF0,0x1F,0xF0,0x11,0x10,0x7F,0xFC,0x1B,0xB8,0x1F,0xF8,0x00,0x30,0x00,0xE0,0x00,0x00}},
    {0x6BD3, {0x20,0x20,0x3C,0xBC,0x7F,0xFC,0x40,0x48,0x7E,0xC8,0x36,0xFC,0x26,0xE4,0x7E,0xA8,0x7E,0xA8,0x56,0xA8,0x44,0xA8,0x7E,0xA8,0x7F,0xAE,0x1D,0xAC,0x00,0x00,0x00,0x00}},
    {0x6BD4, {0x20,0x80,0x20,0x80,0x20,0x80,0x20,0x88,0x20,0x98,0x3E,0xF0,0x30,0xE0,0x20,0x80,0x20,0x80,0x20,0x80,0x20,0x84,0x20,0x84,0x3E,0x8C,0x38,0xFC,0x20,0x70,0x00,0x00}},
    {0x6BD5, {0x20,0x80,0x20,0x88,0x3F,0xB8,0x3F,0xE0,0x20,0x80,0x21,0x84,0x3F,0xFC,0x38,0x78,0x01,0x00,0x03,0x80,0x7F,0xFC,0x01,0x00,0x01,0x00,0x01,0x00,0x01,0x00,0x00,0x00}},
    {0x6BDB, {0x00,0x30,0x01,0xF0,0x3F,0x80,0x72,0x00,0x02,0x18,0x0F,0xF8,0x3F,0x00,0x02,0x00,0x03,0x7C,0x7F,0xF0,0x7A,0x00,0x02,0x04,0x02,0x04,0x03,0xFC,0x00,0xF8,0x00,0x00}},
    {0x6BE1, {0x04,0x60,0x3C,0x60,0x70,0x7C,0x10,0x7C,0x1E,0x60,0x78,0x60,0x11,0xFC,0x13,0x0C,0x3F,0x0C,0x79,0x0C,0x11,0xFC,0x10,0x00,0x10,0x06,0x1F,0xFC,0x07,0xF0,0x00,0x00}},
    {0x6BEB, {0x01,0x00,0x7F,0xFC,0x7F,0xFC,0x1F,0xF0,0x18,0x38,0x1F,0xF0,0x2E,0x08,0x7F,0xFC,0x4F,0x04,0x0B,0x70,0x3F,0xF0,0x33,0xF8,0x7F,0x04,0x01,0xFC,0x00,0x00,0x00,0x00}},
    {0x6BEF, {0x04,0x20,0x3C,0xAC,0x71,0xA8,0x10,0x60,0x1C,0xF8,0x7D,0x8C,0x50,0x20,0x10,0xAC,0x1F,0x28,0x78,0x70,0x10,0xF8,0x11,0x8C,0x10,0x04,0x1F,0xFC,0x07,0xF0,0x00,0x00}},
    {0x6C0F, {0x00,0x20,0x0F,0xF0,0x3F,0x80,0x21,0x00,0x21,0x00,0x21,0x80,0x3F,0xF8,0x3F,0xF8,0x21,0x80,0x20,0x80,0x20,0x80,0x22,0xC8,0x3E,0x68,0x70,0x38,0x00,0x10,0x00,0x00}},
    {0x6C11, {0x3F,0xF8,0x30,0x08,0x20,0x08,0x20,0x08,0x3F,0xF8,0x31,0x80,0x21,0x80,0x31,0x80,0x3F,0xFC,0x20,0xC0,0x20,0xC0,0x20,0x66,0x3F,0x36,0x7C,0x3C,0x20,0x08,0x00,0x00}},
    {0x6C14, {0x08,0x00,0x1F,0xF8,0x1F,0xFC,0x30,0x00,0x2F,0xF8,0x60,0x00,0x5F,0xE0,0x1F,0xF0,0x00,0x30,0x00,0x30,0x00,0x10,0x00,0x10,0x00,0x10,0x00,0x1C,0x00,0x0C,0x00,0x00}},
    {0x6C1F, {0x08,0x00,0x1F,0xF8,0x3F,0xFC,0x3F,0xF8,0x60,0x00,0x1F,0xF0,0x3F,0x10,0x3F,0xD0,0x0B,0x50,0x3F,0xD0,0x6B,0x10,0x7F,0xF8,0x1B,0x5A,0x33,0x4E,0x23,0x0C,0x00,0x00}},
    {0x6C22, {0x08,0x00,0x1F,0xF8,0x3F,0xF8,0x6F,0xF0,0x00,0x00,0x3F,0xF0,0x1E,0x10,0x1F,0x90,0x03,0x90,0x3F,0xF0,0x30,0x70,0x1F,0xD8,0x02,0x1E,0x3F,0xEC,0x00,0x00,0x00,0x00}},
    {0x6C27, {0x00,0x00,0x1F,0xFC,0x3F,0xFC,0x6F,0xF8,0x40,0x00,0x3F,0xF0,0x11,0x90,0x19,0x10,0x3F,0xD0,0x06,0x10,0x3F,0x90,0x46,0xD0,0x7F,0xD6,0x04,0x1C,0x04,0x0C,0x00,0x00}},
    {0x6C2A, {0x08,0x00,0x1F,0xF8,0x3F,0xF8,0x7F,0xF0,0x00,0x00,0x3F,0xF0,0x3F,0xD0,0x3F,0xD0,0x1F,0x90,0x30,0xD0,0x30,0xD8,0x3F,0xD8,0x09,0x1C,0x39,0xEC,0x60,0x00,0x00,0x00}},
    {0x6C2E, {0x08,0x00,0x0F,0xFC,0x1F,0xFC,0x37,0xF8,0x35,0xE0,0x1F,0xF0,0x02,0x50,0x17,0x90,0x1D,0xD0,0x3A,0x50,0x12,0x58,0x17,0x98,0x0C,0xCE,0x38,0x6C,0x00,0x00,0x00,0x00}},
    {0x6C2F, {0x18,0x00,0x3F,0xFC,0x7F,0xF0,0x44,0x10,0x3F,0xF0,0x00,0x10,0x3F,0x90,0x1F,0x90,0x00,0x90,0x7F,0xF0,0x26,0x58,0x37,0x98,0x1F,0x9E,0x76,0xEC,0x0C,0x00,0x00,0x00}},
    {0x6C34, {0x01,0x00,0x01,0x00,0x01,0x00,0x01,0x08,0x7D,0x98,0x2D,0xB0,0x0D,0xE0,0x09,0xC0,0x19,0x60,0x19,0x30,0x31,0x18,0x61,0x0C,0x41,0x04,0x07,0x00,0x06,0x00,0x00,0x00}},
    {0x6C38, {0x0C,0x00,0x07,0x80,0x00,0xC0,0x1F,0x00,0x1F,0x00,0x01,0x8C,0x51,0x98,0x7D,0xF0,0x09,0xE0,0x19,0x60,0x19,0x20,0x31,0x30,0x61,0x1C,0x41,0x04,0x07,0x00,0x00,0x00}},
    {0x6C3D, {0x01,0x00,0x03,0x80,0x07,0xC0,0x0C,0x60,0x19,0x38,0x71,0x1C,0x41,0x84,0x7D,0x98,0x3D,0xB0,0x0D,0xE0,0x19,0x60,0x31,0x30,0x61,0x1C,0x47,0x04,0x06,0x00,0x00,0x00}},
    {0x6C40, {0x00,0x00,0x30,0x00,0x1F,0xFC,0x00,0x30,0x00,0x30,0x60,0x30,0x30,0x30,0x00,0x30,0x00,0x30,0x08,0x30,0x18,0x30,0x30,0x30,0x20,0x30,0x61,0xE0,0x00,0xC0,0x00,0x00}},
    {0x6C41, {0x20,0x40,0x30,0x40,0x18,0x40,0x00,0x40,0x00,0x40,0x60,0x40,0x37,0xFE,0x00,0x40,0x00,0x40,0x18,0x40,0x10,0x40,0x30,0x40,0x20,0x40,0x60,0x40,0x00,0x40,0x00,0x00}},
    {0x6C42, {0x01,0x20,0x01,0x30,0x01,0x18,0x7F,0xFC,0x01,0x80,0x21,0x88,0x31,0x98,0x19,0xF0,0x09,0xE0,0x07,0x60,0x0F,0x30,0x39,0x18,0x61,0x0C,0x03,0x04,0x0F,0x00,0x00,0x00}},
    {0x6C47, {0x00,0x00,0x27,0xFC,0x37,0xFC,0x04,0x00,0x06,0x00,0x46,0x00,0x76,0x00,0x16,0x00,0x06,0x00,0x16,0x00,0x16,0x00,0x36,0x00,0x26,0x00,0x67,0xFC,0x00,0x00,0x00,0x00}},
    {0x6C49, {0x00,0x00,0x33,0xF8,0x1B,0xFC,0x02,0x08,0x03,0x08,0x61,0x18,0x31,0x98,0x01,0x90,0x00,0xB0,0x18,0xE0,0x10,0x60,0x30,0xF0,0x23,0x98,0x66,0x0C,0x04,0x04,0x00,0x00}},
    {0x6C50, {0x00,0x40,0x18,0x40,0x0C,0xC0,0x00,0xFE,0x01,0x86,0x31,0x06,0x1B,0x84,0x06,0xEC,0x00,0x38,0x08,0x18,0x08,0x30,0x18,0x60,0x10,0xC0,0x33,0x80,0x03,0x00,0x00,0x00}},
    {0x6C55, {0x10,0x20,0x18,0x20,0x0C,0x20,0x00,0x20,0x03,0x26,0x33,0x26,0x1B,0x26,0x03,0x26,0x03,0x26,0x0F,0x26,0x0B,0x26,0x1B,0x26,0x13,0xFE,0x31,0xFE,0x00,0x02,0x00,0x00}},
    {0x6C57, {0x20,0x00,0x37,0xFC,0x18,0x40,0x00,0x40,0x00,0x40,0x60,0x40,0x32,0xE0,0x07,0xFC,0x00,0x40,0x18,0x40,0x10,0x40,0x30,0x40,0x20,0x40,0x60,0x40,0x00,0x40,0x00,0x00}},
    {0x6C5B, {0x00,0x00,0x33,0xF0,0x1B,0xF8,0x01,0x98,0x01,0x98,0x61,0x98,0x33,0xD8,0x07,0xF8,0x01,0x98,0x19,0x98,0x11,0x98,0x31,0x88,0x61,0x8E,0x61,0x8C,0x00,0x04,0x00,0x00}},
    {0x6C5D, {0x20,0x80,0x30,0x80,0x19,0x80,0x01,0x80,0x0F,0xFC,0x63,0x98,0x33,0x18,0x03,0x10,0x02,0x30,0x13,0x30,0x11,0xE0,0x30,0xE0,0x21,0xF8,0x6F,0x0C,0x0C,0x00,0x00,0x00}},
    {0x6C5F, {0x00,0x00,0x30,0x00,0x1B,0xFC,0x00,0x40,0x00,0x40,0x60,0x40,0x30,0x40,0x00,0x40,0x00,0x40,0x18,0x40,0x10,0x40,0x30,0x40,0x27,0xFC,0x67,0xFC,0x00,0x00,0x00,0x00}},
    {0x6C60, {0x00,0x40,0x30,0x60,0x1A,0x60,0x02,0x6C,0x02,0x7C,0x63,0xEC,0x37,0xEC,0x0E,0x6C,0x02,0x6C,0x12,0x6C,0x12,0x78,0x32,0x00,0x22,0x06,0x63,0xFC,0x00,0xF8,0x00,0x00}},
    {0x6C61, {0x00,0x00,0x33,0xF8,0x1B,0xF8,0x00,0x00,0x00,0x00,0x67,0xFC,0x31,0x00,0x03,0x00,0x03,0xF8,0x19,0xF8,0x10,0x08,0x30,0x08,0x20,0x18,0x60,0xF0,0x00,0x60,0x00,0x00}},
    {0x6C64, {0x10,0x00,0x1B,0xF8,0x08,0x38,0x00,0x70,0x00,0xC0,0x31,0xFC,0x3B,0xFE,0x00,0x92,0x01,0x96,0x09,0x36,0x1A,0x26,0x18,0x46,0x30,0xC4,0x33,0x9C,0x00,0x18,0x00,0x00}},
    {0x6C6A, {0x00,0x00,0x33,0xFC,0x1B,0xFC,0x00,0x40,0x00,0x60,0x60,0x40,0x70,0x40,0x13,0xFC,0x03,0xF8,0x18,0x40,0x18,0x40,0x30,0x40,0x20,0x60,0x67,0xFC,0x00,0x00,0x00,0x00}},
    {0x6C72, {0x20,0x00,0x37,0xF0,0x17,0xF0,0x01,0x30,0x01,0x20,0x63,0x30,0x33,0x3C,0x03,0x88,0x03,0x98,0x1A,0xD8,0x12,0x70,0x36,0x70,0x24,0xF8,0x6D,0xCC,0x09,0x04,0x00,0x00}},
    {0x6C76, {0x00,0x80,0x30,0xC0,0x10,0x40,0x07,0xFC,0x07,0xFC,0x63,0x18,0x33,0x10,0x01,0x30,0x01,0xA0,0x18,0xE0,0x10,0xC0,0x31,0xE0,0x23,0x38,0x6E,0x1C,0x08,0x04,0x00,0x00}},
    {0x6C7D, {0x01,0x00,0x33,0x00,0x13,0xFC,0x06,0x04,0x0F,0xF8,0x60,0x00,0x32,0x00,0x07,0xF8,0x00,0x18,0x10,0x18,0x10,0x18,0x30,0x08,0x20,0x0C,0x60,0x0C,0x00,0x0C,0x00,0x00}},
    {0x6C7E, {0x00,0x00,0x31,0xB0,0x19,0x10,0x01,0x10,0x03,0x18,0x66,0x0C,0x37,0xFC,0x03,0xF8,0x00,0x98,0x19,0x98,0x11,0x98,0x31,0x18,0x23,0x10,0x66,0x70,0x00,0x20,0x00,0x00}},
    {0x6C81, {0x20,0x00,0x30,0xC0,0x10,0x60,0x00,0x30,0x01,0x00,0x61,0x00,0x35,0x0C,0x05,0x04,0x05,0x04,0x3D,0x06,0x3D,0x04,0x21,0x08,0x61,0x08,0x41,0xF8,0x00,0xF0,0x00,0x00}},
    {0x6C82, {0x00,0x08,0x30,0xF8,0x1B,0xC0,0x02,0x00,0x02,0x00,0x63,0xFC,0x33,0xFC,0x02,0x30,0x02,0x30,0x1A,0x30,0x12,0x30,0x36,0x30,0x24,0x30,0x6C,0x30,0x00,0x10,0x00,0x00}},
    {0x6C83, {0x20,0x08,0x37,0xF8,0x17,0xC0,0x00,0xC0,0x00,0xC0,0x60,0xC0,0x37,0xFC,0x07,0xFC,0x00,0xC0,0x18,0xE0,0x11,0xA0,0x31,0x30,0x23,0x18,0x6E,0x0C,0x04,0x04,0x00,0x00}},
    {0x6C88, {0x00,0x40,0x30,0xC0,0x10,0xC0,0x07,0xFC,0x06,0xFC,0x64,0xC4,0x34,0xC4,0x00,0xE0,0x00,0xE0,0x19,0xE0,0x11,0xE0,0x33,0x64,0x26,0x64,0x6E,0x7C,0x00,0x18,0x00,0x00}},
    {0x6C89, {0x00,0x00,0x27,0xFC,0x3F,0xFC,0x04,0x04,0x00,0x00,0x61,0xF0,0x31,0x10,0x01,0x10,0x01,0x10,0x19,0x10,0x13,0x10,0x33,0x16,0x26,0x16,0x6E,0x1C,0x00,0x08,0x00,0x00}},
    {0x6C8C, {0x00,0x40,0x30,0x40,0x17,0xFC,0x07,0xFC,0x00,0x40,0x66,0x4C,0x36,0x4C,0x06,0xCC,0x06,0x4C,0x17,0xF8,0x30,0xC8,0x30,0x40,0x60,0x46,0x60,0x7C,0x00,0x38,0x00,0x00}},
    {0x6C8F, {0x00,0x00,0x1B,0x7E,0x0B,0x7E,0x01,0x12,0x03,0xD2,0x37,0x12,0x13,0x12,0x03,0x36,0x03,0x36,0x09,0xF6,0x1B,0x26,0x10,0x66,0x30,0x46,0x21,0x8C,0x00,0x08,0x00,0x00}},
    {0x6C90, {0x20,0x40,0x30,0x40,0x18,0x40,0x00,0xC0,0x07,0xFC,0x60,0xE0,0x31,0xE0,0x01,0xF0,0x03,0x50,0x12,0x58,0x16,0x4C,0x3C,0x44,0x60,0x40,0x60,0x40,0x00,0x40,0x00,0x00}},
    {0x6C94, {0x00,0x00,0x13,0xFE,0x1B,0xFE,0x00,0x60,0x03,0x60,0x33,0x7E,0x1B,0x66,0x03,0x66,0x03,0x66,0x0B,0xFE,0x08,0x06,0x18,0x04,0x30,0x04,0x30,0x3C,0x00,0x38,0x00,0x00}},
    {0x6C99, {0x00,0x00,0x20,0x40,0x38,0x40,0x02,0x48,0x02,0x48,0x42,0x4C,0x76,0x44,0x04,0x44,0x04,0x48,0x18,0x58,0x10,0x30,0x30,0x60,0x21,0xC0,0x67,0x80,0x04,0x00,0x00,0x00}},
    {0x6C9B, {0x00,0x40,0x30,0x40,0x1F,0xFC,0x07,0xFC,0x00,0x40,0x60,0x40,0x37,0xFC,0x06,0x4C,0x06,0x4C,0x16,0x4C,0x16,0x4C,0x36,0x4C,0x26,0x58,0x60,0x40,0x00,0x40,0x00,0x00}},
    {0x6C9F, {0x01,0x00,0x19,0x00,0x0B,0xFC,0x03,0x7C,0x26,0x0C,0x34,0x8C,0x11,0x8C,0x01,0x6C,0x01,0x2C,0x0B,0xEC,0x1B,0xBC,0x10,0x0C,0x30,0x08,0x20,0x38,0x00,0x00,0x00,0x00}},
    {0x6CA3, {0x20,0x40,0x30,0x40,0x1F,0xFC,0x07,0xFC,0x40,0x40,0x60,0x40,0x33,0xFC,0x00,0x40,0x00,0x40,0x18,0xE0,0x17,0xFC,0x30,0x40,0x60,0x40,0x60,0x40,0x00,0x40,0x00,0x00}},
    {0x6CA5, {0x00,0x00,0x37,0xFC,0x14,0x40,0x04,0x40,0x04,0x40,0x65,0xFC,0x34,0xCC,0x04,0x4C,0x04,0xCC,0x1C,0xCC,0x3C,0x8C,0x2C,0x8C,0x69,0x88,0x5B,0x38,0x00,0x00,0x00,0x00}},
    {0x6CA7, {0x00,0x40,0x30,0xC0,0x19,0xE0,0x01,0x30,0x02,0x18,0x6E,0x0C,0x3F,0xFC,0x02,0x10,0x02,0x10,0x1A,0x10,0x12,0x70,0x32,0x04,0x22,0x0C,0x63,0xFC,0x01,0xF0,0x00,0x00}},
    {0x6CAA, {0x00,0x40,0x18,0x60,0x0C,0x20,0x01,0xFC,0x01,0x06,0x31,0x06,0x19,0x06,0x01,0xFC,0x01,0xFE,0x0B,0x00,0x0B,0x00,0x1B,0x00,0x12,0x00,0x36,0x00,0x04,0x00,0x00,0x00}},
    {0x6CB3, {0x00,0x00,0x77,0xFC,0x3F,0xFC,0x00,0x08,0x00,0x08,0x47,0xC8,0x76,0x48,0x06,0x48,0x06,0x48,0x1F,0xC8,0x16,0x08,0x30,0x08,0x60,0x08,0x60,0x78,0x00,0x70,0x00,0x00}},
    {0x6CB9, {0x10,0x20,0x18,0x20,0x0C,0x20,0x01,0xFE,0x03,0xFE,0x33,0x26,0x1B,0x26,0x03,0x26,0x03,0xFE,0x0B,0x26,0x0B,0x26,0x1B,0x26,0x13,0xFE,0x33,0xFE,0x02,0x00,0x00,0x00}},
    {0x6CBB, {0x10,0x40,0x18,0xC0,0x0C,0x90,0x01,0x98,0x01,0x0C,0x33,0xFC,0x1B,0xFE,0x00,0x00,0x01,0xFC,0x0F,0xFC,0x0B,0x04,0x1B,0x04,0x13,0x04,0x33,0xFC,0x03,0x04,0x00,0x00}},
    {0x6CBC, {0x10,0x00,0x1B,0xFE,0x08,0x46,0x00,0x46,0x00,0xC6,0x30,0x86,0x39,0x9C,0x02,0x18,0x01,0xFC,0x0D,0xFC,0x09,0x04,0x19,0x04,0x11,0x04,0x31,0xFC,0x01,0x04,0x00,0x00}},
    {0x6CBD, {0x00,0x40,0x30,0x40,0x18,0x40,0x00,0x40,0x07,0xFC,0x60,0x40,0x30,0x40,0x00,0x40,0x03,0xF8,0x1A,0x0C,0x12,0x0C,0x32,0x0C,0x22,0x0C,0x63,0xFC,0x02,0x0C,0x00,0x00}},
    {0x6CBF, {0x00,0x00,0x31,0xF0,0x19,0x10,0x03,0x10,0x03,0x10,0x62,0x18,0x36,0x1C,0x00,0x00,0x03,0xF8,0x1A,0x08,0x12,0x08,0x32,0x08,0x63,0xF8,0x63,0xF8,0x02,0x08,0x00,0x00}},
    {0x6CC4, {0x00,0x00,0x00,0x40,0x36,0xD8,0x16,0xD8,0x06,0xC8,0x06,0xD8,0x6F,0xFC,0x36,0xC8,0x06,0xD8,0x06,0xD8,0x16,0xF8,0x36,0x00,0x26,0x00,0x67,0xFC,0x43,0xFC,0x00,0x00}},
    {0x6CC9, {0x01,0x00,0x0F,0xE0,0x3F,0xF8,0x30,0x18,0x3F,0xF8,0x30,0x18,0x3F,0xF8,0x1F,0xF8,0x7D,0x98,0x2D,0xF0,0x09,0xE0,0x19,0x60,0x31,0x38,0x61,0x0C,0x07,0x00,0x00,0x00}},
    {0x6CCA, {0x10,0x60,0x18,0x60,0x0C,0x40,0x03,0xFC,0x03,0x06,0x33,0x06,0x1B,0x06,0x03,0x06,0x03,0xFE,0x0B,0x06,0x0B,0x06,0x1B,0x06,0x13,0x06,0x33,0xFE,0x03,0x04,0x00,0x00}},
    {0x6CD0, {0x00,0x20,0x1F,0xA0,0x0D,0xA0,0x05,0x30,0x05,0x7C,0x37,0x24,0x15,0x24,0x05,0xA4,0x04,0xA4,0x1D,0xA4,0x17,0x6C,0x34,0x4C,0x24,0xCC,0x24,0x98,0x00,0x00,0x00,0x00}},
    {0x6CD3, {0x20,0x00,0x3F,0xB0,0x11,0xB0,0x01,0xB0,0x01,0xA0,0x67,0x20,0x64,0x20,0x0C,0x20,0x0F,0x68,0x11,0x68,0x31,0x4C,0x21,0x4C,0x63,0xFC,0x4F,0x44,0x00,0x00,0x00,0x00}},
    {0x6CD5, {0x00,0x20,0x18,0x20,0x0C,0x20,0x01,0xFC,0x00,0x20,0x30,0x20,0x19,0xFC,0x03,0xFE,0x00,0x40,0x0C,0xC0,0x08,0xC8,0x19,0x8C,0x11,0xFC,0x33,0xF6,0x00,0x02,0x00,0x00}},
    {0x6CD6, {0x00,0x80,0x11,0x88,0x0A,0x1E,0x06,0xD6,0x02,0xD6,0x22,0xD6,0x12,0xD6,0x02,0xD6,0x02,0xD6,0x1A,0x96,0x1F,0x96,0x10,0x9C,0x31,0x90,0x23,0x10,0x02,0x10,0x00,0x00}},
    {0x6CD7, {0x10,0x00,0x1B,0xFC,0x0B,0xFE,0x02,0xD6,0x02,0xD6,0x32,0xD6,0x1A,0xD6,0x02,0xD6,0x02,0x96,0x0B,0x9E,0x1B,0x06,0x12,0x06,0x33,0xFE,0x33,0xFE,0x02,0x00,0x00,0x00}},
    {0x6CDB, {0x00,0x08,0x31,0xF8,0x1B,0xC0,0x00,0x80,0x00,0x40,0x63,0xF0,0x37,0xFC,0x00,0x18,0x00,0x30,0x18,0x20,0x10,0xC0,0x31,0x80,0x27,0x80,0x64,0xFC,0x00,0x3C,0x00,0x00}},
    {0x6CE1, {0x21,0x00,0x33,0x00,0x13,0xFC,0x06,0xBC,0x06,0x0C,0x6F,0xEC,0x32,0x6C,0x02,0x2C,0x03,0xEC,0x13,0xCC,0x32,0x38,0x32,0x04,0x62,0x06,0x63,0xFC,0x00,0xF8,0x00,0x00}},
    {0x6CE2, {0x20,0x40,0x30,0x40,0x13,0xFC,0x07,0xFC,0x06,0x4C,0x66,0x48,0x37,0xF8,0x07,0xF8,0x07,0x18,0x15,0x90,0x34,0xF0,0x34,0x60,0x6C,0xF0,0x6B,0x9C,0x0A,0x04,0x00,0x00}},
    {0x6CE5, {0x20,0x00,0x33,0xFC,0x12,0x0C,0x02,0x0C,0x43,0xFC,0x62,0x00,0x32,0x80,0x02,0x98,0x06,0xB8,0x16,0xE0,0x36,0x80,0x34,0x84,0x64,0x84,0x6C,0xFC,0x00,0x78,0x00,0x00}},
    {0x6CE8, {0x00,0xC0,0x30,0xC0,0x18,0x40,0x07,0xFC,0x07,0xFC,0x60,0x40,0x30,0x40,0x00,0x40,0x03,0xFC,0x18,0x40,0x10,0x40,0x30,0x40,0x20,0x40,0x6F,0xFC,0x00,0x00,0x00,0x00}},
    {0x6CEE, {0x00,0x40,0x32,0x48,0x12,0x48,0x03,0x58,0x01,0x50,0x63,0xF8,0x37,0xFC,0x00,0x40,0x00,0x40,0x17,0xFC,0x30,0x60,0x20,0x40,0x60,0x40,0x60,0x40,0x00,0x40,0x00,0x00}},
    {0x6CEF, {0x00,0x00,0x37,0xFC,0x1E,0x0C,0x06,0x0C,0x07,0xFC,0x66,0x60,0x36,0x60,0x06,0x60,0x07,0xFC,0x16,0x60,0x36,0x20,0x36,0x34,0x66,0xB6,0x67,0x9C,0x04,0x00,0x00,0x00}},
    {0x6CF0, {0x01,0x00,0x3F,0xF8,0x3F,0xF8,0x02,0x00,0x3F,0xF8,0x06,0x00,0x7F,0xFC,0x7F,0xFC,0x19,0x30,0x31,0x3C,0x69,0x6C,0x07,0xC0,0x1F,0xF0,0x39,0x38,0x07,0x00,0x00,0x00}},
    {0x6CF3, {0x21,0x80,0x31,0xE0,0x18,0x30,0x03,0xC0,0x43,0xC0,0x60,0x44,0x3F,0x6C,0x07,0x78,0x01,0x70,0x13,0x70,0x12,0x50,0x36,0x58,0x2C,0x4C,0x68,0x44,0x01,0xC0,0x00,0x00}},
    {0x6CF5, {0x00,0x00,0x7F,0xFC,0x0C,0x00,0x1F,0xF0,0x7F,0xF8,0x48,0x18,0x0F,0xF0,0x01,0x00,0x7D,0x98,0x3D,0xB0,0x0D,0xE0,0x19,0x60,0x31,0x38,0x61,0x0C,0x07,0x00,0x00,0x00}},
    {0x6CF7, {0x21,0x80,0x31,0xB0,0x19,0x98,0x01,0x80,0x07,0xFC,0x61,0x20,0x31,0x24,0x01,0x2C,0x03,0x28,0x1B,0x30,0x12,0x30,0x36,0x60,0x24,0xE4,0x6D,0xBC,0x08,0x18,0x00,0x00}},
    {0x6CF8, {0x00,0x20,0x18,0x3C,0x0C,0x3E,0x00,0x20,0x01,0xFC,0x33,0x04,0x1B,0x04,0x03,0x04,0x03,0xFC,0x0B,0x04,0x1B,0x00,0x1B,0x00,0x32,0x00,0x36,0x00,0x04,0x00,0x00,0x00}},
    {0x6CFC, {0x00,0x40,0x32,0xD8,0x16,0xC8,0x06,0xC0,0x07,0xFC,0x61,0x80,0x31,0xA0,0x01,0xF8,0x03,0x18,0x13,0x98,0x36,0xF0,0x3C,0x60,0x68,0xF0,0x63,0x9C,0x02,0x04,0x00,0x00}},
    {0x6CFD, {0x00,0x00,0x37,0xF8,0x13,0x10,0x01,0xB0,0x00,0xE0,0x61,0xF0,0x3F,0x1C,0x00,0x44,0x03,0xF8,0x12,0xC0,0x30,0xC0,0x2F,0xFC,0x60,0xC0,0x60,0x40,0x00,0x40,0x00,0x00}},
    {0x6CFE, {0x20,0x00,0x3B,0xF8,0x18,0x18,0x00,0x30,0x00,0x60,0x61,0xF8,0x37,0x1C,0x04,0x04,0x03,0xF8,0x1B,0xF8,0x10,0x40,0x30,0x40,0x20,0x40,0x67,0xFC,0x07,0xFC,0x00,0x00}},
    {0x6D01, {0x00,0x20,0x38,0x20,0x0B,0xFE,0x03,0xFE,0x00,0x20,0x30,0x60,0x1B,0xFC,0x00,0x00,0x00,0x00,0x09,0xFC,0x0B,0x04,0x1B,0x04,0x13,0x04,0x33,0xFC,0x01,0x04,0x00,0x00}},
    {0x6D0B, {0x03,0x08,0x31,0x18,0x19,0x90,0x07,0xFC,0x00,0x40,0x60,0x40,0x33,0xF8,0x03,0xFC,0x00,0x40,0x10,0x40,0x37,0xFC,0x30,0x40,0x60,0x40,0x60,0x40,0x00,0x40,0x00,0x00}},
    {0x6D17, {0x00,0x40,0x73,0x40,0x12,0x40,0x03,0xFC,0x06,0x40,0x64,0x40,0x34,0xEC,0x07,0xFC,0x01,0x30,0x11,0x30,0x31,0x30,0x23,0x36,0x66,0x36,0x6C,0x3C,0x08,0x08,0x00,0x00}},
    {0x6D19, {0x00,0x40,0x33,0x40,0x1B,0x40,0x03,0xFC,0x06,0x60,0x64,0x40,0x35,0x7C,0x07,0xFC,0x00,0xF0,0x11,0xF0,0x33,0x58,0x32,0x48,0x26,0x4C,0x64,0x44,0x00,0x40,0x00,0x00}},
    {0x6D1B, {0x21,0x00,0x31,0xE0,0x13,0xF8,0x07,0x10,0x45,0xB0,0x6C,0xE0,0x30,0xE0,0x01,0xB8,0x0F,0x1C,0x1F,0xFC,0x12,0x08,0x32,0x08,0x22,0x08,0x63,0xF8,0x02,0x08,0x00,0x00}},
    {0x6D1E, {0x00,0x00,0x1B,0xFE,0x0E,0x06,0x02,0xFE,0x02,0x06,0x32,0x06,0x1A,0xF2,0x02,0x92,0x02,0x9A,0x0E,0x9A,0x1A,0xF2,0x1A,0x86,0x12,0x06,0x32,0x06,0x02,0x0E,0x00,0x00}},
    {0x6D25, {0x00,0xC0,0x33,0xF0,0x17,0xF8,0x00,0xC8,0x0F,0xFC,0x60,0xCC,0x33,0xF8,0x07,0xF8,0x00,0xC0,0x17,0xFC,0x30,0xC0,0x27,0xFC,0x6F,0xFC,0x60,0xC0,0x00,0xC0,0x00,0x00}},
    {0x6D2A, {0x21,0x10,0x31,0x10,0x19,0x10,0x07,0xFC,0x07,0xFC,0x61,0x10,0x31,0x10,0x01,0x10,0x0F,0xFC,0x1F,0xFC,0x10,0x00,0x33,0x18,0x22,0x08,0x66,0x0C,0x04,0x04,0x00,0x00}},
    {0x6D2E, {0x21,0x20,0x31,0x20,0x19,0x24,0x05,0x2C,0x07,0x38,0x63,0x30,0x31,0x20,0x01,0x30,0x07,0x38,0x1F,0x2C,0x31,0x20,0x23,0x20,0x66,0x26,0x6C,0x3C,0x00,0x18,0x00,0x00}},
    {0x6D31, {0x20,0x00,0x37,0xFC,0x1F,0xFC,0x03,0x08,0x03,0xF8,0x63,0x18,0x33,0x08,0x03,0xF8,0x03,0xF8,0x1B,0x08,0x13,0x1C,0x37,0xFC,0x26,0x08,0x60,0x18,0x00,0x08,0x00,0x00}},
    {0x6D32, {0x23,0x26,0x33,0x26,0x03,0x26,0x03,0x26,0x47,0x36,0x77,0xBE,0x2F,0xFE,0x0F,0x6E,0x0B,0x66,0x13,0x26,0x32,0x26,0x26,0x26,0x66,0x26,0x6C,0x26,0x00,0x00,0x00,0x00}},
    {0x6D35, {0x01,0x00,0x19,0x00,0x0B,0xFC,0x03,0xFC,0x06,0x0C,0x37,0xEC,0x13,0x6C,0x03,0x2C,0x03,0xEC,0x1A,0x2C,0x1B,0xEC,0x13,0x0C,0x30,0x08,0x20,0x78,0x00,0x00,0x00,0x00}},
    {0x6D3B, {0x00,0x08,0x33,0xF8,0x1B,0xE0,0x00,0x40,0x00,0x40,0x67,0xFC,0x30,0x60,0x00,0x40,0x00,0x40,0x13,0xF8,0x12,0x0C,0x32,0x0C,0x22,0x0C,0x63,0xF8,0x02,0x08,0x00,0x00}},
    {0x6D3C, {0x00,0x40,0x30,0x40,0x1B,0xF8,0x03,0xF8,0x00,0x40,0x60,0x40,0x37,0xFC,0x00,0x40,0x00,0x40,0x1F,0xFC,0x10,0xE0,0x30,0x40,0x20,0x40,0x6F,0xFC,0x00,0x00,0x00,0x00}},
    {0x6D3E, {0x00,0x00,0x20,0x38,0x33,0xF0,0x16,0x00,0x06,0x78,0x46,0xE0,0x66,0xA0,0x06,0xB4,0x06,0x9C,0x16,0x90,0x34,0x98,0x24,0x98,0x6C,0xEC,0x49,0xC4,0x08,0x00,0x00,0x00}},
    {0x6D41, {0x00,0x40,0x30,0x40,0x1F,0xFC,0x05,0xB4,0x01,0x10,0x63,0x78,0x37,0xFC,0x00,0x00,0x02,0xD8,0x1A,0xD8,0x12,0xD8,0x36,0xD8,0x66,0xD2,0x6C,0x5C,0x00,0x00,0x00,0x00}},
    {0x6D44, {0x01,0x00,0x33,0xC0,0x13,0xF0,0x06,0x20,0x0F,0xF8,0x68,0xC8,0x30,0xC8,0x0F,0xFC,0x04,0xDC,0x10,0xC8,0x17,0xF8,0x30,0xC0,0x20,0xC0,0x63,0xC0,0x01,0x00,0x00,0x00}},
    {0x6D45, {0x01,0x80,0x31,0xB0,0x11,0x90,0x01,0xFC,0x07,0xF8,0x64,0x80,0x30,0x8C,0x07,0xFC,0x06,0xC4,0x10,0xCC,0x30,0x78,0x30,0x74,0x21,0xE4,0x67,0x34,0x44,0x1C,0x00,0x00}},
    {0x6D46, {0x08,0x40,0x48,0xF8,0x69,0xFC,0x2F,0x88,0x18,0xD8,0x78,0x70,0x4F,0xC0,0x0F,0x00,0x01,0x08,0x7D,0xB8,0x0D,0xE0,0x19,0xE0,0x31,0x38,0x61,0x1C,0x07,0x00,0x00,0x00}},
    {0x6D4B, {0x10,0x02,0x1F,0xEA,0x0E,0x2A,0x07,0xAA,0x07,0xAA,0x37,0xAA,0x17,0xAA,0x07,0xAA,0x07,0xAA,0x1F,0xAA,0x1B,0xAA,0x11,0x82,0x31,0xC2,0x32,0x42,0x24,0x2E,0x00,0x00}},
    {0x6D4E, {0x00,0x80,0x20,0xC0,0x3F,0xFC,0x07,0x3C,0x01,0x30,0x40,0xE0,0x60,0xE0,0x07,0xBC,0x07,0x1C,0x11,0x10,0x33,0x10,0x23,0x10,0x62,0x10,0x6C,0x10,0x08,0x10,0x00,0x00}},
    {0x6D4F, {0x00,0x02,0x31,0x06,0x19,0x96,0x07,0xF6,0x00,0xD6,0x20,0x96,0x32,0x96,0x13,0x96,0x01,0x96,0x09,0x96,0x19,0x96,0x13,0xD6,0x32,0x46,0x24,0x06,0x04,0x0C,0x00,0x00}},
    {0x6D52, {0x00,0x40,0x64,0x40,0x36,0x7C,0x00,0xFC,0x40,0x90,0x64,0x10,0x3E,0x10,0x02,0xFE,0x02,0x7C,0x32,0x10,0x32,0x10,0x23,0x90,0x63,0x10,0x46,0x10,0x00,0x10,0x00,0x00}},
    {0x6D53, {0x00,0x40,0x30,0x40,0x17,0xFC,0x0F,0xFC,0x04,0xC4,0x61,0xE0,0x21,0x60,0x03,0x2C,0x07,0x38,0x3F,0x30,0x33,0x10,0x23,0x18,0x63,0xCC,0x43,0x84,0x02,0x00,0x00,0x00}},
    {0x6D54, {0x20,0x00,0x37,0xF8,0x10,0x08,0x03,0xF8,0x00,0x08,0x60,0x08,0x37,0xF8,0x00,0x00,0x00,0x10,0x1F,0xFC,0x32,0x10,0x33,0x10,0x21,0x90,0x60,0x70,0x00,0x20,0x00,0x00}},
    {0x6D59, {0x02,0x08,0x32,0x3C,0x12,0x60,0x0F,0x40,0x0F,0x40,0x62,0x74,0x32,0x7C,0x03,0x48,0x0F,0x48,0x1E,0x48,0x32,0x48,0x22,0x48,0x62,0xC8,0x6E,0x88,0x0C,0x08,0x00,0x00}},
    {0x6D5A, {0x00,0x80,0x31,0xB0,0x13,0x18,0x07,0xF8,0x07,0x20,0x63,0x30,0x36,0x18,0x05,0x84,0x01,0xF8,0x13,0x18,0x3F,0x30,0x30,0xE0,0x61,0xE0,0x6F,0x3C,0x0C,0x0C,0x00,0x00}},
    {0x6D5C, {0x00,0x10,0x31,0xF0,0x1B,0x80,0x02,0x00,0x03,0x00,0x63,0xFC,0x32,0x10,0x02,0x10,0x02,0x10,0x1F,0xFC,0x30,0x00,0x21,0x10,0x63,0x18,0x46,0x0C,0x04,0x04,0x00,0x00}},
    {0x6D63, {0x00,0x40,0x70,0x40,0x1F,0xFC,0x07,0x9C,0x04,0x04,0x63,0xF8,0x30,0x00,0x00,0x00,0x07,0xFC,0x11,0xB0,0x11,0x20,0x31,0x30,0x63,0x36,0x6E,0x3C,0x00,0x08,0x00,0x00}},
    {0x6D66, {0x00,0x50,0x30,0x48,0x1F,0xFC,0x07,0xFC,0x00,0x40,0x67,0xFC,0x36,0x4C,0x07,0xFC,0x07,0xFC,0x16,0x4C,0x16,0xEC,0x37,0xFC,0x26,0x4C,0x66,0x4C,0x46,0x58,0x00,0x00}},
    {0x6D69, {0x00,0x40,0x33,0x40,0x1A,0x40,0x03,0xFC,0x06,0x60,0x64,0x40,0x37,0xFC,0x07,0xFC,0x00,0x00,0x1B,0xFC,0x12,0x0C,0x32,0x0C,0x22,0x0C,0x63,0xFC,0x02,0x0C,0x00,0x00}},
    {0x6D6A, {0x00,0xC0,0x31,0xE0,0x17,0xF8,0x06,0x08,0x06,0x08,0x67,0xF8,0x34,0x08,0x07,0xF8,0x07,0xF8,0x16,0x4C,0x36,0x78,0x26,0x30,0x66,0x98,0x67,0x8C,0x04,0x04,0x00,0x00}},
    {0x6D6E, {0x00,0x04,0x1B,0xFC,0x0B,0xC4,0x01,0x6C,0x01,0x28,0x31,0xA8,0x1B,0xFC,0x00,0x18,0x00,0x20,0x0F,0xFE,0x18,0x60,0x18,0x20,0x10,0x20,0x30,0x20,0x20,0xE0,0x00,0x00}},
    {0x6D74, {0x00,0x00,0x31,0x30,0x1B,0x18,0x06,0x4C,0x04,0xC4,0x61,0xE0,0x33,0x30,0x06,0x18,0x0E,0x0C,0x0F,0xFC,0x12,0x18,0x36,0x08,0x26,0x18,0x63,0xF8,0x02,0x18,0x00,0x00}},
    {0x6D77, {0x00,0x00,0x33,0x00,0x13,0xFC,0x06,0x80,0x04,0x00,0x4F,0xF8,0x62,0x4C,0x22,0x68,0x0F,0xFC,0x16,0xCC,0x36,0x48,0x27,0xFC,0x67,0xFC,0x60,0x78,0x00,0x00,0x00,0x00}},
    {0x6D82, {0x00,0x40,0x30,0xC0,0x19,0xB0,0x03,0x18,0x0E,0x0C,0x6B,0xF8,0x30,0x40,0x00,0x40,0x07,0xFC,0x18,0xC0,0x12,0x58,0x36,0x48,0x24,0x4C,0x6C,0xC4,0x01,0xC0,0x00,0x00}},
    {0x6D88, {0x00,0x20,0x1B,0x26,0x09,0x24,0x01,0xAC,0x00,0x30,0x33,0xFC,0x1B,0x04,0x03,0xFC,0x03,0xFC,0x0B,0x04,0x19,0xFC,0x1B,0x04,0x33,0x04,0x33,0x1C,0x01,0x08,0x00,0x00}},
    {0x6D89, {0x00,0x40,0x30,0x40,0x13,0x7C,0x03,0x78,0x03,0x40,0x67,0xFC,0x30,0x40,0x03,0x4C,0x03,0x4C,0x16,0x58,0x36,0x78,0x30,0x30,0x60,0xE0,0x67,0x80,0x06,0x00,0x00,0x00}},
    {0x6D8C, {0x00,0x00,0x1B,0xFC,0x0C,0x98,0x00,0xF0,0x00,0x38,0x33,0xFE,0x1A,0x26,0x03,0xFE,0x03,0xFE,0x0A,0x26,0x0B,0x76,0x1B,0xFE,0x12,0x26,0x33,0x26,0x03,0x2C,0x00,0x00}},
    {0x6D93, {0x10,0x00,0x19,0xFC,0x0D,0x04,0x01,0x04,0x01,0xFC,0x30,0x00,0x1B,0xFE,0x03,0x06,0x03,0xFE,0x0B,0x06,0x0B,0x06,0x1B,0xFE,0x13,0x06,0x33,0x06,0x03,0x1C,0x00,0x00}},
    {0x6D9B, {0x20,0xC0,0x33,0xF8,0x17,0xFC,0x00,0x80,0x07,0xFC,0x60,0x80,0x37,0xFC,0x07,0xFC,0x01,0x08,0x1B,0xFC,0x13,0x18,0x36,0xC8,0x24,0x48,0x6C,0x18,0x00,0x38,0x00,0x00}},
    {0x6D9E, {0x00,0x00,0x30,0xC0,0x17,0xFC,0x07,0xF8,0x02,0xC8,0x62,0xD8,0x32,0x50,0x0F,0xFC,0x07,0xEC,0x11,0xE0,0x33,0xF0,0x36,0xD8,0x6C,0xCC,0x60,0xC0,0x00,0x40,0x00,0x00}},
    {0x6D9F, {0x00,0x40,0x69,0x78,0x35,0xFC,0x04,0xC0,0x00,0xB0,0x41,0xB0,0x7F,0xFC,0x04,0x20,0x04,0x30,0x37,0xFC,0x34,0x30,0x24,0x30,0x6F,0x00,0x49,0xFC,0x00,0x38,0x00,0x00}},
    {0x6DA1, {0x00,0x00,0x1B,0xF8,0x0A,0x08,0x03,0x18,0x03,0xF8,0x30,0x40,0x13,0xFC,0x06,0xEC,0x06,0x44,0x0E,0xE4,0x1F,0x9C,0x17,0x1C,0x36,0x0C,0x26,0x1C,0x00,0x00,0x00,0x00}},
    {0x6DA4, {0x00,0x80,0x31,0xE0,0x1B,0xF8,0x07,0x10,0x04,0xE0,0x60,0xE0,0x33,0xBC,0x06,0x4C,0x00,0x40,0x1F,0xFC,0x30,0x40,0x32,0x48,0x26,0x4C,0x6C,0x44,0x41,0xC0,0x00,0x00}},
    {0x6DA6, {0x02,0x00,0x3B,0xFE,0x09,0x06,0x00,0x06,0x05,0xFA,0x34,0x66,0x14,0x66,0x04,0xF2,0x04,0xF2,0x1C,0x66,0x1C,0x66,0x17,0xF6,0x37,0xF2,0x24,0x1E,0x00,0x08,0x00,0x00}},
    {0x6DA7, {0x04,0x00,0x36,0xFC,0x0A,0x0C,0x04,0x0C,0x25,0xEC,0x35,0x2C,0x15,0x2C,0x05,0xEC,0x05,0x2C,0x1D,0x2C,0x15,0xEC,0x34,0x0C,0x24,0x0C,0x24,0x1C,0x00,0x00,0x00,0x00}},
    {0x6DA8, {0x00,0x00,0x6E,0xCC,0x32,0x48,0x02,0x58,0x0E,0x70,0x48,0xE0,0x68,0xFC,0x08,0xFC,0x0E,0x50,0x22,0xD0,0x22,0xD8,0x62,0xC8,0x62,0xFC,0x4E,0xE4,0x00,0x80,0x00,0x00}},
    {0x6DAE, {0x00,0x00,0x37,0xE2,0x1C,0x2A,0x04,0x2A,0x07,0xEA,0x34,0x8A,0x16,0xCA,0x07,0xEA,0x06,0xAA,0x1E,0xAA,0x1E,0xAA,0x16,0xA2,0x3E,0xE2,0x28,0xC6,0x00,0x8E,0x00,0x00}},
    {0x6DAF, {0x20,0x00,0x37,0xFC,0x14,0x20,0x04,0x20,0x07,0xFC,0x64,0x20,0x37,0x7C,0x07,0xFC,0x04,0x20,0x14,0x20,0x35,0xFC,0x2C,0x20,0x6C,0x20,0x6B,0xFC,0x00,0x00,0x00,0x00}},
    {0x6DB2, {0x00,0x40,0x20,0x40,0x1F,0xFC,0x07,0x60,0x02,0x40,0x66,0xFC,0x26,0x8C,0x0F,0xA8,0x0F,0xD8,0x36,0x58,0x36,0x30,0x26,0x30,0x66,0x78,0x47,0xCC,0x07,0x04,0x00,0x00}},
    {0x6DB5, {0x00,0x00,0x1B,0xFC,0x08,0x18,0x00,0x30,0x06,0x66,0x37,0xEE,0x16,0xFE,0x06,0x76,0x06,0xFE,0x0F,0xEE,0x1E,0x66,0x16,0xC6,0x36,0x06,0x37,0xFE,0x00,0x06,0x00,0x00}},
    {0x6DC0, {0x00,0x40,0x30,0x40,0x17,0xFC,0x07,0x9C,0x04,0x04,0x63,0xB8,0x33,0xFC,0x00,0x40,0x02,0x40,0x12,0x78,0x12,0x40,0x37,0x40,0x25,0xC0,0x6C,0xFC,0x08,0x1C,0x00,0x00}},
    {0x6DC4, {0x00,0x24,0x39,0x24,0x0B,0x6C,0x02,0x48,0x03,0x6C,0x31,0x24,0x19,0xB6,0x03,0xFC,0x03,0x6E,0x0F,0x26,0x0B,0xFE,0x1B,0x26,0x13,0x26,0x33,0xFE,0x03,0x06,0x00,0x00}},
    {0x6DC7, {0x00,0x00,0x73,0x18,0x17,0xFC,0x07,0xDC,0x03,0x18,0x63,0xF8,0x33,0x18,0x03,0xF8,0x03,0xD8,0x13,0x18,0x3F,0xFC,0x31,0x10,0x23,0x18,0x6E,0x0C,0x08,0x04,0x00,0x00}},
    {0x6DCB, {0x02,0x10,0x62,0x10,0x32,0x10,0x02,0x10,0x0F,0xFC,0x42,0x30,0x67,0x38,0x27,0xB8,0x06,0xF8,0x2E,0x5C,0x3A,0xD4,0x3A,0x94,0x62,0x10,0x42,0x10,0x02,0x10,0x00,0x00}},
    {0x6DD1, {0x02,0x00,0x32,0x7C,0x13,0xFC,0x03,0x64,0x02,0x2C,0x4F,0xAC,0x7F,0xE8,0x02,0x38,0x0F,0xB8,0x2A,0x98,0x3A,0xD0,0x7A,0x38,0x62,0x68,0x46,0xCC,0x04,0x84,0x00,0x00}},
    {0x6DD8, {0x01,0x00,0x1A,0x00,0x03,0xFC,0x07,0xEC,0x0D,0x04,0x3B,0xEC,0x12,0xCC,0x02,0x8C,0x07,0xFC,0x18,0x8C,0x12,0xBC,0x33,0xEC,0x30,0x0C,0x20,0x38,0x00,0x00,0x00,0x00}},
    {0x6DDE, {0x00,0x00,0x66,0x68,0x36,0x48,0x06,0x48,0x0F,0xCC,0x46,0xC4,0x66,0xB4,0x0F,0x20,0x0F,0x20,0x1E,0x60,0x36,0x68,0x26,0x4C,0x66,0xCC,0x46,0xFC,0x06,0x04,0x00,0x00}},
    {0x6DE1, {0x00,0x00,0x20,0x40,0x32,0x48,0x16,0xD8,0x04,0xD0,0x40,0xF0,0x73,0x9C,0x06,0x44,0x00,0x40,0x12,0xC8,0x36,0xD8,0x34,0xF0,0x61,0xB0,0x6F,0x1C,0x0C,0x04,0x00,0x00}},
    {0x6DE6, {0x20,0x40,0x30,0xE0,0x19,0xB0,0x03,0x18,0x0E,0x0C,0x63,0xF8,0x30,0x40,0x00,0x40,0x07,0xFC,0x18,0xC8,0x12,0x48,0x33,0x58,0x20,0x50,0x67,0xFC,0x07,0xFC,0x00,0x00}},
    {0x6DEE, {0x01,0x00,0x31,0x20,0x13,0x30,0x03,0xFC,0x06,0x20,0x66,0x20,0x6F,0xFC,0x03,0xFC,0x02,0x20,0x13,0xFC,0x33,0x20,0x22,0x20,0x63,0xFC,0x63,0xFC,0x02,0x00,0x00,0x00}},
    {0x6DF1, {0x20,0x00,0x37,0xFC,0x14,0x0C,0x05,0x30,0x03,0x18,0x46,0x08,0x74,0x08,0x00,0xC0,0x07,0xFC,0x11,0xE0,0x31,0xF0,0x23,0x58,0x66,0x4C,0x4C,0xC4,0x00,0x40,0x00,0x00}},
    {0x6DF3, {0x00,0x40,0x37,0xFC,0x17,0xFC,0x03,0xF8,0x02,0x08,0x62,0x08,0x33,0xF8,0x00,0x00,0x03,0xF8,0x10,0x70,0x30,0x60,0x37,0xFC,0x20,0x40,0x60,0x40,0x01,0xC0,0x00,0x00}},
    {0x6DF7, {0x00,0x00,0x37,0xF8,0x1C,0x08,0x07,0xF8,0x06,0x08,0x66,0x18,0x37,0xF8,0x00,0x00,0x06,0x64,0x1F,0xFC,0x16,0x30,0x36,0x20,0x26,0xE6,0x67,0xBC,0x06,0x18,0x00,0x00}},
    {0x6DF9, {0x00,0x80,0x61,0x80,0x3F,0xFC,0x03,0xB4,0x03,0x10,0x46,0xD8,0x7F,0xFC,0x0E,0xCC,0x07,0xF8,0x16,0xD8,0x36,0xD8,0x37,0xF8,0x20,0xC4,0x60,0xC4,0x00,0x7C,0x00,0x00}},
    {0x6DFB, {0x20,0x00,0x37,0xFC,0x17,0xFC,0x00,0x80,0x4F,0xFC,0x63,0x30,0x33,0x18,0x06,0x8C,0x0C,0x8C,0x12,0xA8,0x36,0xAC,0x24,0xA4,0x6C,0xB4,0x60,0x80,0x03,0x80,0x00,0x00}},
    {0x6DFC, {0x01,0x00,0x31,0x10,0x3D,0xF0,0x0D,0xC0,0x19,0xE0,0x31,0x30,0x63,0x18,0x0A,0x20,0x08,0x24,0x7F,0xFC,0x3C,0xF8,0x3E,0xB8,0x6B,0xA8,0xCB,0x24,0x18,0x60,0x00,0x00}},
    {0x6E05, {0x00,0x40,0x33,0xF8,0x1B,0xF8,0x03,0xF8,0x03,0xF8,0x37,0xFC,0x10,0x00,0x03,0xF8,0x03,0xF8,0x1B,0xF8,0x12,0x08,0x13,0xF8,0x32,0x08,0x22,0x38,0x00,0x00,0x00,0x00}},
    {0x6E0D, {0x00,0x40,0x37,0xF8,0x17,0xF8,0x03,0xF8,0x00,0xC0,0x6F,0xFC,0x21,0xE0,0x07,0xF8,0x06,0x08,0x16,0x48,0x36,0x48,0x36,0xC8,0x61,0xB0,0x67,0x1C,0x04,0x04,0x00,0x00}},
    {0x6E0E, {0x00,0x40,0x33,0xF8,0x13,0xF8,0x00,0x40,0x07,0xFC,0x60,0x0C,0x33,0x4C,0x05,0xE0,0x02,0x40,0x13,0x60,0x37,0xFC,0x20,0xC0,0x61,0xB8,0x67,0x0C,0x04,0x04,0x00,0x00}},
    {0x6E14, {0x01,0x00,0x31,0xC0,0x13,0xF0,0x06,0x20,0x4F,0xF8,0x6E,0xCC,0x34,0x4C,0x07,0xF8,0x07,0xFC,0x14,0x4C,0x37,0xF8,0x30,0x00,0x20,0x00,0x6F,0xFC,0x00,0x00,0x00,0x00}},
    {0x6E17, {0x20,0x80,0x31,0x90,0x17,0xF8,0x07,0xEC,0x00,0x80,0x6F,0xFC,0x33,0x10,0x06,0x5C,0x0C,0xC4,0x13,0x30,0x30,0xE0,0x23,0x98,0x60,0x70,0x63,0xC0,0x06,0x00,0x00,0x00}},
    {0x6E1D, {0x00,0x40,0x70,0xE0,0x11,0xB0,0x06,0x1C,0x0F,0xFC,0x61,0x00,0x37,0xAC,0x04,0xAC,0x07,0xAC,0x14,0xAC,0x34,0xAC,0x27,0xAC,0x64,0x8C,0x65,0x8C,0x40,0x18,0x00,0x00}},
    {0x6E20, {0x20,0x00,0x17,0xFC,0x47,0xF0,0x77,0xF8,0x06,0x08,0x1F,0xF8,0x36,0x00,0x67,0xFC,0x03,0x80,0x7F,0xFC,0x07,0xC0,0x0D,0xE0,0x39,0x38,0x71,0x1C,0x01,0x00,0x00,0x00}},
    {0x6E21, {0x20,0x40,0x33,0xFC,0x17,0xFC,0x04,0x88,0x05,0x98,0x67,0xFC,0x34,0x98,0x04,0xF8,0x04,0x70,0x17,0xF8,0x35,0x98,0x2C,0xD0,0x68,0x70,0x4B,0xFC,0x03,0x0C,0x00,0x00}},
    {0x6E23, {0x00,0x40,0x30,0x40,0x1F,0xFC,0x05,0xF4,0x01,0xD0,0x66,0x4C,0x3E,0xE4,0x03,0xF8,0x02,0x08,0x13,0xF8,0x12,0x08,0x33,0xF8,0x23,0xF0,0x6F,0xFC,0x00,0x00,0x00,0x00}},
    {0x6E24, {0x01,0x08,0x33,0xC8,0x1F,0xC8,0x01,0x18,0x07,0xFE,0x2C,0x5A,0x36,0x5A,0x07,0xDA,0x01,0x9A,0x11,0x52,0x1F,0xD2,0x17,0x32,0x31,0x26,0x21,0x6E,0x07,0x08,0x00,0x00}},
    {0x6E29, {0x20,0x00,0x37,0xF8,0x1E,0x08,0x07,0xF8,0x06,0x18,0x66,0x18,0x33,0xF8,0x00,0x00,0x07,0xF8,0x17,0xEC,0x15,0xAC,0x35,0xAC,0x25,0xAC,0x6F,0xFC,0x0B,0xD4,0x00,0x00}},
    {0x6E2D, {0x00,0x00,0x1B,0xFE,0x0A,0x26,0x03,0xFE,0x03,0x66,0x33,0xFE,0x18,0x00,0x01,0xFC,0x03,0x0C,0x0D,0xFC,0x09,0x04,0x19,0xFC,0x11,0xFC,0x33,0x1C,0x00,0x00,0x00,0x00}},
    {0x6E2F, {0x00,0x00,0x31,0x10,0x1F,0xFC,0x07,0xF8,0x01,0x10,0x6F,0xFE,0x33,0x10,0x03,0xF8,0x07,0xFC,0x1F,0x14,0x33,0xF0,0x33,0x00,0x63,0x0C,0x63,0xF8,0x00,0xF0,0x00,0x00}},
    {0x6E32, {0x00,0x40,0x30,0x40,0x17,0xFC,0x0C,0x0C,0x07,0xF8,0x60,0x00,0x31,0xE0,0x03,0xF8,0x02,0x08,0x13,0xF8,0x12,0x18,0x33,0xF8,0x20,0x00,0x6F,0xFC,0x07,0xFC,0x00,0x00}},
    {0x6E38, {0x00,0x20,0x76,0x20,0x12,0x7C,0x0F,0xE0,0x06,0xC0,0x64,0x7C,0x27,0x0C,0x07,0x98,0x05,0x98,0x35,0xFC,0x2D,0x98,0x2D,0x98,0x69,0x98,0x5B,0x18,0x42,0x70,0x00,0x00}},
    {0x6E43, {0x00,0x00,0x6F,0xFC,0x36,0x7C,0x02,0x10,0x02,0x7C,0x4F,0x98,0x62,0x10,0x02,0x7C,0x02,0x3C,0x2F,0x90,0x32,0x7C,0x26,0x7C,0x66,0x10,0x6C,0x10,0x08,0x10,0x00,0x00}},
    {0x6E44, {0x10,0x00,0x1B,0xFE,0x0B,0x26,0x03,0x26,0x03,0xFE,0x33,0x00,0x1B,0x7C,0x03,0xFE,0x0B,0xFE,0x0B,0x86,0x1A,0x86,0x12,0xFE,0x36,0x86,0x34,0xFE,0x04,0x86,0x00,0x00}},
    {0x6E4A, {0x00,0x80,0x37,0xF8,0x1F,0xFC,0x00,0x80,0x07,0xF8,0x61,0x80,0x2F,0xFC,0x02,0x10,0x0F,0xF8,0x1C,0xCC,0x30,0xC0,0x27,0xF8,0x61,0xE0,0x47,0x38,0x0C,0x08,0x00,0x00}},
    {0x6E56, {0x00,0x00,0x19,0x3E,0x09,0x32,0x07,0xF2,0x27,0xB6,0x31,0x1E,0x19,0x32,0x03,0xB2,0x07,0xFE,0x1C,0xF6,0x1C,0xF2,0x17,0xE2,0x37,0xE2,0x24,0x4E,0x00,0x00,0x00,0x00}},
    {0x6E58, {0x01,0x00,0x19,0x3E,0x09,0x26,0x01,0x26,0x07,0xF6,0x31,0x3E,0x13,0x26,0x03,0xA6,0x03,0xE6,0x17,0x3E,0x1D,0x26,0x19,0x26,0x31,0x3E,0x21,0x3E,0x01,0x20,0x00,0x00}},
    {0x6E5B, {0x23,0x18,0x37,0xFC,0x1F,0xFC,0x03,0x18,0x03,0xF8,0x63,0x18,0x33,0xF8,0x03,0xF8,0x0F,0xFC,0x1E,0xF0,0x36,0xD0,0x36,0x98,0x27,0x88,0x67,0xFC,0x00,0x00,0x00,0x00}},
    {0x6E5F, {0x20,0x40,0x31,0xF0,0x13,0xFC,0x02,0x0C,0x03,0xF8,0x42,0x0C,0x73,0xFC,0x03,0xF8,0x07,0xFC,0x10,0xC0,0x10,0xC0,0x33,0xF8,0x20,0x40,0x67,0xFC,0x07,0xBC,0x00,0x00}},
    {0x6E6B, {0x00,0x10,0x67,0x90,0x37,0x10,0x03,0x10,0x03,0x74,0x6F,0xD4,0x23,0x5C,0x07,0x58,0x07,0x98,0x37,0x38,0x3F,0x38,0x2B,0x28,0x63,0x6C,0x62,0xC4,0x02,0x04,0x00,0x00}},
    {0x6E6F, {0x00,0x00,0x1B,0xF8,0x0B,0xF8,0x03,0x08,0x23,0x0C,0x31,0xF8,0x07,0xFC,0x03,0x00,0x03,0x68,0x1F,0xFC,0x1C,0xA4,0x11,0x24,0x33,0x6C,0x22,0xD8,0x00,0x00,0x00,0x00}},
    {0x6E76, {0x20,0x40,0x31,0xF0,0x17,0xFC,0x06,0x0C,0x07,0xF8,0x66,0x0C,0x37,0xFC,0x03,0xF8,0x00,0x44,0x1F,0xEC,0x33,0x78,0x32,0x50,0x26,0x58,0x6C,0x4C,0x01,0xC0,0x00,0x00}},
    {0x6E7E, {0x00,0x40,0x33,0xFC,0x13,0xFC,0x02,0xB8,0x06,0xB4,0x24,0xA0,0x33,0xF8,0x00,0x0C,0x11,0xFC,0x13,0xF8,0x13,0xFC,0x30,0x0C,0x20,0x0C,0x20,0x38,0x00,0x00,0x00,0x00}},
    {0x6E7F, {0x20,0x00,0x37,0xF8,0x16,0x0C,0x07,0xF8,0x46,0x08,0x66,0x0C,0x37,0xF8,0x00,0x20,0x05,0xA4,0x15,0xAC,0x37,0xA8,0x23,0xB8,0x61,0xA0,0x6F,0xFC,0x0F,0x5C,0x00,0x00}},
    {0x6E87, {0x00,0x40,0x32,0x58,0x12,0x50,0x07,0xFC,0x01,0xF0,0x63,0xF0,0x36,0x4C,0x04,0xC4,0x01,0x80,0x1F,0xFC,0x33,0x10,0x33,0x30,0x21,0xE0,0x67,0xF8,0x06,0x08,0x00,0x00}},
    {0x6E90, {0x20,0x00,0x37,0xFC,0x14,0x20,0x04,0x60,0x05,0xFC,0x67,0x8C,0x25,0xFC,0x05,0x04,0x05,0xFC,0x14,0x60,0x3D,0x28,0x2D,0x2C,0x6B,0x24,0x7A,0x64,0x50,0xE0,0x00,0x00}},
    {0x6E9C, {0x00,0x80,0x1B,0xBE,0x0E,0x12,0x02,0x96,0x02,0xD6,0x23,0xF6,0x37,0x36,0x00,0x2C,0x03,0xFC,0x0B,0x64,0x1B,0x64,0x1B,0xFC,0x32,0x24,0x33,0xFC,0x03,0x04,0x00,0x00}},
    {0x6EA2, {0x02,0x00,0x62,0x18,0x33,0x30,0x11,0x20,0x0F,0xFC,0x41,0x20,0x23,0x38,0x0C,0x0C,0x07,0xF8,0x37,0xE8,0x25,0xA8,0x25,0xA8,0x65,0xA8,0x4F,0xFC,0x00,0x00,0x00,0x00}},
    {0x6EA7, {0x20,0x00,0x3F,0xFC,0x11,0xA0,0x07,0xFC,0x05,0xAC,0x65,0xA4,0x37,0xFC,0x07,0xF8,0x00,0x40,0x1F,0xFC,0x31,0xE0,0x21,0xF0,0x66,0x5C,0x6C,0x4C,0x00,0x40,0x00,0x00}},
    {0x6EAA, {0x00,0x08,0x37,0xF8,0x17,0xC8,0x02,0x58,0x02,0xD0,0x61,0xA0,0x33,0x60,0x03,0x98,0x03,0xF8,0x17,0xC4,0x30,0xC0,0x2F,0xFC,0x61,0xA0,0x67,0x1C,0x0C,0x0C,0x00,0x00}},
    {0x6EAB, {0x20,0x00,0x33,0xF8,0x12,0x08,0x06,0xC8,0x06,0xE8,0x66,0x18,0x77,0xF8,0x03,0xF0,0x07,0xF8,0x17,0xEC,0x35,0xAC,0x35,0xAC,0x65,0xA8,0x6F,0xFC,0x0B,0xD4,0x00,0x00}},
    {0x6EAF, {0x00,0x40,0x36,0xDE,0x12,0x96,0x07,0xF2,0x01,0x1E,0x35,0x56,0x15,0x52,0x05,0x52,0x05,0x5E,0x17,0xD6,0x13,0x56,0x33,0x36,0x32,0x26,0x26,0x26,0x20,0x4E,0x00,0x00}},
    {0x6EB6, {0x00,0x40,0x60,0x40,0x37,0xFC,0x06,0x8C,0x05,0x14,0x43,0x18,0x76,0xCC,0x01,0xE0,0x03,0x18,0x1E,0x1C,0x1F,0xFC,0x32,0x18,0x22,0x18,0x63,0xF8,0x02,0x18,0x00,0x00}},
    {0x6EC2, {0x00,0x40,0x1B,0xF8,0x0B,0xF8,0x01,0x10,0x01,0xB8,0x37,0xFC,0x10,0x44,0x03,0xFC,0x08,0x80,0x08,0xF8,0x19,0xF8,0x11,0x08,0x33,0x18,0x26,0x38,0x00,0x00,0x00,0x00}},
    {0x6EC7, {0x00,0x40,0x37,0xF8,0x17,0xFC,0x03,0xF8,0x02,0x08,0x62,0x08,0x23,0xF8,0x03,0xF8,0x03,0x18,0x13,0xF8,0x32,0x0C,0x27,0xFC,0x61,0x10,0x67,0x0C,0x04,0x04,0x00,0x00}},
    {0x6ECB, {0x02,0x08,0x33,0x18,0x11,0x10,0x0F,0xFC,0x06,0x30,0x66,0x30,0x64,0xA4,0x05,0xEC,0x0F,0x78,0x1B,0x58,0x32,0x10,0x25,0x2C,0x6D,0xEC,0x4F,0xFC,0x00,0x00,0x00,0x00}},
    {0x6ED1, {0x00,0x00,0x33,0xF8,0x13,0xD8,0x03,0xD8,0x02,0x58,0x6F,0xFC,0x3C,0x04,0x03,0xF4,0x03,0x18,0x13,0xF8,0x12,0x08,0x33,0xF8,0x23,0xF8,0x62,0x08,0x02,0x38,0x00,0x00}},
    {0x6ED4, {0x00,0x04,0x1B,0xFC,0x0B,0xE0,0x01,0x24,0x01,0x2C,0x31,0x28,0x18,0xD8,0x03,0x9E,0x03,0x06,0x0B,0x06,0x0B,0xDE,0x1B,0x06,0x13,0x06,0x33,0xFE,0x03,0x06,0x00,0x00}},
    {0x6ED5, {0x00,0x60,0x79,0x68,0x69,0x58,0x4B,0xFC,0x68,0xC0,0x78,0xC0,0x4F,0xFC,0x49,0x18,0x7F,0x6C,0x7B,0x48,0x49,0xF0,0x48,0xF0,0x4B,0xF8,0x5A,0x6C,0xC0,0xC0,0x00,0x00}},
    {0x6ED9, {0x60,0x00,0x3F,0xFC,0x0C,0x20,0x0D,0xA0,0x4D,0xFC,0x6F,0x30,0x37,0xF8,0x07,0xF8,0x0D,0xF8,0x3D,0x30,0x3D,0x30,0x25,0xFC,0x6D,0x00,0x6F,0xFC,0x00,0x00,0x00,0x00}},
    {0x6EDF, {0x06,0x20,0x26,0x70,0x1F,0x7C,0x0F,0xC8,0x06,0xD8,0x46,0xFC,0x6F,0xD4,0x06,0xD4,0x06,0xFC,0x36,0xC8,0x3F,0xC0,0x66,0xC0,0x66,0xC6,0x46,0x7C,0x06,0x00,0x00,0x00}},
    {0x6EE1, {0x01,0x10,0x27,0xFC,0x3F,0xFC,0x01,0x00,0x0F,0xFC,0x61,0xA0,0x23,0xB0,0x07,0xFC,0x05,0x24,0x1D,0xA4,0x35,0xFC,0x27,0x5C,0x64,0x4C,0x64,0x04,0x04,0x1C,0x00,0x00}},
    {0x6EE2, {0x01,0x10,0x7F,0xFC,0x1F,0xFC,0x01,0x10,0x0F,0xFC,0x6C,0x04,0x24,0x04,0x03,0xF8,0x03,0xF0,0x10,0x40,0x37,0xF8,0x20,0xD8,0x60,0x48,0x6F,0xFC,0x00,0x00,0x00,0x00}},
    {0x6EE4, {0x00,0x00,0x20,0xF8,0x30,0xF8,0x07,0xFC,0x04,0x8C,0x64,0xE0,0x25,0xE0,0x04,0xFC,0x04,0x70,0x1C,0x00,0x3C,0x68,0x2F,0xAC,0x6E,0x8C,0x58,0xF8,0x00,0x00,0x00,0x00}},
    {0x6EE7, {0x02,0x10,0x62,0x30,0x2F,0xA0,0x0F,0xBC,0x05,0x2C,0x6C,0xEC,0x28,0x68,0x09,0xF8,0x07,0x38,0x23,0x18,0x23,0x10,0x27,0xB8,0x6C,0x6C,0x48,0x44,0x00,0x00,0x00,0x00}},
    {0x6EE8, {0x00,0x40,0x63,0xF8,0x37,0xFC,0x04,0x0C,0x03,0xF8,0x63,0x00,0x33,0xC8,0x03,0xF8,0x03,0x20,0x33,0x30,0x3F,0xFC,0x20,0x10,0x63,0x18,0x46,0x0C,0x0C,0x04,0x00,0x00}},
    {0x6EE9, {0x00,0x20,0x60,0x78,0x3E,0x48,0x0F,0xFC,0x03,0xD8,0x6B,0xD8,0x2E,0xF8,0x06,0xFC,0x06,0xD8,0x36,0xD8,0x26,0xFC,0x2F,0xD8,0x78,0xD8,0x40,0xFC,0x00,0xC0,0x00,0x00}},
    {0x6EF4, {0x00,0x40,0x37,0xFC,0x1B,0xF8,0x01,0x30,0x03,0xB0,0x37,0xF8,0x17,0xE8,0x06,0x48,0x04,0xC8,0x1D,0xE8,0x15,0x28,0x35,0xE8,0x24,0x08,0x26,0x18,0x00,0x00,0x00,0x00}},
    {0x6F02, {0x00,0x00,0x37,0xFC,0x10,0xA0,0x07,0xFC,0x05,0xAC,0x65,0xAC,0x27,0xFC,0x03,0xF8,0x03,0xF8,0x10,0x00,0x37,0xFC,0x20,0x40,0x66,0x58,0x6C,0x4C,0x09,0xC4,0x00,0x00}},
    {0x6F06, {0x20,0x40,0x32,0xD8,0x17,0xFC,0x01,0xF0,0x06,0xD8,0x6C,0xC4,0x31,0xE0,0x03,0x38,0x0E,0x4C,0x12,0xD8,0x33,0xD0,0x21,0xE0,0x67,0xF0,0x66,0x48,0x01,0xC0,0x00,0x00}},
    {0x6F0F, {0x00,0x00,0x3B,0xFE,0x0E,0x06,0x03,0xFE,0x02,0x00,0x32,0x00,0x13,0xFE,0x02,0xFC,0x03,0xFE,0x1F,0xBA,0x17,0x6E,0x17,0x32,0x35,0xFE,0x2D,0x26,0x21,0x26,0x00,0x00}},
    {0x6F13, {0x00,0x40,0x27,0xFC,0x1F,0xFC,0x02,0x28,0x06,0xEC,0x66,0xE8,0x37,0xBC,0x03,0xF8,0x00,0x40,0x17,0xFC,0x34,0xA4,0x35,0xF4,0x25,0xFC,0x64,0x04,0x04,0x1C,0x00,0x00}},
    {0x6F14, {0x00,0x40,0x19,0xF8,0x0F,0xFE,0x06,0x02,0x03,0xFC,0x30,0x60,0x11,0xF8,0x03,0xFC,0x03,0xFC,0x0A,0x64,0x1A,0x64,0x13,0xFC,0x31,0x98,0x37,0x0E,0x04,0x00,0x00,0x00}},
    {0x6F15, {0x00,0xA0,0x67,0xFC,0x3F,0xFC,0x07,0xFC,0x05,0xAC,0x65,0xAC,0x37,0xFC,0x07,0xFC,0x00,0x00,0x13,0xF8,0x32,0x08,0x23,0xF8,0x63,0xF8,0x63,0xF8,0x02,0x08,0x00,0x00}},
    {0x6F20, {0x01,0x10,0x27,0xFC,0x17,0xFC,0x01,0x10,0x07,0xF8,0x66,0x08,0x37,0xF8,0x06,0x08,0x07,0xF8,0x10,0xC0,0x3F,0xFC,0x20,0xE0,0x61,0xB0,0x6F,0x1C,0x0C,0x04,0x00,0x00}},
    {0x6F22, {0x01,0x10,0x37,0xFC,0x1F,0xFC,0x01,0xF0,0x00,0xC0,0x67,0xF8,0x34,0x4C,0x07,0xFC,0x00,0xF0,0x17,0xF8,0x10,0xC0,0x3F,0xFC,0x21,0xA0,0x67,0x1C,0x04,0x0C,0x00,0x00}},
    {0x6F29, {0x00,0x20,0x66,0x60,0x32,0x7C,0x0F,0xDC,0x04,0xC0,0x44,0x7C,0x67,0x14,0x05,0x54,0x05,0x50,0x3D,0x5C,0x39,0x50,0x29,0xF0,0x69,0xF0,0x5F,0x9C,0x00,0x00,0x00,0x00}},
    {0x6F2A, {0x00,0x00,0x7A,0xFC,0x2E,0xFC,0x04,0x38,0x0E,0x4C,0x5E,0x84,0x63,0xFC,0x06,0xFC,0x0E,0xEC,0x3A,0xBC,0x32,0x9C,0x22,0xFC,0x62,0xEC,0x4E,0x0C,0x00,0x18,0x00,0x00}},
    {0x6F2B, {0x00,0x00,0x33,0xF8,0x1B,0xF8,0x03,0x18,0x03,0xF8,0x60,0x00,0x37,0xFC,0x07,0xFC,0x00,0x00,0x1F,0xF8,0x33,0x18,0x31,0xB0,0x61,0xE0,0x6F,0xBC,0x0C,0x0C,0x00,0x00}},
    {0x6F33, {0x00,0x40,0x33,0xF8,0x13,0xFC,0x01,0x10,0x07,0xFC,0x60,0x00,0x33,0xF8,0x03,0xF8,0x03,0x0C,0x1B,0xF8,0x10,0x40,0x37,0xFC,0x27,0xFC,0x60,0x40,0x00,0x40,0x00,0x00}},
    {0x6F34, {0x10,0x20,0x1A,0x24,0x0B,0xFC,0x01,0xFC,0x20,0x60,0x33,0xFE,0x1A,0x02,0x01,0xFC,0x00,0xF8,0x08,0x00,0x1B,0xFE,0x18,0x20,0x13,0x2C,0x36,0x26,0x20,0xE2,0x00,0x00}},
    {0x6F3E, {0x03,0x10,0x27,0xB8,0x37,0xFC,0x00,0x40,0x07,0xF8,0x60,0xC0,0x2F,0xFC,0x00,0xE0,0x03,0xE0,0x10,0xCC,0x3F,0x78,0x23,0x70,0x66,0x58,0x4C,0xCC,0x01,0xC4,0x00,0x00}},
    {0x6F3F, {0x08,0x40,0x69,0xF8,0x6F,0x58,0x78,0xF0,0x0B,0x90,0x7F,0xFC,0x29,0x18,0x68,0x98,0x49,0xB0,0x01,0x18,0x7D,0xB8,0x09,0xE0,0x19,0x70,0x71,0x3C,0x47,0x04,0x00,0x00}},
    {0x6F46, {0x00,0x90,0x33,0xFE,0x1F,0xFE,0x00,0x80,0x03,0xFE,0x26,0x46,0x30,0x92,0x01,0xF0,0x01,0xC8,0x1B,0xFC,0x10,0x64,0x11,0x68,0x33,0x6C,0x26,0x66,0x00,0xE0,0x00,0x00}},
    {0x6F47, {0x00,0x00,0x33,0xFC,0x1F,0xFE,0x00,0x40,0x03,0xFC,0x20,0x6C,0x37,0xFE,0x03,0xFC,0x03,0xF8,0x1A,0x64,0x1B,0xF4,0x17,0x7C,0x37,0x4C,0x34,0x64,0x04,0x44,0x00,0x00}},
    {0x6F4D, {0x00,0x40,0x64,0x58,0x24,0x48,0x0D,0xFC,0x0B,0xF8,0x5F,0x98,0x66,0xF8,0x04,0xFC,0x0E,0xD8,0x3E,0xD8,0x30,0xFC,0x20,0xD8,0x6F,0xD8,0x58,0xFC,0x00,0xC0,0x00,0x00}},
    {0x6F58, {0x00,0x18,0x77,0xF8,0x17,0xC8,0x02,0x50,0x4F,0xFC,0x61,0xF0,0x33,0xD8,0x06,0x4C,0x0F,0xFC,0x16,0xC8,0x36,0xC8,0x37,0xF8,0x26,0x48,0x67,0xF8,0x06,0x08,0x00,0x00}},
    {0x6F5C, {0x22,0x10,0x37,0x3C,0x1F,0xFC,0x03,0x10,0x0F,0xFC,0x63,0x18,0x37,0xBC,0x0C,0x64,0x07,0xF8,0x16,0x08,0x36,0x08,0x37,0xF8,0x26,0x08,0x67,0xF8,0x06,0x08,0x00,0x00}},
    {0x6F62, {0x01,0x10,0x37,0xF8,0x17,0xFC,0x01,0x30,0x0F,0xFC,0x60,0xC0,0x31,0xF0,0x07,0xF8,0x07,0xF8,0x16,0xC8,0x36,0xC8,0x27,0xF8,0x61,0x10,0x66,0x1C,0x0C,0x00,0x00,0x00}},
    {0x6F66, {0x00,0x80,0x26,0xDC,0x17,0xFC,0x05,0xB4,0x07,0x1C,0x63,0x18,0x27,0xFC,0x0F,0xFC,0x03,0xF8,0x12,0x08,0x33,0xF8,0x20,0x40,0x66,0x58,0x6C,0x4C,0x01,0xC0,0x00,0x00}},
    {0x6F6D, {0x00,0x00,0x3F,0xFC,0x17,0xF8,0x07,0xFC,0x05,0xAC,0x67,0xFC,0x30,0x00,0x07,0xF8,0x07,0xF8,0x16,0x0C,0x37,0xF8,0x24,0xE4,0x6F,0xFC,0x60,0x40,0x00,0x00,0x00,0x00}},
    {0x6F6E, {0x01,0x00,0x31,0x1E,0x1F,0xD2,0x03,0x92,0x07,0xD6,0x24,0x5E,0x37,0xD2,0x07,0xD2,0x07,0xDE,0x19,0x96,0x19,0x32,0x17,0xF2,0x31,0x22,0x21,0x26,0x01,0x2E,0x00,0x00}},
    {0x6F7C, {0x00,0x40,0x36,0xE8,0x17,0xFC,0x01,0x30,0x0F,0xFC,0x60,0x00,0x37,0xF8,0x07,0xF8,0x06,0xD8,0x16,0x48,0x33,0xF8,0x37,0xF8,0x27,0xF8,0x6F,0xFC,0x00,0x00,0x00,0x00}},
    {0x6F84, {0x00,0x40,0x37,0xF8,0x11,0xB4,0x07,0x3C,0x03,0x18,0x67,0xFC,0x2E,0x0E,0x07,0xF8,0x02,0x08,0x12,0x18,0x13,0xF8,0x31,0x10,0x21,0x30,0x6F,0xFC,0x04,0x04,0x00,0x00}},
    {0x6F8E, {0x01,0x00,0x67,0xCC,0x3F,0xD8,0x03,0x30,0x0F,0xE0,0x60,0x0C,0x27,0xC8,0x04,0xD8,0x0F,0xF0,0x10,0x84,0x34,0x8C,0x24,0x8C,0x67,0xD8,0x4F,0x70,0x00,0x20,0x00,0x00}},
    {0x6F9C, {0x02,0x00,0x13,0x7E,0x19,0x02,0x00,0x22,0x05,0xFE,0x24,0x62,0x15,0xFA,0x07,0xDA,0x07,0xFA,0x1D,0xFA,0x14,0xF2,0x14,0xFE,0x37,0x6E,0x26,0x06,0x04,0x0E,0x00,0x00}},
    {0x6FA7, {0x01,0xA0,0x37,0xFC,0x14,0xA4,0x07,0xFC,0x07,0xAC,0x67,0xF8,0x33,0x50,0x07,0xFC,0x03,0xF8,0x12,0x08,0x32,0x08,0x33,0xF8,0x61,0x10,0x6F,0xFC,0x00,0x00,0x00,0x00}},
    {0x6FB3, {0x20,0x40,0x33,0xF0,0x17,0xFC,0x05,0x4C,0x45,0xEC,0x67,0xFC,0x25,0xEC,0x07,0xFC,0x04,0x0C,0x10,0xC0,0x3F,0xFC,0x20,0xE0,0x61,0xB0,0x6F,0x1C,0x0C,0x04,0x00,0x00}},
    {0x6FC0, {0x02,0x20,0x66,0x20,0x2F,0xA0,0x08,0xBC,0x0F,0xEC,0x6D,0xEC,0x2F,0xEC,0x02,0x28,0x1F,0xB8,0x34,0x18,0x27,0x98,0x25,0x98,0x6D,0xBC,0x5B,0xE4,0x00,0x44,0x00,0x00}},
    {0x6FD1, {0x02,0x00,0x27,0x30,0x3F,0xBC,0x02,0x68,0x03,0x7C,0x4F,0xE4,0x6B,0xE4,0x2B,0xFC,0x0F,0xFC,0x17,0x7C,0x37,0x74,0x2F,0x90,0x6A,0x38,0x42,0x6C,0x02,0x44,0x00,0x00}},
    {0x6FF1, {0x00,0x40,0x33,0xF8,0x1F,0xFC,0x05,0xF4,0x03,0x68,0x66,0x70,0x37,0xF0,0x07,0xD8,0x03,0xF8,0x13,0x08,0x33,0xF8,0x33,0x08,0x61,0xF8,0x63,0x1C,0x06,0x04,0x00,0x00}},
    {0x7011, {0x20,0x00,0x37,0xF8,0x17,0xF8,0x06,0x18,0x07,0xF8,0x63,0x30,0x37,0xFC,0x01,0x30,0x0F,0xFC,0x13,0x58,0x36,0xDC,0x39,0xF4,0x63,0xE0,0x6E,0xD8,0x01,0x88,0x00,0x00}},
    {0x701A, {0x00,0x10,0x66,0x30,0x3F,0x38,0x06,0x4C,0x0F,0xC4,0x49,0xFC,0x6F,0x24,0x1F,0xAC,0x1F,0x6C,0x26,0x24,0x26,0x6C,0x7F,0xFC,0x64,0xB4,0x46,0x24,0x40,0xEC,0x00,0x00}},
    {0x701B, {0x00,0x00,0x27,0xFC,0x17,0xBC,0x03,0xF8,0x00,0x00,0x27,0xF8,0x37,0xF8,0x00,0x00,0x07,0xDC,0x1F,0xFC,0x1F,0xFC,0x3F,0xFC,0x2A,0xE4,0x2A,0xE4,0x00,0x00,0x00,0x00}},
    {0x704C, {0x01,0x10,0x37,0xFC,0x1F,0xFC,0x07,0xB8,0x04,0xEC,0x64,0xEC,0x37,0xF8,0x03,0xFC,0x07,0xFC,0x1E,0x20,0x3F,0xF8,0x22,0x68,0x63,0xF8,0x63,0xFC,0x02,0x00,0x00,0x00}},
    {0x704F, {0x00,0x00,0x7F,0xFC,0x3F,0x90,0x09,0xBC,0x0F,0xE4,0x46,0x64,0x7F,0xFC,0x0F,0x7C,0x0F,0xFC,0x29,0xF4,0x2F,0x34,0x6A,0x10,0x6B,0xBC,0x52,0x64,0x06,0x40,0x00,0x00}},
    {0x7058, {0x01,0x30,0x6F,0xB8,0x3F,0xA8,0x07,0x7C,0x06,0x7C,0x6F,0xE8,0x3A,0xFC,0x0F,0xFC,0x06,0x68,0x0F,0xE8,0x36,0x7C,0x3F,0xE8,0x67,0x68,0x4D,0xFE,0x08,0x20,0x00,0x00}},
    {0x705C, {0x00,0x80,0x63,0xFC,0x3F,0xFC,0x07,0xF8,0x07,0xF8,0x64,0x08,0x27,0xF8,0x04,0x98,0x0F,0xFC,0x2B,0xF8,0x2F,0xF8,0x6F,0xF8,0x6F,0xEC,0x4B,0x6C,0x16,0x64,0x00,0x00}},
    {0x7063, {0x00,0x00,0x68,0xC8,0x3F,0xF8,0x0C,0x18,0x0F,0xDC,0x40,0x00,0x65,0xF4,0x15,0xF4,0x07,0xF8,0x20,0x18,0x37,0xF8,0x24,0x00,0x67,0xFC,0x40,0x08,0x00,0x78,0x00,0x00}},
    {0x706B, {0x00,0x00,0x01,0x00,0x01,0x00,0x01,0x00,0x11,0x0C,0x31,0x08,0x33,0x18,0x63,0x10,0x03,0x80,0x07,0x80,0x06,0xC0,0x0C,0x60,0x18,0x38,0x70,0x1C,0x00,0x00,0x00,0x00}},
    {0x706D, {0x00,0x00,0x7F,0xFC,0x01,0x80,0x01,0x00,0x01,0x00,0x19,0x18,0x11,0x10,0x33,0xB0,0x23,0xA0,0x02,0xC0,0x06,0xC0,0x0C,0x60,0x18,0x30,0x70,0x1C,0x40,0x04,0x00,0x00}},
    {0x706F, {0x10,0x00,0x18,0x00,0x19,0xFC,0x18,0x30,0x5E,0x30,0x5C,0x30,0x58,0x30,0x50,0x30,0x10,0x30,0x18,0x30,0x3C,0x30,0x34,0x30,0x60,0x30,0x60,0xF0,0x00,0xE0,0x00,0x00}},
    {0x7070, {0x06,0x00,0x06,0x00,0x3F,0xFE,0x1F,0xFC,0x04,0x20,0x0C,0x60,0x0D,0x6C,0x09,0x6C,0x0B,0x68,0x18,0x60,0x10,0xF0,0x30,0x90,0x21,0x88,0x07,0x0E,0x04,0x00,0x00,0x00}},
    {0x7075, {0x00,0x00,0x3F,0xF8,0x00,0x18,0x1F,0xF8,0x00,0x18,0x00,0x18,0x3F,0xF8,0x01,0x00,0x11,0x18,0x33,0x18,0x23,0x90,0x06,0xC0,0x0C,0x60,0x78,0x3C,0x60,0x0C,0x00,0x00}},
    {0x7076, {0x10,0x20,0x10,0x60,0x10,0x60,0x54,0x60,0x54,0x60,0x5F,0xFC,0x50,0x60,0x10,0x60,0x10,0x60,0x30,0x60,0x38,0x60,0x2C,0x60,0x64,0x60,0x63,0xFC,0x40,0x00,0x00,0x00}},
    {0x7078, {0x06,0x00,0x07,0x80,0x0F,0xC0,0x30,0xC0,0x21,0xC0,0x07,0xF0,0x3C,0x3C,0x61,0x04,0x09,0x10,0x13,0x10,0x33,0xA0,0x06,0xC0,0x0C,0x60,0x78,0x3C,0x60,0x0C,0x00,0x00}},
    {0x707E, {0x03,0x00,0x01,0x00,0x7F,0xFC,0x7F,0xFC,0x41,0x04,0x01,0x00,0x11,0x08,0x11,0x18,0x33,0xB0,0x23,0xA0,0x06,0xC0,0x06,0x40,0x1C,0x70,0x70,0x1C,0x60,0x04,0x00,0x00}},
    {0x707F, {0x08,0x30,0x08,0x30,0x08,0x30,0x0A,0x30,0x3F,0xB2,0x2D,0xB6,0x2D,0xB6,0x09,0xB6,0x19,0xB6,0x19,0xB6,0x1D,0xB6,0x15,0xB2,0x33,0xFE,0x20,0xFE,0x00,0x02,0x00,0x00}},
    {0x7089, {0x08,0x20,0x08,0x30,0x08,0x10,0x0B,0xFE,0x3B,0x86,0x3E,0x82,0x2C,0x86,0x28,0xFE,0x08,0xFE,0x18,0x80,0x1D,0x80,0x17,0x80,0x33,0x00,0x23,0x00,0x22,0x00,0x00,0x00}},
    {0x708A, {0x10,0x80,0x10,0x80,0x11,0xFC,0x15,0xFC,0x75,0x0C,0x5B,0x6C,0x58,0x60,0x10,0x60,0x10,0x60,0x30,0x60,0x38,0xF0,0x2C,0x90,0x65,0x98,0x43,0x0C,0x42,0x04,0x00,0x00}},
    {0x708E, {0x03,0x00,0x13,0x10,0x32,0x30,0x27,0xA0,0x07,0xE0,0x1C,0x70,0x73,0x18,0x43,0x00,0x13,0x10,0x33,0x30,0x67,0xA0,0x0C,0xC0,0x18,0x60,0xF0,0x3C,0x40,0x04,0x00,0x00}},
    {0x7092, {0x00,0x00,0x10,0x60,0x10,0x60,0x10,0x68,0x55,0x68,0x5D,0x6C,0x59,0x64,0x53,0x64,0x10,0x68,0x30,0x68,0x38,0x18,0x2C,0x30,0x60,0xE0,0x43,0x80,0x02,0x00,0x00,0x00}},
    {0x7096, {0x10,0x20,0x10,0x60,0x13,0xFC,0x36,0xF8,0x74,0x60,0x7F,0x6C,0x5B,0x6C,0x13,0x6C,0x33,0x6C,0x33,0xFC,0x38,0x6C,0x2C,0x64,0x64,0x66,0x40,0x3C,0x00,0x18,0x00,0x00}},
    {0x70AB, {0x10,0x40,0x30,0x60,0x33,0xFC,0x37,0xFC,0x7C,0xC0,0x78,0xC8,0x51,0x98,0x31,0xF0,0x31,0xE0,0x30,0x60,0x38,0xD8,0x2C,0x88,0x61,0xFC,0x43,0xFC,0x40,0x00,0x00,0x00}},
    {0x70AC, {0x10,0x00,0x11,0xFC,0x13,0x00,0x37,0x00,0x77,0x00,0x7D,0xF8,0x5B,0x08,0x13,0x08,0x13,0x08,0x11,0xF8,0x39,0x00,0x2F,0x00,0x67,0x00,0x41,0xFC,0x00,0x00,0x00,0x00}},
    {0x70AD, {0x01,0x00,0x21,0x08,0x3F,0xF8,0x3F,0xF8,0x0C,0x00,0x6F,0xFC,0x7F,0xFC,0x08,0x80,0x1A,0xC8,0x16,0xD8,0x34,0xD0,0x61,0xE0,0x43,0x30,0x0E,0x1C,0x18,0x0C,0x00,0x00}},
    {0x70AE, {0x10,0x80,0x11,0x80,0x11,0xFC,0x35,0xBC,0x7F,0x04,0x7B,0xE4,0x51,0x24,0x51,0x24,0x11,0x24,0x31,0xE4,0x39,0x0C,0x3D,0x18,0x65,0x04,0x41,0xFC,0x00,0x78,0x00,0x00}},
    {0x70AF, {0x08,0x00,0x09,0xFE,0x09,0x02,0x1B,0x02,0x3F,0x7A,0x3F,0x4A,0x2D,0x4A,0x09,0x4A,0x19,0x4A,0x19,0x4A,0x1D,0x7A,0x17,0x42,0x33,0x02,0x21,0x0E,0x00,0x0C,0x00,0x00}},
    {0x70B3, {0x00,0x00,0x1B,0xFC,0x19,0xFC,0x1C,0x20,0x3F,0xFC,0x3D,0x24,0x39,0x24,0x19,0x74,0x1B,0x54,0x19,0xDC,0x1D,0x8C,0x37,0x04,0x21,0x04,0x23,0x1C,0x00,0x00,0x00,0x00}},
    {0x70B8, {0x10,0x80,0x11,0x80,0x11,0xFC,0x55,0xFC,0x5F,0x40,0x5A,0x40,0x52,0x7C,0x10,0x40,0x10,0x40,0x30,0x40,0x38,0x7C,0x3C,0x40,0x64,0x40,0x60,0x40,0x40,0x40,0x00,0x00}},
    {0x70B9, {0x01,0x00,0x01,0xE0,0x01,0xFC,0x01,0x00,0x01,0x00,0x3F,0xF8,0x30,0x18,0x30,0x18,0x30,0x18,0x3F,0xF8,0x00,0x00,0x34,0x98,0x26,0xC8,0x66,0x4C,0x40,0x44,0x00,0x00}},
    {0x70BC, {0x00,0x80,0x30,0x80,0x37,0xFC,0x35,0xB8,0x79,0x80,0x7B,0xE0,0x71,0x60,0x33,0xFC,0x33,0xFC,0x30,0x60,0x31,0x68,0x3B,0x6C,0x6E,0x6C,0x44,0x64,0x40,0xC0,0x00,0x00}},
    {0x70C1, {0x00,0x00,0x31,0xF8,0x11,0xC0,0x37,0x20,0x7F,0x60,0x7B,0x60,0x53,0xFC,0x30,0x60,0x30,0x20,0x31,0x28,0x39,0x2C,0x2B,0x6C,0x62,0x24,0x42,0x64,0x40,0xE0,0x00,0x00}},
    {0x70C2, {0x10,0x08,0x11,0x98,0x10,0x90,0x34,0xB0,0x7F,0xFC,0x78,0x00,0x58,0x00,0x10,0x00,0x31,0xF8,0x30,0x00,0x38,0x00,0x2C,0x00,0x64,0x00,0x43,0xFC,0x40,0x00,0x00,0x00}},
    {0x70C8, {0x00,0x08,0x7F,0x0C,0x18,0x6C,0x1F,0x6C,0x33,0x6C,0x63,0x6C,0x5A,0x6C,0x0E,0x6C,0x0C,0x0C,0x38,0x08,0x60,0x38,0x00,0x08,0x26,0xC8,0x66,0x4C,0x40,0x44,0x00,0x00}},
    {0x70D8, {0x10,0x10,0x11,0x90,0x11,0x90,0x15,0x98,0x7F,0xFC,0x59,0x90,0x59,0x90,0x11,0x90,0x11,0x98,0x37,0xFC,0x38,0x00,0x2D,0x90,0x65,0x18,0x43,0x0C,0x42,0x04,0x00,0x00}},
    {0x70D9, {0x10,0x80,0x11,0xE0,0x11,0xF8,0x17,0x98,0x7E,0x90,0x58,0xE0,0x58,0xF0,0x13,0x9C,0x37,0x0C,0x33,0xF8,0x3B,0x08,0x2F,0x08,0x67,0x08,0x63,0xF8,0x43,0x08,0x00,0x00}},
    {0x70DB, {0x10,0x40,0x30,0x60,0x10,0x60,0x37,0xF8,0x7F,0x6C,0x7A,0x6C,0x5B,0x6C,0x33,0x6C,0x33,0xFC,0x30,0x60,0x38,0x68,0x28,0x6C,0x60,0x7C,0x43,0xFC,0x00,0x04,0x00,0x00}},
    {0x70DF, {0x08,0x00,0x09,0xFE,0x09,0x06,0x3B,0x36,0x3F,0x36,0x2D,0xFE,0x29,0x26,0x09,0x36,0x19,0x32,0x19,0x7A,0x1D,0xCE,0x17,0x86,0x33,0xFE,0x21,0xFE,0x01,0x00,0x00,0x00}},
    {0x70E4, {0x08,0x40,0x18,0x44,0x19,0xFC,0x1A,0x58,0x3E,0x78,0x2F,0xFC,0x68,0x60,0x19,0xFC,0x1B,0x80,0x1C,0xF8,0x1C,0xFC,0x36,0x0C,0x20,0x08,0x20,0x78,0x00,0x00,0x00,0x00}},
    {0x70E7, {0x10,0x80,0x10,0x80,0x13,0xFC,0x37,0xCC,0x7C,0x58,0x78,0x70,0x79,0xF4,0x53,0x9C,0x30,0x08,0x33,0xFC,0x38,0xB0,0x2D,0xB0,0x61,0x34,0x47,0x3C,0x04,0x00,0x00,0x00}},
    {0x70E8, {0x10,0xA0,0x31,0xA0,0x31,0x2C,0x37,0x38,0x7F,0x30,0x7B,0xE0,0x71,0xE4,0x51,0x3C,0x31,0x08,0x30,0x60,0x3B,0xFC,0x28,0x60,0x6C,0x60,0x40,0x60,0x40,0x40,0x00,0x00}},
    {0x70E9, {0x10,0x40,0x30,0x60,0x30,0xE0,0x35,0x90,0x7F,0x08,0x7F,0x6C,0x51,0xF0,0x30,0x00,0x33,0xFC,0x33,0xF8,0x38,0x80,0x29,0x98,0x6D,0x18,0x43,0xFC,0x40,0x04,0x00,0x00}},
    {0x70EB, {0x20,0x00,0x37,0xF0,0x10,0x60,0x41,0x80,0x77,0xFC,0x01,0xAC,0x1B,0x6C,0x36,0x4C,0x60,0x98,0x01,0x10,0x19,0x10,0x33,0xB0,0x06,0xC0,0x3C,0x7C,0x60,0x1C,0x00,0x00}},
    {0x70EC, {0x00,0x00,0x11,0xFC,0x11,0x0C,0x35,0x0C,0x7D,0x0C,0x79,0xFC,0x53,0x10,0x13,0x18,0x33,0xD8,0x3A,0x38,0x3E,0x0C,0x26,0x84,0x64,0xE0,0x40,0x30,0x40,0x10,0x00,0x00}},
    {0x70ED, {0x10,0xC0,0x10,0xC0,0x7F,0xF0,0x7F,0xF8,0x10,0xD8,0x1C,0x98,0x7F,0x98,0x71,0xD8,0x11,0xF8,0x13,0x0E,0x32,0x0C,0x00,0x08,0x26,0xC8,0x66,0x4C,0x40,0x44,0x00,0x00}},
    {0x70F9, {0x01,0x00,0x3F,0xFC,0x7F,0xFC,0x0F,0xF0,0x18,0x30,0x1F,0xF0,0x23,0x00,0x3F,0xF8,0x01,0xC0,0x01,0x80,0x01,0x00,0x07,0x08,0x36,0xCC,0x66,0x44,0x00,0x00,0x00,0x00}},
    {0x70FD, {0x10,0x40,0x10,0xE0,0x11,0xF8,0x17,0x90,0x7E,0xF0,0x78,0x60,0x59,0xF8,0x53,0x0C,0x33,0xFC,0x30,0x60,0x39,0xF8,0x28,0x60,0x6F,0xFC,0x40,0x60,0x00,0x60,0x00,0x00}},
    {0x7109, {0x3F,0xFC,0x01,0x00,0x19,0xF0,0x19,0xF0,0x19,0x00,0x7F,0xFC,0x18,0x00,0x1F,0xF8,0x10,0x00,0x1F,0xFC,0x00,0x0C,0x2D,0x6C,0x25,0xA8,0x64,0x38,0x00,0x00,0x00,0x00}},
    {0x710A, {0x10,0x00,0x13,0xFC,0x13,0x0C,0x17,0xFC,0x7F,0x0C,0x5B,0xFC,0x50,0x00,0x13,0xFC,0x33,0xFC,0x30,0x60,0x33,0xFC,0x3F,0xFC,0x6C,0x60,0x60,0x60,0x40,0x60,0x00,0x00}},
    {0x7115, {0x10,0x80,0x10,0xE0,0x11,0xF8,0x37,0x30,0x7F,0xF8,0x79,0x68,0x59,0x68,0x11,0x68,0x33,0x68,0x33,0xFC,0x38,0xE0,0x2C,0xF0,0x65,0x98,0x47,0x0C,0x44,0x04,0x00,0x00}},
    {0x7116, {0x10,0x00,0x19,0x3E,0x11,0x86,0x16,0x06,0x3F,0x26,0x3A,0x36,0x3B,0x42,0x13,0xCE,0x13,0x4E,0x1B,0x4E,0x1B,0x5E,0x3E,0x36,0x23,0x02,0x63,0x0E,0x00,0x08,0x00,0x00}},
    {0x7119, {0x00,0x40,0x30,0x60,0x33,0xFC,0x33,0x98,0x79,0x18,0x79,0x90,0x57,0xFC,0x37,0xFC,0x30,0x00,0x33,0xF8,0x33,0x0C,0x3B,0x0C,0x6B,0x0C,0x43,0xF8,0x43,0x08,0x00,0x00}},
    {0x711A, {0x00,0x20,0x18,0x20,0x7F,0xFC,0x7C,0x7C,0x3C,0x78,0x7B,0xAC,0x59,0x24,0x18,0x20,0x01,0x00,0x13,0x18,0x33,0x30,0x23,0xA0,0x0E,0xC0,0x78,0x7C,0x60,0x0C,0x00,0x00}},
    {0x7121, {0x08,0x00,0x18,0x00,0x3F,0xFC,0x7F,0xF8,0x72,0x90,0x16,0xD8,0x7F,0xFC,0x16,0x90,0x16,0x90,0x36,0xD8,0x7F,0xFC,0x00,0x00,0x36,0xC8,0x66,0x4C,0x40,0x44,0x00,0x00}},
    {0x7126, {0x09,0x80,0x18,0x80,0x1F,0xFC,0x3F,0xFC,0x70,0x80,0x7F,0xF8,0x10,0x80,0x1F,0xF8,0x1F,0xF0,0x10,0x80,0x1F,0xFC,0x30,0x00,0x26,0xC8,0x66,0x4C,0x44,0x44,0x00,0x00}},
    {0x7130, {0x08,0x40,0x08,0x60,0x08,0x7C,0x1A,0xEC,0x3F,0x88,0x3F,0x18,0x29,0xE8,0x09,0x9E,0x19,0x06,0x19,0x86,0x1D,0xFE,0x17,0x06,0x33,0x06,0x21,0xFE,0x21,0x86,0x00,0x00}},
    {0x7131, {0x00,0x00,0x01,0x80,0x11,0x08,0x13,0x90,0x13,0xD0,0x06,0x60,0x3C,0x3C,0x78,0x0C,0x0A,0x20,0x6E,0xAC,0x59,0x38,0x1C,0x70,0x36,0xD8,0x63,0x8C,0x41,0x04,0x00,0x00}},
    {0x7136, {0x08,0x20,0x1C,0x38,0x1F,0x24,0x33,0xFC,0x6E,0xFC,0x66,0x30,0x1C,0x70,0x18,0x50,0x38,0xD8,0x73,0x8C,0x03,0x04,0x20,0x08,0x26,0xCC,0x66,0x4C,0x40,0x44,0x00,0x00}},
    {0x714A, {0x10,0x40,0x31,0xF8,0x33,0xFC,0x36,0x04,0x79,0xFC,0x78,0x00,0x50,0xF0,0x31,0xF8,0x31,0xF8,0x31,0x08,0x39,0x08,0x2D,0xF8,0x60,0x00,0x43,0xFC,0x43,0xFC,0x00,0x00}},
    {0x714C, {0x10,0x40,0x31,0xF0,0x33,0xFC,0x36,0x0C,0x7F,0xF8,0x7A,0x0C,0x7B,0xFC,0x31,0xF8,0x33,0xFC,0x30,0x60,0x38,0x60,0x2F,0xF8,0x60,0x40,0x47,0xFC,0x47,0x9C,0x00,0x00}},
    {0x714E, {0x08,0x20,0x0C,0x20,0x7F,0xFC,0x40,0x9C,0x3E,0x48,0x33,0x48,0x3F,0x48,0x23,0x48,0x3F,0x48,0x23,0x48,0x26,0x38,0x00,0x00,0x36,0xC8,0x66,0x4C,0x60,0x44,0x00,0x00}},
    {0x715C, {0x10,0x00,0x13,0xFC,0x13,0x0C,0x17,0xFC,0x7F,0x0C,0x5B,0x0C,0x5B,0xF8,0x10,0x40,0x13,0xFC,0x3B,0x9C,0x39,0x18,0x25,0x98,0x60,0x90,0x47,0xFC,0x42,0x0C,0x00,0x00}},
    {0x7164, {0x11,0x88,0x33,0xFC,0x33,0xFC,0x35,0x88,0x7D,0xF8,0x79,0x88,0x51,0x98,0x30,0xF8,0x30,0x20,0x33,0xFC,0x38,0xF0,0x28,0xF8,0x61,0xAC,0x43,0x64,0x00,0x20,0x00,0x00}},
    {0x7166, {0x00,0x80,0x7D,0xF0,0x65,0xFC,0x67,0x0C,0x6F,0xEC,0x3D,0xAC,0x65,0x2C,0x65,0xEC,0x6D,0xCC,0x3C,0x08,0x20,0x38,0x10,0x08,0x36,0xC8,0x66,0x4C,0x42,0x44,0x00,0x00}},
    {0x7167, {0x00,0x00,0x7F,0xFC,0x6C,0x4C,0x64,0xCC,0x6D,0x98,0x7F,0x00,0x6D,0xFC,0x6D,0x0C,0x6D,0x0C,0x7D,0xFC,0x60,0x00,0x20,0x08,0x26,0xCC,0x66,0x4C,0x44,0x44,0x00,0x00}},
    {0x7168, {0x10,0x00,0x13,0xFC,0x12,0x4C,0x37,0xFC,0x7F,0x6C,0x5B,0x6C,0x5B,0xFC,0x10,0x00,0x37,0xFC,0x33,0x60,0x39,0x2C,0x2D,0x38,0x65,0x18,0x43,0xCC,0x43,0x04,0x00,0x00}},
    {0x716E, {0x02,0x00,0x1F,0xD8,0x3F,0xF0,0x02,0x60,0x7F,0xFC,0x0F,0x00,0x7F,0xF8,0x58,0x18,0x1F,0xF8,0x18,0x18,0x1F,0xF0,0x20,0x08,0x26,0xC8,0x66,0x4C,0x00,0x00,0x00,0x00}},
    {0x7172, {0x10,0x00,0x13,0xF8,0x33,0xF8,0x71,0xF0,0x70,0x40,0x3F,0xFC,0x33,0xF0,0x36,0x5C,0x11,0x00,0x19,0x18,0x13,0xB0,0x36,0xE0,0x0C,0x60,0x78,0x3C,0x60,0x0C,0x00,0x00}},
    {0x718A, {0x10,0x80,0x24,0xB0,0x7E,0xE0,0x7A,0x88,0x3E,0xF8,0x26,0xF8,0x3E,0xB0,0x26,0xE0,0x3E,0x88,0x2E,0xF8,0x00,0x70,0x00,0x00,0x24,0x98,0x64,0xC8,0x00,0x00,0x00,0x00}},
    {0x718F, {0x00,0x70,0x1F,0xC0,0x7F,0xFC,0x43,0x84,0x1F,0xF8,0x39,0x28,0x25,0x48,0x3F,0xF8,0x03,0x80,0x3F,0xF8,0x03,0x80,0x7F,0xFC,0x00,0x08,0x66,0xCC,0x00,0x04,0x00,0x00}},
    {0x7199, {0x00,0x00,0x7F,0xFC,0x6C,0xCC,0x7E,0xCC,0x7A,0xCC,0x72,0xFC,0x7A,0xC0,0x7E,0xC0,0x64,0xC4,0x7F,0xFC,0x00,0x00,0x34,0x98,0x26,0xCC,0x66,0x44,0x40,0x44,0x00,0x00}},
    {0x719F, {0x08,0x60,0x5E,0x60,0x7F,0xF8,0x26,0xF8,0x3E,0x48,0x00,0xC8,0x7E,0xC8,0x0C,0x78,0x7E,0xDC,0x19,0x8E,0x39,0x04,0x00,0x08,0x26,0xC8,0x66,0x4C,0x00,0x00,0x00,0x00}},
    {0x71AC, {0x08,0x60,0x3E,0x40,0x3E,0x7C,0x3E,0xFC,0x19,0xC8,0x7F,0x58,0x10,0x70,0x1E,0x30,0x3E,0x70,0x22,0xDC,0x6D,0x84,0x00,0x00,0x26,0xC8,0x66,0x4C,0x00,0x00,0x00,0x00}},
    {0x71C3, {0x11,0x18,0x33,0x1C,0x33,0xD4,0x3E,0xFC,0x7F,0xD8,0x7C,0x98,0x77,0x98,0x31,0x38,0x33,0x6C,0x36,0xC6,0x3C,0x00,0x2A,0xAC,0x66,0xA4,0x44,0xB6,0x00,0x80,0x00,0x00}},
    {0x71C8, {0x00,0x20,0x33,0xB8,0x30,0xB0,0x37,0x94,0x7B,0x18,0x7B,0xFC,0x56,0x0C,0x33,0xF8,0x33,0x08,0x33,0xF8,0x30,0x00,0x39,0x90,0x69,0xB0,0x47,0xFC,0x47,0x4C,0x00,0x00}},
    {0x71CA, {0x01,0x00,0x19,0x18,0x33,0xA0,0x0E,0xF0,0x38,0x38,0x28,0x20,0x3E,0xAC,0x5D,0xF8,0x3C,0xF8,0x67,0x8C,0x43,0x84,0x7F,0xFC,0x0F,0xE0,0x79,0x3C,0x41,0x04,0x00,0x00}},
    {0x71CE, {0x10,0x40,0x33,0xE8,0x33,0xFC,0x36,0xB4,0x7B,0x98,0x79,0x98,0x57,0xFC,0x33,0xF8,0x31,0x18,0x31,0xF8,0x38,0x60,0x29,0x58,0x63,0x48,0x46,0x4C,0x40,0xC0,0x00,0x00}},
    {0x71D2, {0x00,0x40,0x31,0xF8,0x31,0xF8,0x3F,0xFC,0x79,0x18,0x79,0x18,0x53,0xBC,0x31,0x10,0x33,0xFC,0x32,0x24,0x37,0xFC,0x29,0xB0,0x61,0x36,0x47,0x3C,0x40,0x00,0x00,0x00}},
    {0x71D5, {0x04,0x40,0x7F,0xFC,0x7F,0xFC,0x04,0x40,0x1F,0xF0,0x18,0x30,0x77,0xFC,0x1E,0xF0,0x16,0xF4,0x77,0xF4,0x50,0x1C,0x20,0x08,0x26,0xC8,0x66,0x4C,0x40,0x44,0x00,0x00}},
    {0x71DA, {0x00,0x00,0x08,0x20,0x2A,0xAC,0x6E,0xA8,0x59,0x30,0x1C,0x78,0x36,0xCC,0x49,0xA4,0x0A,0x24,0x6F,0xAC,0x59,0x38,0x1C,0x70,0x36,0xD8,0x63,0x8C,0x41,0x04,0x00,0x00}},
    {0x71E6, {0x00,0x00,0x31,0xBC,0x11,0xFC,0x3F,0xC4,0x7E,0xF8,0x73,0x98,0x71,0x3C,0x36,0x64,0x33,0x48,0x33,0x58,0x37,0xFC,0x39,0xF0,0x6B,0x58,0x46,0x4C,0x40,0x40,0x00,0x00}},
    {0x7206, {0x00,0x00,0x33,0xFC,0x33,0xFC,0x33,0x0C,0x7B,0xFC,0x79,0xB0,0x77,0xFC,0x31,0x90,0x37,0xFC,0x23,0x58,0x37,0x4C,0x3D,0x74,0x69,0xF0,0x47,0x7C,0x40,0xC0,0x00,0x00}},
    {0x722C, {0x02,0x00,0x3F,0x78,0x7A,0xFC,0x6A,0x84,0x6A,0x94,0x6A,0xFC,0x6A,0xFC,0x6A,0x80,0x6A,0x84,0x6B,0xC4,0x69,0xFC,0x49,0x80,0x48,0xC0,0xC8,0x7C,0x08,0x1C,0x00,0x00}},
    {0x7231, {0x00,0x00,0x1F,0xFC,0x1F,0x98,0x0C,0x90,0x3F,0xFE,0x32,0x06,0x1F,0xD4,0x1F,0xF8,0x06,0x00,0x07,0xF8,0x07,0x18,0x09,0xB0,0x19,0xE0,0x37,0xBE,0x04,0x04,0x00,0x00}},
    {0x7235, {0x00,0xF8,0x3F,0xD0,0x11,0x10,0x3F,0xF8,0x26,0xCC,0x26,0xCC,0x3F,0xF8,0x1C,0x08,0x37,0xFC,0x3E,0x18,0x32,0x98,0x3E,0x58,0x26,0x18,0x7F,0x38,0x61,0x00,0x00,0x00}},
    {0x7236, {0x00,0x00,0x0C,0x60,0x08,0x30,0x18,0x18,0x30,0x08,0x68,0x2C,0x0C,0x60,0x04,0x60,0x06,0xC0,0x03,0x80,0x03,0x80,0x07,0xC0,0x1C,0x78,0x70,0x1C,0x40,0x00,0x00,0x00}},
    {0x7237, {0x04,0x40,0x1C,0x70,0x7C,0x3C,0x66,0xE0,0x03,0x80,0x0F,0xE0,0x78,0x3C,0x7F,0xF0,0x1F,0xF0,0x02,0x10,0x02,0x10,0x02,0x30,0x02,0xF0,0x02,0x00,0x02,0x00,0x00,0x00}},
    {0x723D, {0x01,0x00,0x01,0x00,0x7F,0xFC,0x6F,0x9C,0x39,0x38,0x39,0x38,0x29,0x78,0x09,0x08,0x3B,0xB8,0x3B,0xB8,0x6E,0xE8,0x0C,0x60,0x1C,0x30,0x70,0x1C,0x40,0x0C,0x00,0x00}},
    {0x723E, {0x00,0x00,0x76,0xDC,0x7F,0xFC,0x11,0x10,0x7F,0xFC,0x37,0xBC,0x2D,0xE8,0x2D,0x68,0x3B,0xC8,0x21,0x88,0x3D,0x68,0x2F,0x68,0x3B,0xC8,0x31,0x88,0x21,0x38,0x00,0x00}},
    {0x723F, {0x00,0x18,0x04,0x18,0x04,0x18,0x04,0x18,0x07,0xF8,0x03,0xD8,0x00,0x18,0x00,0x18,0x1F,0xF8,0x02,0x18,0x02,0x18,0x06,0x18,0x04,0x18,0x1C,0x18,0x18,0x18,0x00,0x00}},
    {0x7247, {0x00,0x40,0x18,0x40,0x18,0x40,0x18,0x40,0x1F,0xFC,0x1F,0xBC,0x18,0x00,0x18,0x00,0x1F,0xF0,0x18,0x10,0x10,0x10,0x10,0x10,0x30,0x10,0x20,0x10,0x20,0x10,0x00,0x00}},
    {0x7248, {0x08,0x0C,0x69,0xFC,0x69,0x80,0x69,0x00,0x6D,0x80,0x7F,0xFC,0x61,0xCC,0x61,0xCC,0x7D,0x48,0x6D,0x68,0x6D,0x38,0x6D,0x30,0x4F,0x78,0xCF,0xCC,0x04,0x84,0x00,0x00}},
    {0x724C, {0x08,0x40,0x68,0xF8,0x6B,0xFC,0x6B,0x24,0x6B,0xFC,0x7F,0x64,0x63,0x7C,0x61,0xFC,0x78,0x80,0x6D,0x10,0x6D,0x38,0x4F,0xFC,0x4C,0x10,0x4C,0x10,0x48,0x10,0x00,0x00}},
    {0x7259, {0x3F,0xFC,0x00,0x30,0x18,0x30,0x10,0x30,0x10,0x30,0x30,0x30,0x3F,0xFE,0x00,0xF0,0x01,0xB0,0x03,0x30,0x06,0x30,0x1C,0x30,0x78,0x30,0x60,0x20,0x00,0xE0,0x00,0x00}},
    {0x725B, {0x01,0x00,0x19,0x00,0x11,0x00,0x3F,0xF8,0x21,0x80,0x61,0x00,0x41,0x00,0x01,0x00,0x7F,0xFC,0x01,0x80,0x01,0x00,0x01,0x00,0x01,0x00,0x01,0x00,0x01,0x00,0x00,0x00}},
    {0x725F, {0x02,0x00,0x06,0x40,0x0C,0x60,0x3F,0xF0,0x3F,0xD8,0x19,0x00,0x1F,0xF0,0x3F,0xF8,0x61,0x00,0x01,0x00,0x7F,0xFC,0x01,0x00,0x01,0x00,0x01,0x00,0x01,0x00,0x00,0x00}},
    {0x7261, {0x18,0x20,0x78,0x60,0x58,0x60,0x7C,0x60,0x7C,0x60,0x59,0xFC,0xD8,0x60,0x18,0x60,0x1E,0x60,0x78,0x60,0x18,0x60,0x18,0x60,0x18,0x60,0x1B,0xFC,0x18,0x00,0x00,0x00}},
    {0x7267, {0x18,0x80,0x58,0x80,0x59,0x80,0x7D,0xFC,0x79,0xFC,0x5B,0x88,0xDB,0x98,0x1C,0x98,0x3C,0xD0,0x78,0x70,0x18,0x60,0x18,0x70,0x19,0xD8,0x1B,0x0C,0x1A,0x04,0x00,0x00}},
    {0x7269, {0x10,0x80,0x59,0x80,0x59,0x80,0x7D,0xFC,0x7B,0x5C,0x5A,0x54,0x52,0xD4,0x1C,0xB4,0x7D,0xA4,0x5B,0x24,0x1A,0x6C,0x18,0xCC,0x18,0x8C,0x19,0x38,0x10,0x30,0x00,0x00}},
    {0x726F, {0x18,0x20,0x18,0x60,0x78,0x20,0x7C,0x60,0x7F,0xFC,0x58,0x60,0xD8,0x20,0x18,0x60,0x3D,0xFC,0x79,0x8C,0x19,0x0C,0x19,0x0C,0x19,0x0C,0x19,0xFC,0x19,0x0C,0x00,0x00}},
    {0x7272, {0x18,0x20,0x19,0x20,0x79,0x20,0x7D,0x60,0x7B,0xFC,0x5B,0x60,0xDA,0x60,0x18,0x20,0x3F,0xFC,0x79,0xF8,0x18,0x20,0x18,0x60,0x18,0x20,0x1B,0xFC,0x1B,0xFC,0x00,0x00}},
    {0x7275, {0x00,0x80,0x1F,0xFC,0x1F,0xFC,0x03,0xE0,0x1E,0x38,0x1C,0x1C,0x3F,0xFE,0x28,0x82,0x1F,0xFC,0x11,0xC0,0x00,0x80,0x3F,0xFE,0x00,0x80,0x00,0x80,0x00,0x80,0x00,0x00}},
    {0x7279, {0x10,0x20,0x51,0x78,0x51,0xFC,0x7C,0x60,0x78,0x60,0x53,0xFC,0x50,0x18,0x10,0x18,0x1F,0xFC,0x78,0x18,0x51,0x98,0x10,0x98,0x10,0x98,0x10,0x18,0x10,0x70,0x00,0x00}},
    {0x727A, {0x10,0x00,0x13,0xFC,0x70,0xB0,0x78,0xB0,0x7B,0xFC,0x52,0xF4,0x52,0xA4,0x12,0xA4,0x3F,0xBC,0x73,0x0C,0x12,0x04,0x12,0x04,0x13,0xFC,0x13,0xFC,0x12,0x04,0x00,0x00}},
    {0x7280, {0x3F,0xFC,0x30,0x04,0x3F,0xFC,0x3F,0xFC,0x34,0x4C,0x36,0xD8,0x33,0xD8,0x3E,0x4C,0x26,0xC4,0x2F,0xFC,0x28,0x40,0x6F,0xFE,0x6F,0xFE,0xC0,0x40,0x00,0x40,0x00,0x00}},
    {0x7281, {0x0E,0x0C,0x7C,0x4C,0x08,0x4C,0x7F,0x4C,0x1C,0x4C,0x3E,0x4C,0x68,0x1C,0x09,0x18,0x19,0x00,0x3F,0xF8,0x21,0x00,0x7F,0xFC,0x7F,0xFC,0x01,0x00,0x01,0x00,0x00,0x00}},
    {0x7287, {0x09,0x00,0x1F,0xF0,0x3F,0xF0,0x21,0x00,0x7F,0xFC,0x03,0x00,0x01,0x00,0x78,0xB0,0x7F,0xFC,0x59,0xB0,0x18,0x30,0x7F,0xFC,0x58,0x30,0x18,0x30,0x08,0x20,0x00,0x00}},
    {0x72AC, {0x01,0x00,0x01,0x20,0x01,0x38,0x01,0x08,0x01,0x00,0x7F,0xFC,0x03,0x80,0x03,0x80,0x02,0x80,0x06,0xC0,0x04,0x60,0x0C,0x30,0x18,0x38,0x70,0x1C,0x40,0x04,0x00,0x00}},
    {0x72AF, {0x44,0x00,0x6D,0xF8,0x39,0xFC,0x39,0x0C,0x79,0x0C,0x49,0x0C,0x09,0x0C,0x19,0x3C,0x39,0x38,0x69,0x00,0x49,0x00,0x09,0x06,0x09,0x06,0x79,0xFC,0x70,0xF8,0x00,0x00}},
    {0x72B6, {0x08,0x40,0x18,0x58,0x48,0x48,0x68,0x4C,0x38,0x40,0x3F,0xFC,0x08,0xE0,0x18,0xE0,0x18,0xE0,0x78,0xA0,0x49,0xB0,0x19,0x90,0x1B,0x18,0x1E,0x0C,0x0C,0x04,0x00,0x00}},
    {0x72B9, {0x00,0x80,0x68,0x90,0x30,0x88,0x30,0xC8,0x7F,0xFC,0x58,0x80,0x18,0xA0,0x18,0xA0,0x39,0xA0,0x69,0xA0,0x49,0x20,0x0B,0x24,0x1A,0x24,0x7E,0x3C,0x20,0x18,0x00,0x00}},
    {0x72C2, {0x00,0x00,0x6F,0xFC,0x3B,0xFC,0x18,0x60,0x38,0x60,0x68,0x60,0x08,0x60,0x1B,0xFC,0x39,0xF8,0x6C,0x60,0x48,0x60,0x08,0x60,0x08,0x60,0x3F,0xFC,0x20,0x00,0x00,0x00}},
    {0x72C4, {0x48,0x40,0x78,0x40,0x30,0x40,0x31,0x44,0x7B,0x4C,0x5B,0x4C,0x1A,0x68,0x1A,0x78,0x38,0xE0,0x68,0xF0,0x48,0x90,0x19,0x98,0x1B,0x0C,0x76,0x04,0x20,0x00,0x00,0x00}},
    {0x72D0, {0x00,0x0C,0x69,0xF8,0x3B,0x58,0x33,0x48,0x73,0x48,0x5B,0x48,0x1B,0x48,0x1A,0x48,0x3A,0x48,0x6A,0x48,0x4A,0xEC,0x1E,0x94,0x1E,0xF4,0x7C,0xF6,0x20,0x00,0x00,0x00}},
    {0x72D7, {0x24,0x80,0x3C,0x80,0x18,0xFE,0x19,0xFE,0x39,0x06,0x2F,0x06,0x0D,0xF6,0x0D,0x96,0x1D,0x96,0x35,0x96,0x2D,0xF6,0x0D,0x86,0x0C,0x04,0x0C,0x04,0x38,0x3C,0x00,0x00}},
    {0x72E0, {0x00,0x00,0x6B,0xF8,0x3A,0x08,0x32,0x08,0x73,0xF8,0x5A,0x08,0x1B,0x18,0x1B,0xF8,0x3A,0x44,0x6A,0x78,0x4A,0x70,0x1A,0x30,0x1B,0xD8,0x73,0xCC,0x22,0x00,0x00,0x00}},
    {0x72E9, {0x00,0x40,0x68,0x40,0x3B,0xFC,0x37,0x8C,0x72,0x14,0x58,0x10,0x1B,0xFC,0x1B,0xFC,0x38,0x10,0x79,0x90,0x58,0x90,0x18,0x90,0x18,0x10,0x70,0x30,0x20,0xF0,0x00,0x00}},
    {0x72EC, {0x00,0x40,0x68,0x40,0x38,0x40,0x33,0xF8,0x73,0x6C,0x5A,0x4C,0x1A,0x4C,0x1A,0x4C,0x3B,0xFC,0x78,0x60,0x58,0x48,0x18,0x4C,0x1B,0xFC,0x77,0xE4,0x20,0x00,0x00,0x00}},
    {0x72EE, {0x00,0x00,0x59,0xFC,0x71,0xFC,0x35,0x10,0x75,0xFC,0x55,0xF4,0x15,0xD4,0x35,0xD4,0x37,0xD4,0x77,0x54,0x53,0x54,0x12,0x5C,0x16,0x18,0x7C,0x10,0x00,0x10,0x00,0x00}},
    {0x72F1, {0x00,0x00,0x5A,0x10,0x73,0x1C,0x31,0x14,0x70,0x30,0x56,0x7C,0x17,0x10,0x33,0x30,0x33,0x30,0x73,0x38,0x53,0x28,0x13,0xE8,0x13,0x6C,0x72,0xC4,0x20,0x00,0x00,0x00}},
    {0x72F8, {0x48,0x00,0x7B,0xFC,0x3A,0x6C,0x32,0x4C,0x73,0xFC,0x5A,0x6C,0x1A,0x4C,0x1B,0xFC,0x38,0xF0,0x78,0x60,0x5B,0xFC,0x18,0x60,0x18,0x60,0x77,0xFC,0x20,0x00,0x00,0x00}},
    {0x72FC, {0x00,0x40,0x48,0x40,0x3B,0xF8,0x33,0x08,0x73,0x08,0x5B,0xF8,0x1B,0x08,0x1B,0xF8,0x3B,0xF8,0x7B,0x6C,0x5B,0x38,0x1B,0x30,0x1B,0xD8,0x73,0x8C,0x20,0x00,0x00,0x00}},
    {0x730E, {0x00,0x90,0x79,0x90,0x33,0xFC,0x31,0xF8,0x70,0x90,0x59,0xFC,0x1B,0xFC,0x19,0xF8,0x3B,0xFC,0x6B,0x0C,0x49,0x0C,0x19,0xF8,0x1B,0x0C,0x71,0xF8,0x21,0x08,0x00,0x00}},
    {0x7317, {0x00,0x60,0x7B,0xF8,0x33,0xFC,0x30,0x60,0x71,0xF8,0x5B,0x0C,0x1B,0x6C,0x1F,0xFC,0x38,0x08,0x7B,0xE8,0x5A,0x68,0x1B,0xE8,0x1B,0xC8,0x70,0x08,0x20,0x38,0x00,0x00}},
    {0x731B, {0x08,0x00,0x7B,0xF8,0x30,0x30,0x30,0x60,0x77,0xFC,0x50,0x60,0x18,0x40,0x19,0xC0,0x38,0x80,0x7B,0xF8,0x5E,0xAC,0x1E,0xAC,0x12,0xA8,0x1F,0xFC,0x75,0x54,0x00,0x00}},
    {0x7329, {0x08,0x00,0x7B,0xFC,0x32,0x0C,0x33,0xFC,0x72,0x0C,0x5B,0x0C,0x1B,0xF8,0x1A,0x40,0x3B,0xFC,0x7E,0x60,0x5C,0x60,0x1B,0xFC,0x18,0x40,0x17,0xFC,0x70,0x00,0x00,0x00}},
    {0x732A, {0x00,0xC0,0x68,0xC4,0x33,0xFC,0x33,0xD8,0x70,0xD0,0x5F,0xFC,0x18,0xC0,0x19,0xF8,0x3F,0xFC,0x6F,0x0C,0x59,0x8C,0x19,0xFC,0x19,0x0C,0x71,0xFC,0x21,0x88,0x00,0x00}},
    {0x732B, {0x01,0x10,0x69,0x90,0x3F,0xFC,0x37,0xFC,0x71,0x90,0x58,0x00,0x1B,0xF8,0x1B,0xFC,0x3A,0x4C,0x6A,0x6C,0x4B,0xFC,0x1A,0x4C,0x1A,0x4C,0x73,0xFC,0x22,0x0C,0x00,0x00}},
    {0x732E, {0x08,0x30,0x7E,0x38,0x7F,0x3C,0x08,0x34,0x08,0x30,0x7F,0xFC,0x45,0x30,0x55,0x30,0x7F,0x30,0x49,0x38,0x49,0x38,0x7F,0x68,0x49,0x4C,0x4B,0xC4,0x00,0x00,0x00,0x00}},
    {0x7334, {0x01,0x00,0x7B,0x78,0x33,0x08,0x32,0x08,0x77,0xFC,0x5E,0x40,0x1A,0xC8,0x32,0xFC,0x33,0xB0,0x72,0x30,0x53,0xFC,0x12,0x30,0x12,0x68,0x72,0xCC,0x02,0x84,0x00,0x00}},
    {0x733F, {0x04,0x60,0x3D,0xF8,0x19,0xF8,0x18,0x60,0x3B,0xFC,0x09,0xF8,0x09,0xEC,0x19,0x0C,0x3D,0xF8,0x2C,0xE4,0x0F,0xBC,0x0F,0x98,0x09,0xD8,0x39,0xC4,0x00,0x00,0x00,0x00}},
    {0x7350, {0x00,0x40,0x7B,0xFC,0x33,0xFC,0x31,0x90,0x77,0xFC,0x58,0x00,0x1B,0xF8,0x3B,0xF8,0x3B,0x08,0x4B,0xF8,0x58,0x40,0x1F,0xFC,0x1F,0xFC,0x70,0x40,0x20,0x40,0x00,0x00}},
    {0x7374, {0x00,0x90,0x6B,0xFC,0x33,0xFC,0x33,0xFC,0x76,0x04,0x18,0xF4,0x1A,0x08,0x3B,0xFC,0x3B,0x8C,0x4A,0xF8,0x5B,0xF8,0x1E,0xE8,0x19,0xAC,0x76,0x64,0x20,0xC0,0x00,0x00}},
    {0x7384, {0x03,0x00,0x01,0x00,0x7F,0xFC,0x7F,0xFC,0x06,0x00,0x0C,0x20,0x08,0x60,0x1F,0xC0,0x1F,0x80,0x03,0x20,0x06,0x30,0x0C,0x18,0x3F,0xF8,0x3E,0x0C,0x00,0x00,0x00,0x00}},
    {0x7387, {0x01,0x00,0x3F,0xFC,0x7F,0xFC,0x02,0x40,0x26,0xD8,0x17,0x90,0x03,0x80,0x3E,0xF0,0x6F,0xEC,0x01,0x00,0x7B,0xBC,0x7F,0xFC,0x01,0x00,0x01,0x00,0x01,0x00,0x00,0x00}},
    {0x7389, {0x00,0x00,0x3F,0xF8,0x3F,0xF8,0x01,0x00,0x01,0x00,0x01,0x00,0x03,0x80,0x3F,0xF8,0x01,0x00,0x01,0x20,0x01,0x30,0x01,0x18,0x03,0x00,0x7F,0xFC,0x00,0x00,0x00,0x00}},
    {0x738B, {0x00,0x00,0x3F,0xF8,0x3F,0xF8,0x01,0x00,0x01,0x00,0x01,0x00,0x03,0x80,0x3F,0xF8,0x01,0x00,0x01,0x00,0x01,0x00,0x01,0x00,0x01,0x00,0x7F,0xFC,0x00,0x00,0x00,0x00}},
    {0x738E, {0x00,0x00,0x7C,0x00,0x7F,0xFC,0x10,0x30,0x10,0x30,0x10,0x30,0x7C,0x30,0x10,0x30,0x10,0x30,0x10,0x30,0x14,0x30,0x3C,0x30,0x60,0x30,0x00,0xF0,0x00,0xE0,0x00,0x00}},
    {0x7391, {0x00,0x00,0x7C,0xF0,0x7D,0xF8,0x11,0x98,0x11,0x98,0x11,0x98,0x7D,0x98,0x11,0x98,0x11,0x98,0x11,0x18,0x1D,0x18,0x7F,0x1E,0x63,0x16,0x06,0x1C,0x00,0x08,0x00,0x00}},
    {0x7396, {0x00,0x80,0x40,0x80,0x7D,0xF0,0x31,0xF0,0x31,0x10,0x33,0x30,0x7B,0x30,0x7E,0x30,0x10,0x70,0x30,0x70,0x30,0xD0,0x7D,0x98,0x63,0x8C,0x07,0x0C,0x04,0x04,0x00,0x00}},
    {0x739B, {0x48,0x80,0x7D,0xFC,0x10,0x0C,0x31,0x88,0x11,0x88,0x79,0x08,0x79,0x88,0x11,0xFE,0x30,0x06,0x10,0x06,0x3F,0xFE,0x78,0x06,0x40,0x04,0x00,0x3C,0x00,0x00,0x00,0x00}},
    {0x739F, {0x00,0x40,0x78,0x40,0x78,0x60,0x33,0xFC,0x33,0xDC,0x31,0x18,0x79,0x98,0x31,0x90,0x30,0xB0,0x30,0xF0,0x30,0x60,0x7C,0xE0,0x61,0xB8,0x07,0x1C,0x04,0x04,0x00,0x00}},
    {0x73A0, {0x00,0x40,0x78,0x60,0x78,0xE0,0x31,0x90,0x33,0x18,0x36,0x0C,0x79,0x90,0x31,0x90,0x31,0x90,0x31,0x90,0x39,0x90,0x79,0x10,0x63,0x10,0x03,0x10,0x02,0x10,0x00,0x00}},
    {0x73A1, {0x00,0x00,0x7B,0xFC,0x78,0x18,0x31,0x18,0x33,0x18,0x33,0x18,0x7B,0xFC,0x33,0xFC,0x30,0x30,0x30,0xD8,0x31,0x98,0x7F,0x18,0x66,0x18,0x00,0x70,0x00,0x60,0x00,0x00}},
    {0x73A5, {0x64,0xFE,0x7F,0x86,0x10,0x86,0x18,0x86,0x18,0xFE,0x7C,0x86,0x19,0x86,0x11,0x86,0x19,0xFE,0x1F,0x86,0x7D,0x06,0x63,0x06,0x03,0x06,0x06,0x06,0x04,0x1C,0x00,0x00}},
    {0x73A9, {0x00,0x00,0x79,0xF8,0x7D,0xF8,0x10,0x00,0x30,0x00,0x30,0x00,0x7F,0xFC,0x31,0xB0,0x30,0xB0,0x31,0xB0,0x3D,0xB0,0x79,0x30,0x43,0x36,0x0E,0x1C,0x00,0x08,0x00,0x00}},
    {0x73AB, {0x00,0x80,0x40,0x80,0x7D,0x80,0x31,0xFC,0x31,0x18,0x33,0x18,0x7F,0x98,0x7C,0x90,0x10,0xB0,0x30,0x60,0x3C,0x60,0x7C,0xF0,0x61,0xB8,0x07,0x1C,0x04,0x04,0x00,0x00}},
    {0x73AE, {0x00,0x60,0x7C,0x60,0x7D,0xFC,0x13,0xFC,0x10,0x60,0x31,0xF8,0x7C,0x60,0x10,0x60,0x13,0xFC,0x10,0x64,0x14,0x64,0x3C,0x64,0x70,0x6C,0x00,0x68,0x00,0x60,0x00,0x00}},
    {0x73AF, {0x49,0xFE,0x7B,0xFE,0x30,0x20,0x30,0x60,0x30,0x60,0x78,0xF8,0x78,0xE8,0x31,0xEC,0x33,0x66,0x32,0x60,0x38,0x60,0x78,0x60,0x40,0x60,0x00,0x60,0x00,0x20,0x00,0x00}},
    {0x73B0, {0x00,0x00,0x7B,0xF8,0x7F,0x08,0x13,0x48,0x13,0x48,0x13,0x48,0x7F,0x48,0x13,0x48,0x13,0x48,0x10,0x60,0x1C,0xE0,0x7C,0xA4,0x61,0xA4,0x07,0x3C,0x04,0x00,0x00,0x00}},
    {0x73B2, {0x00,0x40,0x78,0x60,0x78,0xE0,0x31,0x90,0x31,0x18,0x32,0x4C,0x78,0x24,0x31,0xF8,0x31,0xF8,0x30,0x18,0x38,0x30,0x79,0xE0,0x60,0xE0,0x00,0x60,0x00,0x20,0x00,0x00}},
    {0x73BA, {0x08,0x00,0x1E,0x70,0x3F,0xFC,0x61,0x18,0x09,0x20,0x19,0x30,0x37,0x18,0x06,0x00,0x3F,0xF8,0x03,0x80,0x03,0x00,0x3F,0xF8,0x01,0x20,0x7F,0xFC,0x40,0x44,0x00,0x00}},
    {0x73BB, {0x00,0x40,0x78,0x60,0x33,0xFC,0x33,0xFC,0x32,0x6C,0x32,0x6C,0x7B,0xF8,0x33,0xF8,0x33,0x88,0x36,0x98,0x3E,0xF0,0x7E,0x60,0x64,0xF0,0x0D,0x9C,0x01,0x04,0x00,0x00}},
    {0x73C0, {0x00,0x20,0x3C,0x20,0x3C,0x60,0x19,0xFE,0x19,0x86,0x19,0x06,0x3D,0x06,0x19,0x06,0x19,0xFE,0x19,0x86,0x1D,0x06,0x3D,0x06,0x31,0xFE,0x01,0xFE,0x01,0x00,0x00,0x00}},
    {0x73C2, {0x00,0x00,0x7F,0xFC,0x7F,0xFC,0x30,0x08,0x33,0xE8,0x33,0x68,0x7F,0x68,0x33,0x68,0x33,0x68,0x33,0xE8,0x33,0x08,0x3C,0x08,0x70,0x08,0x00,0x78,0x00,0x30,0x00,0x00}},
    {0x73C8, {0x01,0x00,0x39,0x08,0x39,0x1E,0x13,0xD2,0x13,0xF2,0x19,0x72,0x39,0x72,0x11,0x72,0x11,0x72,0x13,0x52,0x1B,0x52,0x3A,0x5E,0x22,0x5E,0x07,0xD2,0x04,0x00,0x00,0x00}},
    {0x73C9, {0x00,0x00,0x7B,0xFC,0x7B,0x0C,0x32,0x0C,0x33,0xFC,0x33,0x68,0x7A,0x20,0x33,0xFC,0x33,0xFC,0x32,0x20,0x3A,0x30,0x7A,0x34,0x63,0xD6,0x03,0xDC,0x02,0x00,0x00,0x00}},
    {0x73CA, {0x00,0x00,0x53,0xBC,0x72,0xAC,0x26,0xAC,0x26,0xAC,0x22,0xAC,0x77,0xFC,0x27,0xFC,0x22,0xAC,0x26,0xAC,0x26,0xAC,0x7E,0xAC,0x44,0xEC,0x05,0xEC,0x00,0x08,0x00,0x00}},
    {0x73CD, {0x00,0x40,0x78,0x60,0x78,0xF0,0x31,0x98,0x33,0x0C,0x36,0x64,0x79,0xC0,0x31,0x10,0x30,0x60,0x30,0xCC,0x35,0x88,0x3C,0x18,0x60,0x60,0x03,0xC0,0x03,0x00,0x00,0x00}},
    {0x73CF, {0x00,0x00,0x6D,0xFC,0x7F,0xFC,0x10,0x60,0x10,0x60,0x10,0x60,0x7C,0x60,0x7D,0xFC,0x10,0x60,0x10,0x68,0x10,0x6C,0x3C,0x6C,0x78,0x60,0x03,0xFC,0x00,0x00,0x00,0x00}},
    {0x73D0, {0x00,0x40,0x78,0x60,0x78,0x60,0x33,0xFC,0x30,0x60,0x30,0x60,0x78,0x60,0x33,0xFC,0x33,0xE4,0x30,0xC0,0x31,0x98,0x3D,0x08,0x73,0xFC,0x03,0xFC,0x00,0x04,0x00,0x00}},
    {0x73D1, {0x00,0x80,0x78,0x90,0x78,0x98,0x30,0x80,0x37,0xFC,0x31,0xA0,0x79,0xA4,0x31,0xAC,0x31,0xB8,0x31,0x30,0x39,0x30,0x7B,0x60,0x66,0xE6,0x0D,0xBC,0x00,0x08,0x00,0x00}},
    {0x73DE, {0x00,0x80,0x48,0xE0,0x7D,0xF8,0x33,0x98,0x36,0x90,0x32,0xF0,0x78,0x60,0x79,0xF8,0x37,0x1C,0x33,0xFC,0x31,0x18,0x7D,0x08,0x61,0x08,0x01,0xF8,0x01,0x08,0x00,0x00}},
    {0x73E0, {0x00,0x60,0x7D,0x60,0x7D,0x60,0x31,0xFC,0x33,0x60,0x32,0x60,0x7C,0x60,0x33,0xFC,0x33,0xFC,0x30,0xF0,0x31,0xF8,0x3D,0x68,0x76,0x6C,0x04,0x64,0x00,0x60,0x00,0x00}},
    {0x73E5, {0x00,0x00,0x7B,0xFC,0x79,0x08,0x31,0x08,0x31,0xF8,0x31,0x98,0x79,0x08,0x31,0xF8,0x31,0xF8,0x31,0x08,0x31,0x0C,0x3F,0xFC,0x73,0x88,0x00,0x08,0x00,0x08,0x00,0x00}},
    {0x73ED, {0x00,0x80,0x78,0xFC,0x78,0xFC,0x20,0x90,0x36,0x90,0x36,0x90,0x7E,0x90,0x7C,0xFC,0x24,0xB8,0x31,0x90,0x21,0x90,0x39,0x10,0x7B,0x10,0x06,0xFC,0x04,0x00,0x00,0x00}},
    {0x73FA, {0x00,0x00,0x7B,0xF8,0x78,0xC8,0x33,0xFC,0x33,0xFC,0x30,0x88,0x79,0xFC,0x33,0xF8,0x31,0x80,0x33,0xFC,0x3F,0x0C,0x77,0x0C,0x05,0x0C,0x01,0xFC,0x01,0x8C,0x00,0x00}},
    {0x7403, {0x00,0x40,0x78,0x78,0x78,0x68,0x33,0xFC,0x30,0x60,0x32,0x64,0x7B,0x6C,0x31,0x78,0x30,0x70,0x30,0xF0,0x31,0xF8,0x3F,0x68,0x76,0x6C,0x00,0x64,0x01,0xC0,0x00,0x00}},
    {0x7405, {0x00,0x40,0x78,0x60,0x79,0xF8,0x33,0x0C,0x33,0x08,0x33,0xF8,0x7B,0x0C,0x33,0xFC,0x33,0xF8,0x33,0x6C,0x3B,0x38,0x7B,0x30,0x63,0x58,0x03,0xCC,0x02,0x00,0x00,0x00}},
    {0x7406, {0x00,0x00,0x7B,0xFC,0x7A,0x6C,0x32,0x64,0x33,0xFC,0x32,0x6C,0x7A,0x64,0x33,0xFC,0x30,0x60,0x30,0x60,0x3B,0xFC,0x78,0x60,0x60,0x60,0x07,0xFE,0x00,0x00,0x00,0x00}},
    {0x7409, {0x00,0x40,0x78,0x40,0x7F,0xFC,0x33,0xDC,0x31,0x98,0x33,0xFC,0x7B,0xFC,0x30,0x00,0x33,0x58,0x33,0x58,0x3B,0x58,0x7B,0x58,0x46,0x5A,0x0C,0x5C,0x00,0x00,0x00,0x00}},
    {0x7425, {0x00,0x40,0x78,0x78,0x78,0x78,0x33,0xFC,0x32,0x4C,0x32,0x44,0x7B,0xF0,0x32,0x7C,0x32,0x38,0x36,0xF0,0x3E,0x90,0x7E,0x90,0x44,0x96,0x0D,0x1C,0x00,0x00,0x00,0x00}},
    {0x7426, {0x00,0x60,0x79,0xF8,0x7B,0xFC,0x30,0x60,0x30,0xF8,0x33,0x8C,0x7B,0x6C,0x33,0xFC,0x30,0x08,0x33,0xE8,0x33,0x68,0x3B,0xE8,0x63,0xC8,0x02,0x08,0x00,0x38,0x00,0x00}},
    {0x742A, {0x01,0x08,0x79,0x08,0x7B,0xFC,0x33,0xFC,0x31,0x98,0x31,0xF8,0x79,0x08,0x31,0xF8,0x31,0xF8,0x31,0x98,0x37,0xFC,0x78,0x90,0x61,0x98,0x07,0x0C,0x00,0x04,0x00,0x00}},
    {0x7433, {0x01,0x10,0x7B,0x10,0x7B,0x10,0x23,0x10,0x27,0xFC,0x33,0x18,0x7B,0x38,0x33,0xB8,0x27,0x78,0x27,0x7C,0x3D,0x54,0x7B,0xD6,0x03,0x10,0x03,0x10,0x01,0x10,0x00,0x00}},
    {0x7434, {0x00,0x00,0x7E,0xFC,0x18,0x30,0x3E,0xFC,0x18,0x30,0x7E,0xFC,0x03,0x80,0x06,0xC0,0x1D,0x70,0x71,0x9C,0x61,0x84,0x1F,0xF0,0x00,0x60,0x00,0xC0,0x00,0x80,0x00,0x00}},
    {0x743C, {0x00,0x40,0x78,0x60,0x7B,0xFC,0x30,0x00,0x31,0xF8,0x33,0x0C,0x79,0x0C,0x31,0x0C,0x31,0xFC,0x30,0x60,0x31,0x68,0x7F,0x6C,0x66,0x64,0x00,0xE0,0x00,0x80,0x00,0x00}},
    {0x7444, {0x00,0x40,0x79,0xF8,0x7F,0xFC,0x36,0x04,0x33,0xF8,0x30,0x00,0x78,0xF0,0x33,0xF8,0x33,0xF8,0x33,0x08,0x33,0x08,0x79,0xF8,0x60,0x00,0x07,0xFC,0x03,0xFC,0x00,0x00}},
    {0x7459, {0x01,0x24,0x7B,0x6C,0x7E,0xD8,0x36,0xD8,0x32,0x48,0x33,0x24,0x78,0x60,0x33,0xFC,0x33,0xBC,0x32,0xB4,0x3E,0x64,0x7E,0xF4,0x43,0x94,0x03,0xFC,0x02,0x04,0x00,0x00}},
    {0x745A, {0x01,0x00,0x39,0x9E,0x39,0x12,0x13,0xF2,0x13,0x96,0x19,0x9E,0x39,0x12,0x13,0xD2,0x13,0xDE,0x12,0x56,0x1A,0x72,0x3F,0xF2,0x23,0xE2,0x02,0x66,0x00,0x0E,0x00,0x00}},
    {0x745C, {0x00,0x40,0x78,0xE0,0x79,0xB0,0x27,0x1C,0x27,0xFC,0x30,0x00,0x7F,0xD4,0x26,0xF4,0x27,0xF4,0x26,0xF4,0x36,0xF4,0x3F,0xF4,0xF6,0xC4,0x06,0xCC,0x00,0x1C,0x00,0x00}},
    {0x745E, {0x00,0x40,0x7A,0x6C,0x7A,0x44,0x23,0xFC,0x20,0x00,0x30,0x00,0x7F,0xFC,0x30,0x40,0x33,0xFC,0x22,0xFC,0x32,0x94,0x3A,0xB4,0x72,0xB4,0x02,0x94,0x02,0x9C,0x00,0x00}},
    {0x745F, {0x00,0x00,0x7F,0xFC,0x18,0x30,0x3E,0xFC,0x3C,0x78,0x18,0x30,0x7F,0xFC,0x66,0x10,0x03,0x30,0x34,0xE0,0x24,0xD8,0x67,0x8C,0x4E,0x24,0x3C,0x34,0x77,0xE0,0x00,0x00}},
    {0x7467, {0x00,0x40,0x7B,0xF8,0x7B,0xFC,0x20,0x40,0x33,0xF8,0x30,0xC0,0x7F,0xFC,0x31,0x18,0x37,0xEC,0x34,0x44,0x3B,0xFC,0x78,0xF0,0x61,0x58,0x06,0x48,0x00,0x40,0x00,0x00}},
    {0x7470, {0x00,0x40,0x79,0xF0,0x7B,0xFC,0x32,0x4C,0x32,0x6C,0x33,0xFC,0x7A,0x4C,0x33,0xFC,0x31,0xF8,0x30,0xC8,0x30,0xFC,0x79,0xFC,0x63,0x64,0x06,0x7C,0x00,0x00,0x00,0x00}},
    {0x7476, {0x00,0x08,0x7B,0xF8,0x7B,0xC0,0x22,0x48,0x33,0x48,0x33,0x18,0x7B,0xFC,0x36,0x40,0x30,0x40,0x37,0xFC,0x30,0x40,0x3A,0x4C,0x62,0x4C,0x03,0xFC,0x00,0x0C,0x00,0x00}},
    {0x747E, {0x01,0x08,0x7B,0xFC,0x7B,0xFC,0x31,0xF8,0x30,0x60,0x33,0xFC,0x7A,0x64,0x33,0xFC,0x30,0x60,0x33,0xFC,0x38,0x60,0x39,0xF8,0x61,0xF8,0x07,0xFC,0x03,0x9C,0x00,0x00}},
    {0x7480, {0x00,0x60,0x7A,0x64,0x7A,0x64,0x33,0xFC,0x33,0xF8,0x33,0x20,0x7B,0xFC,0x33,0xFC,0x37,0xFC,0x33,0x30,0x3B,0x20,0x7B,0xFC,0x62,0x20,0x03,0xFC,0x03,0x00,0x00,0x00}},
    {0x7483, {0x00,0x40,0x3D,0xFC,0x3B,0xFC,0x11,0x1C,0x11,0x6C,0x39,0x8C,0x39,0xFC,0x10,0x60,0x11,0xFC,0x13,0xFC,0x1E,0x54,0x7B,0xFC,0x03,0x8C,0x03,0x0C,0x00,0x00,0x00,0x00}},
    {0x7484, {0x00,0x40,0x3D,0xFC,0x39,0x98,0x10,0x90,0x13,0xFC,0x39,0xF8,0x3B,0x0C,0x13,0x08,0x13,0xF8,0x13,0xFC,0x1C,0xF0,0x38,0xB0,0x01,0xB6,0x07,0x1C,0x00,0x00,0x00,0x00}},
    {0x7487, {0x00,0x20,0x72,0x60,0x73,0x7C,0x2F,0xFC,0x26,0xC0,0x36,0x7C,0x77,0x14,0x25,0x94,0x25,0x50,0x25,0x5C,0x25,0xD0,0x7D,0xF0,0x6D,0xF0,0x0B,0x9C,0x02,0x00,0x00,0x00}},
    {0x748B, {0x00,0x40,0x79,0xEC,0x7B,0xFC,0x31,0x90,0x37,0xFC,0x30,0x00,0x7B,0xFC,0x33,0xFC,0x33,0x0C,0x33,0xFC,0x38,0x60,0x3F,0xFC,0x63,0xFC,0x00,0x60,0x00,0x60,0x00,0x00}},
    {0x7490, {0x00,0x20,0x77,0xB0,0x75,0xBC,0x25,0xEC,0x25,0xF8,0x27,0xD8,0x73,0x18,0x23,0x38,0x25,0xE4,0x27,0x7C,0x27,0x6C,0x7D,0x64,0xE7,0xE4,0x0E,0x7C,0x00,0x24,0x00,0x00}},
    {0x749C, {0x00,0x90,0x7B,0xF8,0x7B,0xFC,0x31,0x90,0x37,0xFC,0x30,0x60,0x79,0xF0,0x33,0xFC,0x33,0xFC,0x32,0x6C,0x32,0x6C,0x7B,0xF8,0x61,0x10,0x07,0x0C,0x06,0x04,0x00,0x00}},
    {0x749E, {0x00,0xA0,0x7A,0xBC,0x7A,0xB8,0x27,0xFC,0x31,0x98,0x31,0x98,0x7B,0xBC,0x33,0xFC,0x33,0xF8,0x30,0x60,0x30,0x60,0x3F,0xFC,0x70,0xF0,0x03,0x9C,0x06,0x0C,0x00,0x00}},
    {0x749F, {0x00,0x00,0x7B,0xFC,0x7B,0x0C,0x33,0xFC,0x33,0xFC,0x30,0x40,0x78,0x60,0x37,0xFC,0x31,0xF8,0x33,0x18,0x3B,0xF8,0x78,0x40,0xE3,0x48,0x06,0x44,0x04,0xC0,0x00,0x00}},
    {0x74A8, {0x01,0x00,0x71,0xB8,0x73,0x3C,0x27,0xAC,0x24,0xB8,0x33,0xB8,0x73,0x64,0x26,0x40,0x23,0x58,0x21,0x50,0x27,0xFC,0x39,0xF0,0x63,0x58,0x06,0x4C,0x00,0x40,0x00,0x00}},
    {0x74B0, {0x00,0x00,0x53,0xFC,0x7A,0xA4,0x23,0xFC,0x20,0x00,0x27,0xFC,0x71,0xF0,0x23,0xF8,0x22,0x08,0x23,0xF8,0x31,0xEC,0x7F,0x3C,0xE7,0x18,0x03,0xCC,0x01,0x04,0x00,0x00}},
    {0x74DC, {0x00,0x00,0x00,0xF8,0x1F,0xF0,0x33,0x10,0x33,0x10,0x33,0x10,0x33,0x10,0x33,0x10,0x33,0x18,0x33,0x18,0x22,0x48,0x26,0x48,0x67,0xEC,0x46,0x24,0x00,0x00,0x00,0x00}},
    {0x74E2, {0x00,0x0C,0x7F,0x7C,0x00,0xE8,0x7E,0xA8,0x7E,0xA8,0x7F,0xA8,0x7E,0xA8,0x3C,0xA8,0x3C,0xAC,0x7F,0xAC,0x18,0xBC,0x6E,0xEC,0x4B,0xFC,0x4B,0x7E,0x39,0x04,0x00,0x00}},
    {0x74E3, {0x00,0x90,0x23,0xD8,0x7F,0xBC,0x5F,0xBC,0x4F,0xA4,0x57,0x9C,0x7F,0xFC,0x7F,0xFC,0x27,0x58,0x7F,0x58,0x37,0x7C,0x27,0xD8,0x27,0xD8,0x6F,0xD8,0x40,0x18,0x00,0x00}},
    {0x74E6, {0x7F,0xF8,0xFF,0xFC,0x08,0x00,0x18,0x00,0x1F,0xE0,0x18,0x60,0x18,0x20,0x16,0x60,0x13,0x60,0x31,0x20,0x31,0x24,0x30,0x64,0x37,0xA4,0x7F,0x3C,0x00,0x18,0x00,0x00}},
    {0x74EF, {0x05,0xFC,0xFE,0xC0,0xC0,0x80,0xE4,0xF0,0xF4,0xF8,0xDC,0x98,0xD8,0xD8,0xC8,0xF8,0xDC,0xB8,0xD4,0xB8,0xF6,0x98,0xE1,0x98,0xC1,0x9A,0xFF,0xFC,0x01,0x80,0x00,0x00}},
    {0x74F4, {0x00,0x00,0x19,0xFC,0x19,0xFC,0x34,0x80,0x26,0xC0,0x5A,0xF8,0x08,0x88,0x3C,0xC8,0x3E,0xE8,0x04,0xB8,0x0C,0xB8,0x38,0x88,0x19,0xFE,0x0D,0xEC,0x00,0x00,0x00,0x00}},
    {0x74F6, {0x00,0x00,0x27,0xFC,0x25,0xFC,0x7E,0x80,0x7E,0xC0,0x24,0xF8,0x24,0x88,0x7E,0xC8,0x7F,0xA8,0x24,0xB8,0x24,0x98,0x24,0x88,0x65,0xFC,0x45,0xFC,0x00,0x00,0x00,0x00}},
    {0x74F7, {0x01,0x00,0x33,0xF8,0x1B,0xFC,0x06,0xC8,0x08,0xE0,0x7B,0xB0,0x46,0x0C,0x7F,0xFC,0x3C,0x18,0x0F,0xE0,0x1A,0x20,0x1B,0x20,0x11,0x24,0x3F,0x3C,0x20,0x00,0x00,0x00}},
    {0x7504, {0x00,0x00,0x7F,0x7C,0x3C,0xFC,0x7E,0x40,0x7E,0x40,0x5A,0xF8,0x4A,0xC8,0x7E,0xC8,0x7E,0xE8,0x18,0xB8,0x7E,0x98,0x18,0x88,0x1F,0x9E,0x7D,0xFC,0x00,0x80,0x00,0x00}},
    {0x7518, {0x18,0x30,0x18,0x30,0x18,0x30,0x7F,0xFC,0x7F,0xFC,0x18,0x30,0x18,0x30,0x18,0x30,0x1F,0xF0,0x18,0x30,0x18,0x30,0x18,0x30,0x1F,0xF0,0x1F,0xF0,0x18,0x30,0x00,0x00}},
    {0x751C, {0x0C,0x88,0x7C,0x88,0x10,0x8C,0x13,0xFC,0x19,0x8C,0x7E,0x88,0x10,0x88,0x10,0x88,0x7C,0xF8,0x6E,0x88,0x44,0x88,0x44,0x88,0x7C,0xF8,0x7C,0xF8,0x40,0x88,0x00,0x00}},
    {0x751F, {0x00,0x00,0x01,0x00,0x19,0x00,0x11,0x00,0x3F,0xF8,0x3F,0xF8,0x61,0x00,0x41,0x00,0x01,0x00,0x3F,0xF8,0x01,0x00,0x01,0x00,0x01,0x00,0x01,0x00,0x7F,0xFC,0x00,0x00}},
    {0x7528, {0x0F,0x7C,0x1F,0xFE,0x18,0xC2,0x18,0xC2,0x1F,0xFE,0x1F,0xFE,0x18,0xC2,0x18,0xC2,0x1B,0xFE,0x1F,0xFE,0x10,0xC2,0x10,0xC2,0x30,0xC2,0x20,0xDE,0x00,0x08,0x00,0x00}},
    {0x752A, {0x00,0x80,0x01,0x80,0x0F,0xFC,0x1F,0xFC,0x10,0x84,0x19,0x84,0x1F,0xFC,0x18,0x84,0x10,0x84,0x1F,0xFC,0x19,0x8C,0x10,0x84,0x30,0x84,0x30,0x84,0x20,0x3C,0x00,0x00}},
    {0x752B, {0x01,0x20,0x01,0x30,0x7F,0xFC,0x2F,0xE0,0x01,0x00,0x3F,0xF8,0x21,0x08,0x3F,0xF8,0x3F,0xF8,0x21,0x08,0x37,0x98,0x3F,0xF8,0x21,0x08,0x31,0x38,0x20,0x20,0x00,0x00}},
    {0x752C, {0x00,0x00,0x1F,0xF8,0x04,0x70,0x07,0xE0,0x03,0xE0,0x3F,0xFC,0x31,0x84,0x3F,0xFC,0x3F,0xFC,0x31,0x8C,0x35,0x8C,0x3F,0xFC,0x31,0x8C,0x31,0x8C,0x31,0xBC,0x00,0x00}},
    {0x7530, {0x3F,0xFC,0x3F,0xFE,0x61,0x86,0x61,0x86,0x61,0x86,0x61,0x86,0x3F,0xFE,0x7F,0xFE,0x61,0x86,0x61,0x86,0x61,0x86,0x61,0x86,0x3F,0xFE,0x7F,0xFE,0x20,0x04,0x00,0x00}},
    {0x7531, {0x01,0x80,0x01,0x80,0x01,0x80,0x3F,0xFC,0x3F,0xFC,0x21,0x84,0x21,0x84,0x21,0x84,0x3F,0xFC,0x31,0x8C,0x21,0x84,0x21,0x84,0x3F,0xFC,0x3F,0xFC,0x20,0x04,0x00,0x00}},
    {0x7532, {0x1F,0x78,0x3F,0xFC,0x31,0x8C,0x31,0x8C,0x3F,0xFC,0x3F,0xFC,0x31,0x8C,0x31,0x8C,0x3F,0xFC,0x3F,0xFC,0x21,0x84,0x01,0x80,0x01,0x80,0x01,0x80,0x01,0x80,0x00,0x00}},
    {0x7533, {0x01,0x00,0x01,0x00,0x3F,0xF8,0x3F,0xF8,0x21,0x08,0x21,0x88,0x3F,0xF8,0x21,0x08,0x21,0x08,0x3F,0xF8,0x33,0x88,0x01,0x00,0x01,0x00,0x01,0x00,0x01,0x00,0x00,0x00}},
    {0x7535, {0x02,0x00,0x02,0x00,0x7F,0xF0,0x7F,0xF0,0x62,0x10,0x63,0x10,0x7F,0xF0,0x62,0x10,0x62,0x10,0x7F,0xF0,0x67,0x00,0x02,0x0C,0x02,0x08,0x03,0xF8,0x01,0xF0,0x00,0x00}},
    {0x7537, {0x1F,0xFC,0x19,0x8C,0x10,0x8C,0x1F,0xFC,0x19,0x8C,0x19,0x8C,0x1F,0xF8,0x01,0x80,0x3F,0xFC,0x03,0x0C,0x03,0x0C,0x06,0x0C,0x1C,0x0C,0x38,0x78,0x00,0x00,0x00,0x00}},
    {0x7538, {0x04,0x00,0x0C,0x00,0x0F,0xFC,0x1F,0xFC,0x10,0x0C,0x3F,0xCC,0x3B,0x6C,0x0B,0x6C,0x1F,0xEC,0x1B,0x6C,0x1B,0x6C,0x1F,0xE8,0x08,0x08,0x00,0x78,0x00,0x00,0x00,0x00}},
    {0x753A, {0x00,0x00,0xFD,0xFC,0xB6,0x38,0x96,0x10,0x96,0x10,0x96,0x10,0xFC,0x10,0xB6,0x10,0x96,0x10,0x96,0x10,0x96,0x10,0xFE,0x10,0xFC,0x10,0x80,0xF0,0x00,0x60,0x00,0x00}},
    {0x753B, {0x3F,0xFC,0x3F,0xFC,0x00,0x00,0x07,0xE0,0x0F,0xF4,0x69,0x96,0x69,0xB6,0x6F,0xF6,0x69,0x96,0x6D,0xB6,0x6F,0xF6,0x60,0x06,0x60,0x06,0x7F,0xFE,0x00,0x06,0x00,0x00}},
    {0x7545, {0x10,0x00,0x11,0xF8,0x7C,0x30,0x7C,0x20,0x54,0xC0,0x7F,0xFC,0x7F,0xFC,0x54,0xD4,0x54,0x94,0x7F,0xA4,0x53,0x6C,0x10,0x4C,0x10,0xCC,0x11,0xB8,0x10,0x10,0x00,0x00}},
    {0x754C, {0x00,0x00,0x3F,0xF8,0x31,0x18,0x3F,0xF8,0x33,0x18,0x31,0x18,0x3F,0xF8,0x0C,0x60,0x18,0x30,0x7C,0x7C,0x4C,0x64,0x0C,0x60,0x08,0x60,0x38,0x60,0x30,0x60,0x00,0x00}},
    {0x7554, {0x00,0x20,0x3D,0x6C,0x7D,0x2C,0x55,0xA8,0x55,0xA8,0x7D,0xF8,0x7D,0xFC,0x54,0x20,0x54,0x60,0x57,0xFC,0x7C,0x60,0x7C,0x60,0x40,0x60,0x00,0x60,0x00,0x20,0x00,0x00}},
    {0x7559, {0x0C,0x00,0x3D,0xFC,0x20,0x4C,0x24,0x4C,0x26,0xCC,0x2E,0xCC,0x7F,0x98,0x01,0x10,0x1F,0xF0,0x31,0x18,0x31,0x18,0x1F,0xF8,0x31,0x18,0x1F,0xF8,0x10,0x10,0x00,0x00}},
    {0x755C, {0x01,0x00,0x3B,0xF8,0x7F,0xFC,0x0C,0x40,0x1F,0xC0,0x07,0x30,0x0E,0x70,0x3F,0xF8,0x20,0x00,0x1F,0xF8,0x33,0x98,0x3F,0xF8,0x31,0x18,0x3F,0xF8,0x30,0x10,0x00,0x00}},
    {0x7565, {0x00,0x40,0x3C,0xF0,0x7C,0xFC,0x57,0x88,0x57,0xD8,0x7E,0x70,0x7C,0x70,0x54,0xD8,0x57,0x8E,0x57,0xFC,0x7D,0x8C,0x7D,0x8C,0x41,0x8C,0x01,0xFC,0x01,0x8C,0x00,0x00}},
    {0x756A, {0x00,0x10,0x3F,0xF0,0x3F,0x90,0x19,0x30,0x09,0x20,0x7F,0xFC,0x07,0xC0,0x19,0x30,0x7F,0xFC,0x73,0x9C,0x11,0x18,0x1F,0xF8,0x11,0x18,0x1F,0xF8,0x10,0x10,0x00,0x00}},
    {0x756B, {0x00,0x00,0x03,0x00,0x1F,0xF8,0x7F,0xFC,0x03,0x98,0x1F,0xF8,0x03,0x80,0x3F,0xF8,0x7F,0xFC,0x1C,0xF0,0x3F,0xF8,0x3F,0xF8,0x37,0xD8,0x00,0x00,0x7F,0xFC,0x00,0x00}},
    {0x7574, {0x00,0x40,0x39,0xFC,0x7F,0xFC,0x54,0x40,0x55,0xFC,0x7C,0xC0,0x7F,0xFC,0x57,0xFC,0x74,0x88,0x55,0xFC,0x7D,0x88,0x7F,0x48,0x46,0x68,0x04,0x18,0x00,0x38,0x00,0x00}},
    {0x7579, {0x00,0x20,0x38,0xF0,0x7F,0xFC,0x57,0x04,0x55,0x00,0x7D,0xFC,0x7F,0x64,0x56,0x64,0x57,0xE4,0x55,0xB4,0x7C,0xBC,0x7D,0xB0,0x41,0x30,0x03,0x36,0x02,0x1C,0x00,0x00}},
    {0x7581, {0x03,0xFC,0xF8,0xCC,0xBA,0xFC,0xF9,0xDC,0xBB,0xFC,0xF8,0x60,0xF8,0xF0,0xBB,0x1C,0xFE,0x4C,0xB9,0x90,0xF8,0x60,0xF1,0xD8,0x80,0x30,0x01,0xC0,0x03,0x00,0x00,0x00}},
    {0x7586, {0x00,0x00,0x7F,0xFC,0x0C,0x00,0x09,0xF8,0x79,0xF8,0x61,0x68,0x61,0xF8,0x7F,0xFC,0x0D,0xF8,0x7D,0x6C,0x2D,0xFC,0x79,0x6C,0x49,0xF8,0x3F,0xFC,0x00,0x00,0x00,0x00}},
    {0x758F, {0x00,0x20,0x7C,0x20,0x7F,0xFC,0x09,0xFC,0x18,0xD8,0x51,0x9C,0x59,0xFC,0x5C,0x00,0x59,0xE8,0x59,0xE8,0x5D,0xE8,0x7D,0x68,0x63,0x6E,0x02,0x6C,0x00,0x00,0x00,0x00}},
    {0x7597, {0x00,0x80,0x00,0x80,0x1F,0xFC,0x58,0x04,0x70,0x00,0x77,0xFC,0x10,0x18,0x10,0x70,0x70,0x40,0xF0,0x40,0x30,0x40,0x30,0x40,0x20,0x40,0x60,0xC0,0x43,0xC0,0x00,0x00}},
    {0x75AB, {0x00,0x80,0x00,0x80,0x1F,0xFC,0x1C,0x0C,0x73,0xF0,0x73,0x30,0x33,0x30,0x16,0x1C,0x34,0x08,0x77,0xF8,0x32,0x10,0x33,0x30,0x21,0xE0,0x67,0xF8,0x4E,0x1C,0x00,0x00}},
    {0x75AF, {0x00,0x80,0x07,0xFC,0x1F,0xFC,0x50,0x00,0x57,0xF8,0x74,0x18,0x36,0x38,0x17,0x58,0x75,0xD8,0x74,0xD8,0x34,0xC8,0x35,0x38,0x2F,0x3C,0x68,0x0C,0x00,0x00,0x00,0x00}},
    {0x75BE, {0x00,0x80,0x00,0x80,0x1F,0xFC,0x1F,0x20,0x73,0x00,0x33,0xFC,0x16,0x40,0x14,0x40,0x30,0x40,0x77,0xFC,0x30,0xE0,0x30,0xE0,0x21,0xB0,0x67,0x1C,0x44,0x04,0x00,0x00}},
    {0x75C5, {0x00,0xC0,0x00,0xC0,0x0F,0xFC,0x28,0x00,0x3F,0xFC,0x38,0x40,0x08,0x60,0x0B,0xFC,0x3A,0x44,0x3A,0x64,0x1A,0xF4,0x13,0x9C,0x32,0x04,0x22,0x1C,0x00,0x00,0x00,0x00}},
    {0x75C7, {0x00,0x80,0x07,0xFC,0x1F,0xFC,0x50,0x00,0x70,0x00,0x77,0xFC,0x30,0x40,0x10,0x40,0x32,0x7C,0x72,0x78,0x32,0x40,0x36,0x40,0x26,0x40,0x6F,0xFC,0x40,0x00,0x00,0x00}},
    {0x75D8, {0x00,0x80,0x07,0xFC,0x1F,0xFC,0x50,0x00,0x77,0xFC,0x70,0x00,0x33,0xF0,0x13,0xF8,0x36,0x08,0x76,0x08,0x73,0xF8,0x33,0x10,0x21,0x30,0x6F,0xFC,0x04,0x04,0x00,0x00}},
    {0x7624, {0x00,0x80,0x0F,0xFC,0x1F,0xFC,0x51,0x00,0x77,0x7C,0x74,0x2C,0x35,0xA4,0x17,0xFC,0x70,0x40,0x77,0xF8,0x36,0xC8,0x27,0xF8,0x24,0x48,0x67,0xF8,0x46,0x08,0x00,0x00}},
    {0x7626, {0x00,0x80,0x1F,0xFC,0x1F,0xFC,0x50,0x38,0x76,0xCC,0x3C,0xCC,0x16,0xD8,0x37,0xFC,0x73,0xF0,0xF0,0xC0,0x3F,0xF8,0x36,0x18,0x21,0xE0,0x67,0xFC,0x4E,0x1C,0x00,0x00}},
    {0x764C, {0x00,0x80,0x0F,0xFC,0x1F,0xFC,0x53,0xF0,0x72,0x18,0x72,0x18,0x33,0xF0,0x17,0x3C,0x3D,0xEC,0xFF,0xBC,0x30,0x00,0x24,0xC4,0x2C,0xCC,0x6F,0xFC,0x40,0x0C,0x00,0x00}},
    {0x767B, {0x00,0x90,0x3E,0xB0,0x06,0xE4,0x3C,0x6C,0x1C,0x70,0x3F,0xF8,0x60,0x0C,0x1F,0xF0,0x10,0x30,0x10,0x30,0x1F,0xF0,0x0C,0x60,0x04,0x40,0x7F,0xFC,0x00,0x04,0x00,0x00}},
    {0x767C, {0x00,0x90,0x3E,0xB0,0x24,0xEC,0x3C,0x78,0x18,0x38,0x7C,0xFC,0x05,0xB4,0x3F,0xB0,0x3B,0x1C,0x21,0xF8,0x3D,0x90,0x04,0xF0,0x04,0xF0,0x3D,0x98,0x00,0x00,0x00,0x00}},
    {0x767D, {0x01,0x00,0x01,0x00,0x03,0x00,0x3F,0xFC,0x30,0x0C,0x30,0x0C,0x30,0x0C,0x3F,0xFC,0x3F,0xFC,0x30,0x0C,0x30,0x0C,0x30,0x0C,0x3F,0xFC,0x3F,0xFC,0x30,0x0C,0x00,0x00}},
    {0x767E, {0x7F,0xFE,0x01,0x80,0x01,0x00,0x01,0x00,0x1F,0xF8,0x18,0x18,0x10,0x08,0x10,0x08,0x1F,0xF8,0x10,0x08,0x10,0x08,0x10,0x08,0x1F,0xF8,0x1F,0xF8,0x10,0x08,0x00,0x00}},
    {0x7684, {0x18,0x40,0x18,0xC0,0x3E,0xFC,0x66,0xFC,0x67,0x84,0x67,0x0C,0x66,0xCC,0x7E,0x4C,0x66,0x6C,0x66,0x2C,0x66,0x0C,0x6E,0x08,0x7C,0x08,0x00,0x78,0x00,0x00,0x00,0x00}},
    {0x7687, {0x01,0x00,0x0F,0xE0,0x3F,0xF8,0x30,0x18,0x1F,0xF8,0x30,0x18,0x3F,0xF8,0x1F,0xF0,0x3F,0xF8,0x03,0x80,0x01,0x00,0x1F,0xF0,0x01,0x00,0x7F,0xFC,0x7E,0xFC,0x00,0x00}},
    {0x768B, {0x01,0x00,0x1F,0xF0,0x3F,0xF8,0x3F,0xF8,0x30,0x18,0x30,0x18,0x3F,0xF8,0x06,0x00,0x7F,0xFC,0x1C,0x70,0x19,0x30,0x7F,0xFC,0x4F,0xF4,0x01,0x00,0x01,0x00,0x00,0x00}},
    {0x7693, {0x10,0x60,0x11,0x20,0x39,0xFC,0x7B,0xFC,0x6F,0x60,0x4E,0x60,0x7F,0xFC,0x7F,0xFC,0x6C,0x00,0x49,0xFC,0x69,0x0C,0x79,0x0C,0x61,0x0C,0x01,0xFC,0x01,0x0C,0x00,0x00}},
    {0x7695, {0x00,0x00,0x7F,0xFC,0x18,0x30,0x18,0x20,0x10,0x20,0x7E,0xFC,0x62,0x8C,0x62,0x84,0x62,0x8C,0x7E,0xFC,0x66,0x8C,0x42,0x84,0x62,0x84,0x7E,0xFC,0x60,0x8C,0x00,0x00}},
    {0x7696, {0x10,0x40,0x10,0x60,0x3B,0xFC,0x7F,0x94,0x6E,0x04,0x6D,0xF8,0x7C,0x00,0x7C,0x00,0x6F,0xFC,0x6C,0xD0,0x6C,0x90,0x7D,0x90,0x61,0x96,0x07,0x1C,0x00,0x08,0x00,0x00}},
    {0x76AE, {0x01,0x80,0x01,0x80,0x1F,0xF8,0x3F,0xFC,0x21,0x88,0x21,0x88,0x3F,0xF0,0x3F,0xF8,0x24,0x10,0x26,0x30,0x23,0x60,0x61,0xC0,0x63,0xE0,0xDE,0x3C,0x18,0x0C,0x00,0x00}},
    {0x76B1, {0x10,0x10,0x38,0x30,0x3E,0xFC,0x24,0xFC,0x64,0xB4,0x4C,0xB0,0x7E,0xF8,0x06,0xFC,0x02,0xCC,0x3E,0xE8,0x06,0xB8,0x03,0xB0,0x7F,0xB8,0x7F,0xEC,0x02,0xC4,0x00,0x00}},
    {0x76C6, {0x04,0x40,0x0C,0x20,0x18,0x18,0x7F,0xFC,0x4F,0xF4,0x06,0x30,0x0C,0x20,0x38,0xE0,0x30,0xC0,0x3F,0xF8,0x36,0xD8,0x36,0xC8,0x26,0xC8,0x7F,0xFC,0x5F,0xF4,0x00,0x00}},
    {0x76C8, {0x00,0x00,0x7F,0xE0,0x08,0x20,0x1F,0x60,0x1D,0xFC,0x1D,0x0C,0x37,0x0C,0x6F,0xB8,0x48,0x30,0x3F,0xF8,0x36,0xD8,0x36,0xD8,0x36,0xD8,0x7F,0xFC,0x5F,0xF4,0x00,0x00}},
    {0x76CA, {0x08,0x30,0x08,0x30,0x0C,0x60,0x7F,0xFC,0x73,0x8C,0x0C,0x60,0x18,0x78,0x70,0x0C,0x3F,0xF0,0x36,0xD8,0x36,0xD8,0x36,0xD8,0x36,0xD8,0x7F,0xFC,0x7F,0xFC,0x00,0x00}},
    {0x76CF, {0x06,0xC0,0x06,0x68,0x3F,0xF8,0x7B,0x00,0x03,0xFC,0x7F,0x98,0x01,0xB0,0x03,0xE4,0x3E,0x7C,0x20,0x18,0x3F,0xF8,0x36,0xD8,0x36,0xD8,0x7F,0xFC,0x49,0x24,0x00,0x00}},
    {0x76D0, {0x08,0x40,0x08,0x40,0x7E,0x60,0x7E,0x70,0x08,0x5C,0x08,0x44,0x3F,0x40,0x78,0x40,0x00,0x00,0x3F,0xF8,0x26,0xC8,0x26,0xC8,0x26,0xC8,0x7F,0xFC,0x59,0x34,0x00,0x00}},
    {0x76D1, {0x04,0x40,0x24,0x40,0x24,0xFC,0x24,0xFC,0x25,0x80,0x25,0xB0,0x25,0x18,0x24,0x08,0x00,0x00,0x3F,0xF8,0x36,0xD8,0x36,0xD8,0x36,0xC8,0x7F,0xFC,0x5F,0xF4,0x00,0x00}},
    {0x76D2, {0x01,0x00,0x03,0x80,0x04,0x60,0x1F,0xF8,0x70,0x0C,0x40,0x00,0x1F,0xF0,0x1F,0xF0,0x0F,0xE0,0x00,0x00,0x3F,0xF8,0x36,0xC8,0x26,0xC8,0x7F,0xFC,0x7F,0xFC,0x00,0x00}},
    {0x76D4, {0x08,0x00,0x7F,0xFC,0x7F,0xFC,0x18,0x80,0x16,0x98,0x34,0x90,0x61,0xC0,0x43,0x70,0x1E,0x1C,0x18,0x08,0x3F,0xF8,0x36,0xD8,0x36,0xD8,0x7F,0xFC,0x7F,0xFC,0x00,0x00}},
    {0x76D6, {0x08,0x20,0x0C,0x20,0x3F,0xF8,0x33,0x98,0x01,0x00,0x3F,0xF8,0x01,0x00,0x7F,0xFC,0x00,0x00,0x3F,0xF8,0x36,0xD8,0x36,0xC8,0x26,0xC8,0x7F,0xFC,0x59,0x34,0x00,0x00}},
    {0x76D7, {0x01,0x00,0x73,0x30,0x13,0xFC,0x06,0xCC,0x04,0xC8,0x18,0xE0,0x31,0xB0,0x67,0x1C,0x0C,0x0C,0x3F,0xF8,0x36,0xD8,0x36,0xD8,0x36,0xD8,0x7F,0xFC,0x7F,0xFC,0x00,0x00}},
    {0x76D8, {0x01,0x00,0x0F,0xF0,0x1F,0xF0,0x11,0x10,0x19,0x98,0x7F,0xFC,0x12,0x10,0x31,0x90,0x60,0x70,0x3F,0xF8,0x36,0xD8,0x36,0xD8,0x36,0xD8,0x7F,0xFC,0x59,0x34,0x00,0x00}},
    {0x76DB, {0x01,0xA0,0x0F,0xB8,0x3F,0xFC,0x20,0x88,0x3E,0xD8,0x26,0x70,0x22,0x64,0x6F,0xF4,0x49,0x9C,0x40,0x00,0x3F,0xF8,0x36,0xD8,0x36,0xD8,0x7F,0xFC,0x7F,0xFC,0x00,0x00}},
    {0x76DF, {0x00,0x00,0x7C,0xFC,0x64,0x8C,0x7C,0xFC,0x64,0x8C,0x64,0x8C,0x7D,0xFC,0x7D,0x0C,0x03,0x18,0x3F,0xF8,0x36,0xD8,0x36,0xD8,0x36,0xD8,0x7F,0xFC,0x59,0x34,0x00,0x00}},
    {0x76EE, {0x1F,0xF8,0x1F,0xF8,0x10,0x08,0x10,0x08,0x1F,0xF8,0x1F,0xF8,0x10,0x08,0x10,0x08,0x1F,0xF8,0x1F,0xF8,0x10,0x08,0x10,0x08,0x1F,0xF8,0x1F,0xF8,0x10,0x08,0x00,0x00}},
    {0x76F2, {0x01,0x00,0x0F,0xF8,0x7F,0xFC,0x10,0x00,0x10,0x00,0x1F,0xF8,0x00,0x00,0x1F,0xF0,0x10,0x10,0x1F,0xF0,0x18,0x10,0x1F,0xF0,0x10,0x10,0x1F,0xF0,0x10,0x10,0x00,0x00}},
    {0x76F4, {0x00,0x00,0x01,0x00,0x3F,0xF8,0x7F,0xFC,0x03,0x00,0x1F,0xF0,0x10,0x10,0x1F,0xF0,0x1F,0xF0,0x1F,0xF0,0x10,0x10,0x18,0x30,0x1F,0xF0,0x10,0x18,0x7F,0xFC,0x00,0x00}},
    {0x76F8, {0x08,0x00,0x08,0xFC,0x08,0xFE,0x3F,0x86,0x3E,0x86,0x08,0xFE,0x1C,0x86,0x1C,0x86,0x1E,0x86,0x39,0xFE,0x68,0x86,0x08,0x86,0x08,0xFE,0x08,0xFE,0x08,0x82,0x00,0x00}},
    {0x76FE, {0x00,0x08,0x1F,0xF8,0x3F,0x80,0x20,0x80,0x3F,0xFC,0x30,0x80,0x27,0xF0,0x2F,0xF8,0x2F,0xF8,0x2C,0x08,0x2C,0x08,0x2F,0xF8,0x6C,0x08,0x4F,0xF8,0x4C,0x08,0x00,0x00}},
    {0x7701, {0x00,0x80,0x04,0x98,0x0C,0x8C,0x18,0x9E,0x30,0xF6,0x01,0xC0,0x1F,0xB0,0x3F,0xF8,0x0C,0x08,0x0F,0xF8,0x0C,0x08,0x0F,0xF8,0x0C,0x08,0x0F,0xF8,0x0C,0x08,0x00,0x00}},
    {0x7709, {0x1F,0xFE,0x18,0xC6,0x18,0xC6,0x1F,0xFE,0x1F,0xFC,0x18,0x00,0x1B,0xFE,0x1A,0x06,0x13,0xFE,0x12,0x02,0x13,0xFE,0x33,0xFE,0x36,0x02,0x23,0xFE,0x22,0x06,0x00,0x00}},
    {0x770B, {0x00,0x78,0x1F,0xF0,0x01,0x00,0x1F,0xFC,0x03,0x00,0x3F,0xFE,0x06,0x00,0x0F,0xF8,0x1C,0x0C,0x3F,0xFC,0x24,0x0C,0x07,0xFC,0x04,0x0C,0x07,0xFC,0x04,0x0C,0x00,0x00}},
    {0x771F, {0x01,0x00,0x3F,0xF8,0x3F,0xF8,0x1F,0xF0,0x18,0x30,0x10,0x10,0x1F,0xF0,0x1F,0xF0,0x18,0x30,0x1F,0xF0,0x3B,0xB8,0x7F,0xFC,0x0C,0x60,0x38,0x3C,0x60,0x0C,0x00,0x00}},
    {0x7720, {0x03,0xFC,0xFA,0x0C,0x9A,0x0C,0xFB,0xFC,0xFB,0xF8,0xDA,0x60,0xDA,0x60,0xFB,0xFC,0xDA,0x60,0xDA,0x20,0xFA,0x30,0xF2,0x34,0xC3,0xD6,0x07,0xDC,0x00,0x00,0x00,0x00}},
    {0x772D, {0x00,0x40,0x70,0x40,0xF9,0xF8,0x8B,0xF8,0xF8,0x40,0xF8,0x40,0xDF,0xFC,0xD8,0x00,0xF8,0x40,0xD8,0xE0,0x9B,0xFC,0xF8,0x40,0xF0,0x40,0xC0,0x60,0x07,0xFC,0x00,0x00}},
    {0x7737, {0x01,0x00,0x19,0x30,0x3F,0xF8,0x3F,0xF8,0x06,0x00,0x7F,0xFC,0x08,0x20,0x3F,0xF8,0x78,0x3C,0x1F,0xF0,0x18,0x30,0x1F,0xF0,0x10,0x30,0x1F,0xF0,0x18,0x30,0x00,0x00}},
    {0x773A, {0x00,0x80,0x38,0xB0,0x78,0xB0,0x4E,0xB4,0x7B,0xBC,0x69,0xB8,0x48,0xB0,0x79,0xB8,0x7B,0xBC,0x4F,0xB4,0x6D,0xB0,0x79,0x30,0x43,0x36,0x06,0x3C,0x04,0x08,0x00,0x00}},
    {0x773C, {0x03,0xF8,0xFA,0x08,0x8A,0x08,0xFB,0xF8,0xFB,0xF8,0xDA,0x08,0xDB,0xF8,0xFB,0x60,0xDA,0x6C,0x9A,0x78,0xFA,0x30,0xF2,0x30,0xC3,0xD8,0x07,0xCC,0x02,0x04,0x00,0x00}},
    {0x775B, {0x00,0x40,0x3B,0xF8,0x7B,0xFC,0x49,0xF8,0x78,0x60,0x6F,0xFC,0x48,0x00,0x79,0xF8,0x7B,0x58,0x49,0xF8,0x6B,0x08,0x7B,0xF8,0x63,0xF8,0x03,0x08,0x03,0x18,0x00,0x00}},
    {0x7761, {0x00,0x00,0x3B,0xF8,0x7B,0xE0,0x48,0x60,0x7F,0xFC,0x69,0x68,0x49,0x68,0x7F,0xFC,0x7B,0x7C,0x49,0x68,0x6F,0xFC,0x78,0x60,0x40,0x60,0x03,0xF8,0x01,0xB8,0x00,0x00}},
    {0x7763, {0x04,0x00,0x0F,0xFC,0x0C,0x44,0x3F,0xAC,0x1F,0x38,0x35,0x38,0x24,0xEE,0x0F,0xF8,0x1F,0xF8,0x08,0x08,0x0F,0xF8,0x0C,0x18,0x0F,0xF8,0x0F,0xF8,0x08,0x08,0x00,0x00}},
    {0x7766, {0x00,0x40,0x39,0xF8,0x7B,0xFC,0x48,0x60,0x78,0x60,0x6F,0xFC,0x49,0x98,0x7F,0x0C,0x7E,0x44,0x48,0x60,0x6B,0xFC,0x78,0x60,0x60,0x40,0x07,0xFC,0x07,0xBC,0x00,0x00}},
    {0x776B, {0x00,0x40,0x7F,0xFC,0x6F,0xFC,0x49,0xF8,0x78,0x6C,0x6C,0x6C,0x4F,0xFC,0x78,0x4C,0x7B,0xFC,0x49,0x60,0x6B,0x60,0x7B,0x7C,0x63,0x40,0x06,0xFC,0x04,0x1C,0x00,0x00}},
    {0x777F, {0x01,0x00,0x01,0xF0,0x3F,0xF8,0x60,0x0C,0x4F,0xE4,0x19,0xB0,0x33,0x98,0x2C,0x60,0x3F,0xF8,0x78,0x3C,0x1F,0xF0,0x18,0x30,0x1F,0xF0,0x1F,0xF0,0x18,0x30,0x00,0x00}},
    {0x7791, {0x07,0xFC,0xF4,0x04,0x9F,0xFC,0xF3,0xF8,0xF2,0x08,0x93,0xF8,0x93,0x08,0xF3,0xF8,0xD0,0x40,0x98,0xE0,0xFF,0xFC,0xF1,0x10,0xC3,0x18,0x0E,0x0C,0x00,0x04,0x00,0x00}},
    {0x77AC, {0x00,0x78,0x77,0xE8,0x7A,0x48,0x4B,0x58,0x7F,0xFC,0x5E,0x04,0x4E,0x1C,0x7B,0xFC,0x7A,0xF8,0x4E,0xC8,0x5D,0xF8,0x79,0x7C,0x43,0x18,0x06,0x18,0x00,0x08,0x00,0x00}},
    {0x77AD, {0x00,0x40,0x38,0x40,0x7F,0xFC,0x4F,0xFC,0x7B,0x98,0x6B,0x98,0x4F,0xFC,0x7B,0xF8,0x7B,0x58,0x4B,0xF8,0x68,0x40,0x7B,0x48,0x66,0x4C,0x44,0x44,0x00,0xC0,0x00,0x00}},
    {0x77BB, {0x01,0x80,0x39,0xF0,0x7B,0x30,0x4F,0xFC,0x6E,0x58,0x7A,0x88,0x4B,0xBC,0x7B,0xFC,0x7A,0xF8,0x4A,0x00,0x6A,0xF8,0x7E,0x00,0x46,0xFC,0x04,0xFC,0x04,0x8C,0x00,0x00}},
    {0x77BF, {0x3F,0xFC,0x23,0xC4,0x3F,0xFC,0x33,0xCC,0x3F,0x7C,0x1C,0xC0,0x18,0xC0,0x3F,0xFE,0x78,0xC0,0x7F,0xFC,0x10,0xC0,0x1F,0xFC,0x18,0xC0,0x1F,0xFE,0x10,0x00,0x00,0x00}},
    {0x77E2, {0x18,0x00,0x18,0x00,0x1F,0xF8,0x33,0xA0,0x21,0x00,0x61,0x00,0x01,0x00,0x7F,0xFC,0x43,0x80,0x03,0x80,0x06,0xC0,0x06,0x60,0x1C,0x70,0x70,0x1C,0x60,0x04,0x00,0x00}},
    {0x77E3, {0x06,0x00,0x04,0x60,0x08,0x30,0x3F,0xF8,0x3F,0x8C,0x18,0x00,0x1F,0xF8,0x3F,0xF8,0x21,0x00,0x7F,0xFC,0x03,0x80,0x06,0xC0,0x1C,0x60,0x78,0x3C,0x60,0x0C,0x00,0x00}},
    {0x77E5, {0x10,0x00,0x10,0x08,0x1F,0x7E,0x3F,0x46,0x24,0x46,0x24,0x46,0x1D,0x46,0x3F,0xC6,0x0C,0x46,0x0C,0x46,0x0E,0x46,0x1B,0x46,0x19,0xFE,0x30,0x7E,0x20,0x40,0x00,0x00}},
    {0x77E9, {0x20,0x00,0x21,0xFC,0x3D,0x80,0x7D,0x80,0x59,0x80,0x59,0xF8,0x7D,0x88,0x7F,0x88,0x19,0x88,0x19,0xF8,0x1D,0x80,0x35,0x80,0x27,0x80,0x61,0xFC,0x40,0x00,0x00,0x00}},
    {0x77EB, {0x20,0x00,0x21,0xF8,0x3D,0xE0,0x78,0x40,0x53,0xFC,0x10,0xD8,0x38,0x98,0x7D,0x8C,0x13,0x9C,0x10,0x98,0x38,0x98,0x2C,0x98,0x65,0x98,0x43,0x18,0x02,0x10,0x00,0x00}},
    {0x77ED, {0x20,0x00,0x21,0xFC,0x7C,0x00,0x78,0x00,0x51,0xFC,0x51,0x0C,0x7D,0x0C,0x7D,0xFC,0x10,0xF8,0x18,0x88,0x3C,0x98,0x24,0xD8,0x64,0x90,0x43,0xFC,0x00,0x00,0x00,0x00}},
    {0x77EE, {0x20,0x00,0x21,0xFC,0x39,0x60,0x7B,0xFC,0x50,0xF0,0x50,0xF8,0x3B,0x6C,0x7E,0x64,0x10,0xC0,0x13,0xFC,0x39,0x98,0x2D,0x90,0x64,0xF0,0x43,0xDC,0x03,0x04,0x00,0x00}},
    {0x77F3, {0x7F,0xFE,0x7F,0xFE,0x06,0x00,0x04,0x00,0x0C,0x00,0x08,0x00,0x1F,0xFC,0x3C,0x0C,0x38,0x0C,0x68,0x0C,0x48,0x0C,0x08,0x04,0x0F,0xFC,0x0F,0xFC,0x08,0x04,0x00,0x00}},
    {0x77F6, {0x00,0x00,0x7D,0xF8,0x31,0xF8,0x21,0x98,0x21,0x98,0x21,0x98,0x7D,0x98,0x65,0x98,0x65,0x98,0x65,0x98,0x25,0x18,0x2D,0x1E,0x3F,0x16,0x22,0x1C,0x02,0x08,0x00,0x00}},
    {0x77FD, {0x00,0x20,0x3E,0x20,0x18,0x7E,0x18,0x7E,0x10,0x46,0x10,0xC6,0x3E,0xC4,0x33,0xAC,0x32,0x18,0x32,0x18,0x12,0x10,0x1E,0x30,0x1E,0x60,0x11,0xC0,0x01,0x80,0x00,0x00}},
    {0x77FF, {0x00,0x20,0x7C,0x30,0x31,0xFC,0x31,0xCC,0x21,0x00,0x21,0x00,0x7D,0x00,0x65,0x00,0x65,0x00,0x65,0x00,0x25,0x00,0x3F,0x00,0x3F,0x00,0x22,0x00,0x00,0x00,0x00,0x00}},
    {0x7801, {0x7C,0x80,0x31,0xFC,0x30,0x0C,0x30,0x88,0x21,0x88,0x7D,0x88,0x7D,0x88,0x65,0xFE,0x64,0x06,0x2C,0x06,0x27,0xF6,0x3C,0x06,0x38,0x04,0x20,0x3C,0x00,0x00,0x00,0x00}},
    {0x7802, {0x00,0x60,0x7C,0x60,0x30,0x60,0x31,0x68,0x21,0x6C,0x21,0x64,0x7F,0x64,0x67,0x60,0xE4,0x6C,0x24,0x68,0x24,0x18,0x3C,0x30,0x3C,0xE0,0x23,0x80,0x02,0x00,0x00,0x00}},
    {0x7814, {0x00,0x00,0x7D,0xFC,0x30,0x98,0x30,0x98,0x20,0x98,0x20,0x98,0x7C,0xD8,0x65,0xFC,0x64,0x98,0x64,0x98,0x24,0x98,0x2D,0x98,0x3D,0x98,0x23,0x18,0x00,0x08,0x00,0x00}},
    {0x7816, {0x00,0x40,0x7C,0x40,0x33,0xFC,0x20,0xC0,0x20,0xC0,0x23,0xFC,0x7D,0x80,0x6D,0x80,0xED,0xF8,0x6C,0x18,0x2C,0x30,0x3D,0xE0,0x38,0x60,0x20,0x30,0x00,0x10,0x00,0x00}},
    {0x7834, {0x00,0x20,0x7C,0x20,0x31,0xFC,0x33,0xFC,0x23,0x2C,0x23,0x2C,0x7F,0xF8,0x6F,0xFC,0xEF,0x88,0x6F,0xD8,0x2E,0x70,0x3E,0x70,0x3E,0x70,0x27,0xDC,0x01,0x04,0x00,0x00}},
    {0x783A, {0x7D,0xFC,0x31,0x00,0x21,0x00,0x21,0xFC,0x21,0x60,0x7D,0x60,0x6D,0x7C,0x6D,0x7C,0x6D,0x64,0x27,0x44,0x3F,0x4C,0x3E,0xCC,0x26,0x8C,0x05,0x98,0x00,0x00,0x00,0x00}},
    {0x783B, {0x04,0x40,0x06,0x70,0x7F,0xFC,0x7D,0xDC,0x0C,0xB0,0x19,0xE0,0x37,0xFC,0x64,0x78,0x7F,0xFC,0x0E,0x00,0x0C,0x00,0x3F,0xF8,0x68,0x08,0x0F,0xF8,0x08,0x08,0x00,0x00}},
    {0x783E, {0x00,0x00,0x7D,0xF8,0x31,0xC0,0x21,0x20,0x23,0x20,0x23,0x60,0x7F,0xFC,0x6C,0x60,0x6C,0x20,0x6D,0x28,0x2D,0x2C,0x3F,0x2C,0x3E,0x24,0x20,0x64,0x00,0xE0,0x00,0x00}},
    {0x7840, {0x00,0x30,0x3E,0x30,0x19,0xB6,0x11,0xB6,0x11,0xB6,0x11,0xB6,0x3E,0xFC,0x36,0x30,0x37,0xB6,0x37,0xB6,0x17,0xB6,0x1F,0x32,0x1D,0xFE,0x10,0xFE,0x00,0x02,0x00,0x00}},
    {0x7845, {0x00,0x00,0x00,0x20,0x7C,0x20,0x31,0xF8,0x31,0xF8,0x20,0x20,0x20,0x60,0x7F,0xFC,0x64,0x20,0x64,0x60,0x25,0xFC,0x24,0x60,0x3C,0x20,0x3C,0x60,0x23,0xFC,0x00,0x00}},
    {0x7855, {0x00,0x00,0x7F,0xFC,0x30,0x60,0x30,0x60,0x21,0xF8,0x21,0x0C,0x7D,0x2C,0x6D,0x2C,0x65,0x2C,0x6D,0x2C,0x25,0x6C,0x2C,0x70,0x3C,0xD8,0x23,0x8C,0x02,0x04,0x00,0x00}},
    {0x785D, {0x00,0x30,0x3E,0xB6,0x18,0xB4,0x10,0xFC,0x10,0x30,0x10,0xFE,0x3E,0x86,0x36,0xFE,0x36,0xFE,0x36,0x86,0x16,0xC6,0x1E,0xFE,0x1C,0x86,0x10,0x8C,0x00,0x88,0x00,0x00}},
    {0x786C, {0x00,0x00,0x7F,0xFC,0x30,0x60,0x31,0xFC,0x23,0x6C,0x23,0x64,0x7F,0xFC,0x67,0x64,0x67,0xFC,0x65,0x60,0x25,0x40,0x2D,0xC0,0x3D,0xE0,0x23,0xFC,0x02,0x0C,0x00,0x00}},
    {0x786E, {0x00,0x40,0x3E,0xF8,0x18,0xF8,0x11,0x98,0x13,0xFE,0x13,0xB6,0x3D,0xB2,0x35,0xFE,0x35,0xFE,0x35,0xB6,0x17,0xFE,0x1F,0x36,0x1F,0x32,0x13,0x1E,0x00,0x00,0x00,0x00}},
    {0x7889, {0x7D,0xFE,0x31,0x06,0x31,0x22,0x31,0x7A,0x21,0x7A,0x3D,0x22,0x6D,0xFE,0x6D,0x02,0x6D,0x7A,0x2F,0x4E,0x2F,0x4E,0x3E,0x7E,0x3E,0x72,0x26,0x06,0x04,0x0E,0x00,0x00}},
    {0x788C, {0x00,0x00,0x7D,0xF8,0x30,0x08,0x21,0xF8,0x20,0x08,0x30,0x1C,0x7F,0xFC,0x6C,0x60,0x6D,0x6C,0x6D,0xF8,0x2C,0xF0,0x3D,0xF8,0x3F,0x6C,0x20,0x64,0x00,0xE0,0x00,0x00}},
    {0x788D, {0x00,0x00,0x7D,0xFC,0x31,0xFC,0x31,0xFC,0x21,0x0C,0x21,0xF8,0x7C,0x04,0x65,0xFC,0x64,0x18,0x27,0xFC,0x25,0x98,0x3C,0x98,0x3C,0xD8,0x20,0x18,0x00,0x30,0x00,0x00}},
    {0x788E, {0x00,0x40,0x7C,0x60,0x33,0xFC,0x21,0xDC,0x21,0x90,0x21,0x98,0x7D,0xFC,0x6F,0x64,0x6E,0x20,0x6C,0x60,0x2F,0xFC,0x3C,0x60,0x38,0x60,0x20,0x60,0x00,0x20,0x00,0x00}},
    {0x7891, {0x00,0x60,0x7C,0xF0,0x33,0xFC,0x23,0x24,0x21,0xFC,0x21,0x64,0x7D,0x6C,0x6D,0xFC,0x6C,0xD0,0x6D,0x90,0x25,0xBC,0x3F,0xFC,0x38,0x10,0x20,0x10,0x00,0x10,0x00,0x00}},
    {0x7897, {0x00,0x40,0x3F,0xFC,0x1B,0xFC,0x13,0x04,0x11,0x80,0x39,0xFC,0x3F,0x64,0x66,0x74,0x37,0xE4,0x34,0xBC,0x34,0xB0,0x3D,0xB0,0x31,0x36,0x02,0x1C,0x00,0x00,0x00,0x00}},
    {0x789F, {0x00,0x48,0x7B,0x48,0x33,0xFC,0x23,0xFC,0x23,0x58,0x23,0x78,0x7B,0x80,0x69,0xFC,0x68,0x40,0x6F,0xFC,0x28,0xE0,0x39,0xF0,0x3B,0x58,0x26,0x4C,0x00,0x40,0x00,0x00}},
    {0x78A7, {0x00,0x20,0x7E,0xF8,0x19,0xFC,0x7F,0x8C,0x19,0xFC,0x19,0x8C,0x7F,0xFC,0x60,0xF8,0x7F,0xFC,0x0C,0x00,0x18,0x00,0x3F,0xF8,0x78,0x08,0x1F,0xF8,0x18,0x18,0x00,0x00}},
    {0x78A9, {0x00,0x00,0x7F,0xFC,0x30,0x20,0x30,0xF8,0x21,0xBC,0x31,0x8C,0x3D,0xFC,0x65,0x0C,0x65,0xFC,0x65,0x8C,0x25,0x8C,0x3D,0xFC,0x3C,0x88,0x23,0x8C,0x02,0x04,0x00,0x00}},
    {0x78B0, {0x00,0x00,0x01,0x18,0x79,0x90,0x30,0x30,0x27,0xFC,0x21,0xF0,0x20,0xB0,0x7E,0xB4,0x6A,0xAC,0xEB,0xBC,0x6B,0xB8,0x2B,0xB8,0x38,0xB0,0x38,0xB0,0x27,0xFC,0x00,0x00}},
    {0x78B1, {0x00,0x10,0x78,0x14,0x23,0xFC,0x23,0xFC,0x22,0x10,0x63,0xF4,0x7A,0x14,0x6A,0xDC,0x6B,0xF8,0x6B,0x38,0x6F,0xF8,0x7F,0xF0,0x7C,0x3A,0x64,0x6E,0x00,0x4C,0x00,0x00}},
    {0x78B3, {0x00,0x20,0x7F,0x64,0x7F,0x64,0x23,0xFC,0x21,0x80,0x23,0xFC,0x79,0x90,0x69,0x30,0xE9,0xF4,0x69,0xFC,0x2B,0xB8,0x3B,0x30,0x3E,0x68,0x26,0xCC,0x00,0x84,0x00,0x00}},
    {0x78BE, {0x00,0x00,0x7F,0xFC,0x33,0x04,0x33,0xFC,0x23,0xF8,0x23,0x58,0x7B,0xFC,0x6B,0x58,0xEF,0x58,0x6F,0xFC,0x2E,0xB4,0x2E,0x9C,0x3E,0x98,0x24,0xEC,0x04,0x84,0x00,0x00}},
    {0x78C1, {0x01,0x18,0x79,0x98,0x21,0x90,0x27,0xFC,0x21,0x10,0x61,0x10,0x7A,0x34,0x6A,0xEC,0x6F,0xF8,0x69,0x18,0x69,0x18,0x7A,0x94,0x3F,0xFC,0x67,0xFE,0x00,0x00,0x00,0x00}},
    {0x78CA, {0x00,0x00,0x7F,0xF8,0x0C,0x00,0x1F,0xF0,0x3C,0x38,0x68,0x18,0x0F,0xF0,0x7C,0x9C,0x7F,0xFC,0x30,0x40,0x3E,0xFC,0x67,0xCC,0xE7,0xCC,0x3E,0x7C,0x36,0x4C,0x00,0x00}},
    {0x78D0, {0x08,0x00,0x1C,0xF8,0x3E,0x98,0x2B,0x9C,0x7E,0x00,0x22,0xF8,0x62,0xD8,0x4E,0x70,0x01,0xCC,0x7F,0xFC,0x0C,0x00,0x3F,0xF8,0x78,0x08,0x4F,0xF8,0x08,0x18,0x00,0x00}},
    {0x78E1, {0x00,0x08,0x3D,0x48,0x13,0xE8,0x13,0x68,0x11,0xFE,0x31,0x4A,0x3D,0xCA,0x35,0xCA,0x77,0xFA,0x37,0xDA,0x37,0xFA,0x3F,0x32,0x3B,0xF2,0x31,0xFE,0x00,0x00,0x00,0x00}},
    {0x78E8, {0x00,0x00,0x1F,0xFC,0x7F,0xFC,0x62,0x10,0x7F,0x7C,0x6F,0x38,0x7F,0xFC,0x62,0x10,0x7F,0xFC,0x63,0x00,0x66,0x00,0x6F,0xF8,0x7E,0x0C,0xC7,0xF8,0x06,0x08,0x00,0x00}},
    {0x7901, {0x01,0xA0,0x7D,0x20,0x31,0xFC,0x33,0xFC,0x27,0x20,0x27,0xFC,0x79,0x20,0x69,0xFC,0x69,0xF8,0x6B,0x20,0x29,0xFC,0x3B,0x00,0x3A,0xF4,0x26,0xD6,0x00,0x00,0x00,0x00}},
    {0x793A, {0x1F,0xF8,0x3F,0xFC,0x00,0x00,0x00,0x00,0x7F,0xFE,0x7F,0xFE,0x01,0x80,0x09,0x90,0x19,0x98,0x31,0x88,0x31,0x8C,0x61,0x86,0x41,0x86,0x07,0x80,0x06,0x00,0x00,0x00}},
    {0x793C, {0x10,0x80,0x18,0xC0,0x08,0xC0,0x7E,0xC0,0x04,0xC0,0x0C,0xC0,0x18,0xC0,0x1C,0xC0,0x7E,0xC0,0x5A,0xC0,0x18,0xC0,0x18,0xC6,0x18,0xC4,0x18,0xFC,0x18,0x38,0x00,0x00}},
    {0x793E, {0x00,0x20,0x10,0x20,0x18,0x20,0x7C,0x20,0x0C,0x20,0x0B,0xFC,0x18,0x60,0x38,0x20,0x7C,0x20,0x50,0x20,0x10,0x20,0x10,0x20,0x10,0x60,0x13,0xFC,0x10,0x00,0x00,0x00}},
    {0x7941, {0x08,0x00,0x0C,0x7E,0x04,0x66,0x3F,0x64,0x03,0x6C,0x02,0x68,0x04,0x48,0x0E,0x6C,0x3F,0x66,0x25,0x66,0x04,0x66,0x04,0x7E,0x04,0x6C,0x04,0x60,0x04,0x40,0x00,0x00}},
    {0x7948, {0x00,0x08,0x10,0x7C,0x19,0xE0,0x7D,0x80,0x0D,0x00,0x09,0xFC,0x19,0xFC,0x39,0x10,0x7D,0x10,0x55,0x10,0x11,0x10,0x13,0x10,0x13,0x10,0x12,0x10,0x12,0x10,0x00,0x00}},
    {0x7949, {0x00,0x20,0x10,0x20,0x18,0x20,0x7C,0x20,0x0D,0x20,0x09,0x30,0x19,0x3C,0x39,0x20,0x7F,0x20,0x53,0x20,0x11,0x20,0x11,0x20,0x11,0x20,0x13,0xFC,0x13,0xFC,0x00,0x00}},
    {0x7956, {0x10,0x00,0x19,0xF8,0x19,0x08,0x7D,0x08,0x0D,0x08,0x09,0xF8,0x19,0x08,0x39,0x08,0x7D,0x08,0x51,0xF8,0x11,0x08,0x11,0x08,0x11,0x08,0x17,0xFC,0x10,0x00,0x00,0x00}},
    {0x795B, {0x10,0x20,0x10,0x60,0x18,0x60,0x7D,0xFC,0x0C,0x60,0x08,0x60,0x18,0x60,0x3B,0xFC,0x7D,0xF4,0x54,0x40,0x10,0xD8,0x11,0x88,0x11,0x8C,0x13,0xFC,0x10,0x04,0x00,0x00}},
    {0x795C, {0x20,0x60,0x30,0x60,0x10,0x60,0x7C,0x60,0x0F,0xFC,0x18,0x60,0x10,0x60,0x38,0x60,0x7F,0xFC,0x77,0x0C,0x13,0x0C,0x13,0x0C,0x13,0x0C,0x13,0xFC,0x13,0x0C,0x00,0x00}},
    {0x795D, {0x00,0x00,0x19,0xF8,0x09,0xFC,0x3F,0x04,0x05,0x0C,0x0D,0x0C,0x19,0xFC,0x1C,0xD0,0x3E,0x90,0x08,0x90,0x08,0x90,0x09,0x94,0x09,0x16,0x0A,0x1C,0x00,0x00,0x00,0x00}},
    {0x795E, {0x00,0x30,0x08,0x30,0x08,0xFC,0x3F,0xFE,0x07,0xB6,0x05,0xB6,0x09,0xFE,0x1D,0xB6,0x3F,0xB6,0x2B,0xFE,0x09,0xB6,0x08,0x30,0x08,0x30,0x08,0x30,0x08,0x30,0x00,0x00}},
    {0x7960, {0x10,0x00,0x19,0xFE,0x08,0x06,0x3E,0x06,0x07,0xFE,0x0C,0x06,0x08,0xE6,0x1D,0xF6,0x3D,0x96,0x3B,0x96,0x09,0xB6,0x09,0xF6,0x08,0x06,0x08,0x06,0x08,0x1C,0x00,0x00}},
    {0x7965, {0x21,0x08,0x31,0x88,0x10,0x98,0x7F,0xFC,0x09,0xEC,0x18,0x20,0x11,0xF8,0x39,0xFC,0x7C,0x20,0x54,0x60,0x13,0xFC,0x10,0x60,0x10,0x20,0x10,0x20,0x10,0x20,0x00,0x00}},
    {0x7968, {0x00,0x00,0x7F,0xFC,0x04,0xC0,0x3F,0xF8,0x36,0xD8,0x26,0xC8,0x3F,0xF8,0x1F,0xF0,0x1F,0xF0,0x00,0x00,0x7F,0xFC,0x09,0x20,0x19,0x38,0x71,0x0C,0x47,0x00,0x00,0x00}},
    {0x796D, {0x00,0x00,0x1D,0xF8,0x3F,0xF8,0x72,0xD8,0x4E,0x70,0x2C,0x20,0x1F,0xF0,0x37,0xDC,0x60,0x0C,0x3F,0xF8,0x01,0x00,0x19,0x20,0x31,0x30,0x61,0x08,0x07,0x00,0x00,0x00}},
    {0x797A, {0x21,0x88,0x31,0x88,0x13,0xFC,0x7F,0xFC,0x09,0x98,0x19,0xF8,0x11,0x88,0x39,0xF8,0x7D,0xB8,0x55,0x98,0x13,0xFC,0x30,0x90,0x31,0x98,0x33,0x0C,0x12,0x04,0x00,0x00}},
    {0x7980, {0x00,0x00,0x3F,0xFC,0x3E,0xFC,0x1F,0xF8,0x10,0x08,0x16,0x68,0x17,0xE8,0x18,0x18,0x0F,0xF8,0x0F,0xF0,0x0A,0x50,0x3F,0xFC,0x09,0xB0,0x39,0x9C,0x23,0x04,0x00,0x00}},
    {0x7981, {0x18,0x20,0x3C,0xB8,0x7E,0xFC,0x1C,0x70,0x3E,0xF8,0x79,0xAC,0x48,0x20,0x1F,0xF0,0x1B,0x80,0x00,0x00,0x7F,0xFC,0x01,0x00,0x11,0x30,0x61,0x18,0x47,0x0C,0x00,0x00}},
    {0x7984, {0x10,0x00,0x19,0xFC,0x08,0x0C,0x3D,0xFC,0x04,0x08,0x09,0xFC,0x18,0x70,0x3D,0x24,0x7F,0xAC,0x18,0x70,0x18,0xF0,0x19,0xAC,0x1B,0x24,0x18,0x60,0x00,0x00,0x00,0x00}},
    {0x7985, {0x21,0x08,0x31,0x98,0x10,0x90,0x7F,0xFC,0x0B,0x6C,0x1B,0x6C,0x13,0xFC,0x3A,0x64,0x7F,0xFC,0xD4,0x60,0x10,0x60,0x17,0xFC,0x10,0x60,0x10,0x60,0x10,0x60,0x00,0x00}},
    {0x798F, {0x10,0x00,0x19,0xFE,0x08,0x00,0x3E,0xFC,0x06,0x84,0x04,0x84,0x0C,0xFC,0x1C,0xFE,0x3F,0xFE,0x7B,0x32,0x09,0xB6,0x09,0xFE,0x09,0x32,0x09,0xFE,0x09,0x86,0x00,0x00}},
    {0x79A7, {0x00,0x40,0x33,0xFC,0x13,0xFC,0x7B,0xF8,0x18,0x00,0x19,0xF8,0x13,0x08,0x39,0xF8,0x79,0x90,0x77,0xFC,0x30,0x00,0x33,0xFC,0x33,0x0C,0x33,0xFC,0x11,0x08,0x00,0x00}},
    {0x79AA, {0x00,0x00,0x33,0xFC,0x12,0xE4,0x7F,0xFC,0x08,0x00,0x1B,0xFC,0x12,0x6C,0x3B,0xFC,0x7F,0x6C,0x13,0xFC,0x10,0x60,0x33,0xFC,0x33,0xFC,0x30,0x40,0x10,0x40,0x00,0x00}},
    {0x79B9, {0x00,0x00,0x3F,0xF8,0x3F,0x00,0x1F,0xF0,0x33,0x98,0x11,0x18,0x1F,0xF0,0x01,0x00,0x3F,0xF8,0x3B,0xF8,0x21,0x48,0x2F,0xE8,0x2F,0xF8,0x20,0x08,0x20,0x38,0x00,0x00}},
    {0x79BA, {0x1F,0xF8,0x31,0x88,0x1F,0xF8,0x1F,0xF8,0x31,0x8C,0x1F,0xF8,0x01,0x80,0x01,0x80,0x3F,0xFC,0x21,0x84,0x21,0xA4,0x2F,0xF4,0x2F,0xF4,0x20,0x14,0x20,0x1C,0x00,0x00}},
    {0x79BB, {0x01,0x00,0x7F,0xFC,0x7F,0xFC,0x16,0xD0,0x33,0x98,0x36,0x58,0x1F,0xF8,0x03,0x00,0x3F,0xF8,0x3F,0xF8,0x26,0x48,0x2F,0xE8,0x2E,0x28,0x20,0x38,0x00,0x00,0x00,0x00}},
    {0x79BD, {0x01,0x00,0x03,0x80,0x0E,0xE0,0x79,0x3C,0x7F,0xF4,0x16,0xD0,0x13,0x90,0x1F,0xF0,0x03,0x80,0x03,0x00,0x3F,0xF8,0x24,0x48,0x2F,0xE8,0x27,0x28,0x20,0x38,0x00,0x00}},
    {0x79BE, {0x00,0x00,0x01,0xF8,0x3F,0xC0,0x01,0x00,0x01,0x00,0x01,0x00,0x7F,0xFC,0x03,0x80,0x07,0xC0,0x0D,0x60,0x19,0x30,0x31,0x18,0x61,0x0C,0x01,0x00,0x01,0x00,0x00,0x00}},
    {0x79C0, {0x00,0x30,0x3F,0xF0,0x33,0x00,0x7F,0xFC,0x7F,0xFC,0x0D,0x60,0x19,0x30,0x71,0x1C,0x7F,0xC4,0x04,0xC0,0x04,0xF8,0x0C,0x18,0x18,0x18,0x70,0x70,0x00,0x60,0x00,0x00}},
    {0x79C1, {0x00,0x00,0x3E,0x60,0x78,0x60,0x18,0x40,0x18,0x40,0x7E,0xC0,0x18,0xC0,0x3C,0x90,0x3E,0x98,0x79,0x98,0x59,0x88,0x59,0x0C,0x1B,0xFC,0x1B,0x04,0x18,0x00,0x00,0x00}},
    {0x79C6, {0x0C,0x00,0x7D,0xFC,0x50,0x20,0x10,0x20,0x18,0x20,0x7C,0x20,0x18,0x70,0x39,0xFC,0x3C,0x20,0x74,0x20,0x50,0x20,0x10,0x20,0x10,0x20,0x10,0x20,0x10,0x20,0x00,0x00}},
    {0x79CB, {0x04,0x20,0x7C,0x20,0x78,0x20,0x18,0x20,0x19,0xA4,0x7F,0x2C,0x19,0x68,0x3D,0x78,0x3C,0x60,0x78,0x70,0x58,0xD0,0x58,0x98,0x19,0x98,0x1B,0x0C,0x12,0x04,0x00,0x00}},
    {0x79CD, {0x02,0x10,0x3E,0x30,0x38,0x10,0x08,0xFE,0x0D,0xFE,0x3F,0x92,0x1D,0xB2,0x1D,0x92,0x3F,0xFE,0x39,0xFE,0x68,0x10,0x08,0x10,0x08,0x10,0x08,0x30,0x08,0x10,0x00,0x00}},
    {0x79D1, {0x04,0x18,0x7C,0x98,0x78,0xD8,0x10,0x78,0x18,0x18,0x7E,0x18,0x19,0x98,0x3C,0xD8,0x3C,0x18,0x70,0x1C,0x51,0xFC,0x11,0x98,0x10,0x18,0x10,0x18,0x10,0x18,0x00,0x00}},
    {0x79D2, {0x04,0x60,0x7C,0x60,0x70,0x60,0x11,0x68,0x19,0x6C,0x7F,0x6C,0x1B,0x64,0x3B,0x60,0x3C,0x68,0x70,0x68,0x50,0x18,0x10,0x30,0x10,0xE0,0x13,0x80,0x12,0x00,0x00,0x00}},
    {0x79D8, {0x08,0x80,0x78,0xC8,0x70,0x68,0x10,0x18,0x30,0x98,0x7C,0x98,0x32,0xB8,0x3A,0xAC,0x3E,0xE4,0x76,0xC4,0x50,0xC0,0x11,0x88,0x13,0x88,0x12,0xF8,0x10,0x30,0x00,0x00}},
    {0x79DF, {0x0C,0x00,0x7D,0xF8,0x11,0x08,0x11,0x08,0x19,0x08,0x7D,0xF8,0x19,0x88,0x39,0x08,0x3D,0x88,0x71,0xF8,0xD1,0x08,0x11,0x08,0x11,0x08,0x13,0xFC,0x10,0x00,0x00,0x00}},
    {0x79E3, {0x00,0x20,0x3C,0x60,0x78,0x60,0x13,0xFC,0x18,0x60,0x7C,0x60,0x11,0xFC,0x39,0xFC,0x3C,0xF0,0x74,0xF8,0x51,0xE8,0x13,0x6C,0x12,0x64,0x10,0x60,0x10,0x20,0x00,0x00}},
    {0x79E6, {0x01,0x00,0x3F,0xF8,0x3F,0xF8,0x03,0x00,0x3F,0xF8,0x06,0x00,0x7F,0xFC,0x18,0x70,0x3F,0xD8,0x61,0x0C,0x1F,0xF0,0x07,0xC0,0x0D,0x70,0x39,0x18,0x21,0x00,0x00,0x00}},
    {0x79E7, {0x08,0x20,0x78,0x20,0x31,0xF8,0x11,0xFC,0x39,0x2C,0x7D,0x2C,0x31,0x2C,0x39,0x6C,0x3F,0xFC,0x70,0x70,0x50,0x70,0x50,0xD0,0x11,0x98,0x13,0x0C,0x12,0x04,0x00,0x00}},
    {0x79EF, {0x04,0x00,0x7C,0xF8,0x79,0xFC,0x19,0x0C,0x19,0x8C,0x7F,0x8C,0x19,0x0C,0x3D,0xFC,0x3E,0x70,0x7A,0x00,0x58,0x98,0x58,0x88,0x19,0x8C,0x1B,0x04,0x18,0x04,0x00,0x00}},
    {0x79F0, {0x04,0x80,0x7D,0x80,0x71,0xFC,0x11,0xFC,0x1B,0x2C,0x7F,0x20,0x11,0x28,0x39,0xA8,0x3D,0x2C,0x71,0x2C,0x53,0x24,0x12,0x24,0x10,0x20,0x10,0xE0,0x10,0x40,0x00,0x00}},
    {0x79FB, {0x08,0x40,0x78,0xE0,0x71,0xF8,0x13,0x98,0x30,0xF0,0x7C,0xE0,0x33,0xE0,0x3A,0x7C,0x3C,0xFC,0x71,0x8C,0x53,0x58,0x10,0x70,0x10,0x60,0x13,0xC0,0x13,0x00,0x00,0x00}},
    {0x79FE, {0x08,0x20,0x78,0x60,0x73,0xFC,0x13,0xFC,0x32,0x64,0x7C,0xE0,0x30,0xA0,0x39,0xAC,0x7F,0x38,0x77,0x10,0xD1,0x90,0x11,0x18,0x11,0xEC,0x11,0xC4,0x11,0x00,0x00,0x00}},
    {0x7A00, {0x08,0x08,0x79,0xF8,0x30,0xF0,0x33,0xCC,0x30,0xC0,0x7F,0xFC,0x31,0xA0,0x39,0x60,0x7B,0xFC,0x77,0x6C,0xD3,0x24,0x31,0x64,0x33,0x6C,0x30,0x60,0x10,0x20,0x00,0x00}},
    {0x7A0B, {0x04,0x00,0x7D,0xFC,0x71,0x0C,0x11,0x0C,0x19,0x0C,0x7D,0xFC,0x10,0x00,0x3B,0xFC,0x3D,0x7C,0x70,0x20,0xD1,0xFC,0x10,0x60,0x10,0x20,0x13,0xFC,0x13,0x9C,0x00,0x00}},
    {0x7A0E, {0x05,0x08,0x7D,0x98,0x50,0x90,0x11,0xFC,0x1B,0xAC,0x7F,0x0C,0x19,0x0C,0x3D,0xFC,0x3C,0xF0,0x70,0x90,0xD0,0x90,0x11,0x90,0x11,0x36,0x13,0x1C,0x10,0x08,0x00,0x00}},
    {0x7A1A, {0x08,0xA0,0x7C,0xB0,0x71,0x90,0x11,0xFC,0x3B,0x30,0x7F,0x30,0x33,0xFC,0x39,0xFC,0x3D,0x30,0x71,0xFC,0xD1,0xB0,0x11,0x30,0x11,0xFC,0x11,0xFC,0x11,0x00,0x00,0x00}},
    {0x7A23, {0x10,0x08,0x38,0x7C,0x3C,0xF0,0x64,0x20,0x7E,0x20,0x7E,0xFC,0x43,0xFC,0x7E,0x70,0x7E,0x78,0x5A,0xF8,0x7E,0xAC,0x01,0xA4,0x0F,0x20,0x7E,0x20,0x00,0x20,0x00,0x00}},
    {0x7A33, {0x00,0x80,0x39,0xF0,0x73,0xF0,0x16,0x30,0x33,0xF8,0x7C,0x08,0x31,0xF8,0x38,0x08,0x3F,0xF8,0x70,0x40,0x50,0x60,0x17,0xAC,0x15,0x9C,0x15,0xF0,0x10,0x00,0x00,0x00}},
    {0x7A3B, {0x04,0x04,0x3F,0xFC,0x39,0xE0,0x09,0x26,0x19,0xB4,0x3E,0x84,0x18,0xC8,0x1D,0x9E,0x1F,0x06,0x39,0x86,0x29,0xFE,0x29,0x06,0x09,0x06,0x09,0xFE,0x09,0x86,0x00,0x00}},
    {0x7A3C, {0x08,0x40,0x79,0xF8,0x33,0xFC,0x32,0x04,0x33,0xFC,0x78,0xC0,0x31,0xCC,0x33,0x78,0x38,0xF8,0x7B,0x28,0x76,0x68,0x51,0xAC,0x33,0x24,0x32,0x20,0x30,0xE0,0x00,0x00}},
    {0x7A3D, {0x00,0x50,0x3C,0x58,0x73,0xFC,0x13,0xF0,0x31,0xE4,0x7F,0x3C,0x33,0xF8,0x39,0x84,0x3D,0xFC,0x74,0x00,0x51,0xFC,0x51,0x2C,0x11,0xFC,0x11,0xFC,0x11,0x0C,0x00,0x00}},
    {0x7A46, {0x08,0x40,0x38,0xF8,0x73,0xFC,0x13,0xFC,0x3B,0x0C,0x7F,0xFC,0x31,0x68,0x3B,0x6C,0x3E,0x74,0x75,0xC8,0x51,0x30,0x51,0xEC,0x11,0x18,0x11,0xE0,0x13,0x00,0x00,0x00}},
    {0x7A4E, {0x40,0x00,0x6D,0xFC,0x78,0x20,0x60,0xFC,0x63,0x8C,0x3E,0x8C,0x04,0xFC,0x7D,0x84,0x19,0xFC,0x7F,0x8C,0x19,0x8C,0x3C,0xFC,0x7A,0xC8,0x59,0x8C,0x19,0x04,0x00,0x00}},
    {0x7A57, {0x08,0x40,0x7B,0xFC,0x73,0xFC,0x11,0xFC,0x33,0x6C,0x7F,0xFC,0x33,0x6C,0x39,0xF8,0x38,0x68,0x73,0xFC,0x50,0x44,0xD3,0xAC,0x17,0x8C,0x15,0xFC,0x10,0x00,0x00,0x00}},
    {0x7A74, {0x02,0x00,0x03,0x00,0x01,0x00,0x7F,0xFC,0x7F,0xFC,0x60,0x0C,0x60,0x04,0x0C,0x60,0x0C,0x20,0x08,0x30,0x18,0x30,0x10,0x18,0x30,0x08,0x60,0x0C,0x40,0x04,0x00,0x00}},
    {0x7A76, {0x01,0x00,0x1F,0xF0,0x7F,0xFC,0x64,0x44,0x0C,0x70,0x38,0x18,0x32,0x08,0x02,0x00,0x3F,0xE0,0x06,0x20,0x06,0x20,0x04,0x24,0x1C,0x26,0x78,0x3C,0x60,0x18,0x00,0x00}},
    {0x7A77, {0x01,0x00,0x1F,0xF0,0x7F,0xFC,0x64,0x4C,0x6C,0x60,0x18,0x30,0x33,0x18,0x03,0x00,0x3F,0xF0,0x06,0x18,0x06,0x10,0x04,0x10,0x1C,0x10,0x30,0xF0,0x20,0x40,0x00,0x00}},
    {0x7A79, {0x01,0x00,0x1F,0xF0,0x7F,0xFC,0x6C,0x64,0x38,0x38,0x00,0x18,0x1F,0xF0,0x00,0x10,0x1F,0xF0,0x18,0x00,0x30,0x00,0x1F,0xF8,0x00,0x18,0x00,0x18,0x01,0xF0,0x00,0x00}},
    {0x7A7A, {0x01,0x00,0x01,0x80,0x3F,0xFC,0x7F,0xFE,0x60,0x06,0x66,0x70,0x1C,0x18,0x30,0x0C,0x2E,0x70,0x1F,0xF8,0x01,0x80,0x01,0x80,0x01,0x80,0x01,0x80,0x7F,0xFE,0x00,0x00}},
    {0x7A7F, {0x00,0x80,0x0F,0xF8,0x3F,0xFE,0x22,0x26,0x06,0x38,0x18,0x0C,0x1F,0xFC,0x1F,0xFC,0x08,0x20,0x1F,0xFE,0x00,0xF0,0x03,0xB0,0x0E,0x30,0x3C,0x30,0x00,0xE0,0x00,0x00}},
    {0x7A91, {0x01,0x00,0x1F,0xF0,0x7F,0xFC,0x64,0x4C,0x1C,0x70,0x38,0x18,0x1F,0xF8,0x1F,0xF0,0x31,0x00,0x7F,0xFC,0x01,0x08,0x31,0x18,0x31,0x18,0x3F,0xF8,0x00,0x18,0x00,0x00}},
    {0x7A96, {0x01,0x00,0x3F,0xF8,0x7F,0xFC,0x4C,0x64,0x39,0x38,0x19,0x88,0x1F,0xF0,0x31,0x00,0x7F,0xFC,0x00,0x00,0x00,0x00,0x3F,0xF8,0x30,0x08,0x1F,0xF8,0x10,0x18,0x00,0x00}},
    {0x7A97, {0x01,0x00,0x3F,0xF8,0x7F,0xFC,0x4C,0x64,0x3A,0x38,0x26,0x08,0x3F,0xF8,0x32,0x18,0x37,0xD8,0x3E,0xD8,0x33,0x98,0x33,0xD8,0x36,0x18,0x3F,0xF8,0x10,0x18,0x00,0x00}},
    {0x7A9D, {0x01,0x00,0x3F,0xF8,0x7E,0xFC,0x6C,0x6C,0x38,0x38,0x1F,0xF0,0x18,0x30,0x1F,0xF0,0x07,0xC0,0x3F,0xF8,0x23,0x88,0x26,0xE8,0x2C,0x2C,0x20,0x18,0x00,0x00,0x00,0x00}},
    {0x7ACB, {0x00,0x00,0x01,0x00,0x01,0x00,0x01,0x00,0x7F,0xFC,0x3F,0xF8,0x08,0x20,0x08,0x30,0x08,0x20,0x0C,0x60,0x0C,0x60,0x0C,0x40,0x04,0xC0,0x00,0xC0,0x7F,0xFC,0x00,0x00}},
    {0x7AD1, {0x00,0x80,0x30,0x80,0x10,0x80,0x7D,0xFC,0x01,0x80,0x48,0x80,0x69,0xB0,0x69,0xB0,0x29,0xA0,0x29,0x28,0x39,0x68,0x3F,0x4C,0x73,0x7C,0x02,0xFC,0x02,0x04,0x00,0x00}},
    {0x7AD6, {0x00,0x00,0x2D,0xF8,0x2D,0x98,0x2C,0x98,0x2C,0xF0,0x2C,0x60,0x2D,0xF8,0x27,0x0C,0x01,0x00,0x3F,0xFC,0x08,0x30,0x0C,0x20,0x0C,0x60,0x7F,0xFC,0x7F,0xFC,0x00,0x00}},
    {0x7AD9, {0x10,0x60,0x10,0x60,0x18,0x60,0x7E,0x7C,0x04,0x7C,0x64,0x60,0x64,0x60,0x2C,0x60,0x2D,0xFC,0x29,0x8C,0x2B,0x0C,0x3F,0x0C,0x71,0x0C,0x01,0xFC,0x01,0x0C,0x00,0x00}},
    {0x7ADE, {0x01,0x00,0x3F,0xF8,0x3F,0xF8,0x08,0x20,0x7F,0xFC,0x00,0x00,0x0F,0xF0,0x1F,0xF0,0x10,0x10,0x1F,0xF0,0x06,0xC0,0x04,0xC0,0x0C,0xC4,0x78,0xFC,0x40,0x38,0x00,0x00}},
    {0x7AE0, {0x01,0x00,0x3F,0xF8,0x3F,0xF8,0x0C,0x60,0x7F,0xFC,0x03,0x80,0x3F,0xF8,0x3F,0xF8,0x3F,0xF8,0x30,0x18,0x1F,0xF0,0x43,0x84,0x7F,0xFC,0x01,0x00,0x00,0x00,0x00,0x00}},
    {0x7AE5, {0x01,0x00,0x3F,0xF8,0x3F,0xF8,0x0C,0x60,0x7F,0xFC,0x00,0x00,0x3F,0xF8,0x3F,0xF8,0x33,0x98,0x31,0x18,0x1F,0xF0,0x3F,0xF8,0x3F,0xF8,0x7F,0xFC,0x00,0x00,0x00,0x00}},
    {0x7AEF, {0x00,0x40,0x33,0x6C,0x13,0x64,0x7F,0x6C,0x0B,0xFC,0x48,0x00,0x6F,0xFC,0x68,0x40,0x6B,0xFC,0x2B,0xFC,0x3A,0x94,0x3E,0x94,0x72,0x94,0x02,0x94,0x02,0x9C,0x00,0x00}},
    {0x7AF9, {0x10,0x40,0x10,0xC0,0x30,0x80,0x3F,0xFC,0x3F,0xFC,0x69,0x10,0x4B,0x10,0x18,0x10,0x08,0x10,0x18,0x10,0x18,0x10,0x18,0x10,0x08,0x10,0x18,0x70,0x08,0x60,0x00,0x00}},
    {0x7AFA, {0x10,0x40,0x10,0x60,0x3F,0x7E,0x3F,0xFE,0x6C,0x90,0x6D,0x98,0x40,0x00,0x1F,0xF8,0x1F,0xF8,0x00,0x00,0x00,0x00,0x00,0x00,0x00,0x00,0x00,0x00,0x7F,0xFE,0x00,0x00}},
    {0x7AFF, {0x30,0xC0,0x36,0xCC,0x3F,0xFC,0x69,0xB0,0x4B,0x10,0x1F,0xF8,0x3F,0xF8,0x01,0x00,0x01,0x00,0x7F,0xFC,0x03,0x80,0x01,0x00,0x01,0x00,0x01,0x00,0x01,0x00,0x00,0x00}},
    {0x7B03, {0x08,0x40,0x1A,0x6C,0x3F,0xFE,0x24,0x98,0x25,0x98,0x1F,0xF8,0x00,0x18,0x0C,0x10,0x0F,0xFE,0x00,0x06,0x00,0x06,0x3F,0xF6,0x00,0x04,0x00,0x1C,0x00,0x10,0x00,0x00}},
    {0x7B0B, {0x30,0x80,0x34,0xCC,0x7F,0xFC,0x69,0x30,0x4F,0x10,0x1F,0xF8,0x01,0x08,0x7F,0xFC,0x7F,0xFC,0x03,0x08,0x3F,0xF8,0x06,0x18,0x0C,0x00,0x38,0x00,0x20,0x00,0x00,0x00}},
    {0x7B11, {0x10,0xC0,0x36,0xCC,0x3F,0xFC,0x69,0x30,0x49,0x10,0x0F,0xF8,0x3F,0x80,0x01,0x00,0x03,0x00,0x7F,0xFC,0x03,0x80,0x06,0xC0,0x0C,0x60,0x78,0x3C,0x60,0x0C,0x00,0x00}},
    {0x7B14, {0x18,0x40,0x1A,0x6C,0x1F,0xFE,0x34,0x90,0x24,0x98,0x0F,0xF8,0x1F,0x80,0x01,0xF8,0x1F,0xF0,0x01,0x80,0x0F,0xFE,0x3F,0x80,0x01,0x86,0x01,0xFE,0x00,0x78,0x00,0x00}},
    {0x7B19, {0x18,0x40,0x1A,0x6C,0x1F,0xFE,0x34,0x90,0x65,0x98,0x0C,0x80,0x0F,0xFC,0x1F,0xFC,0x30,0x80,0x01,0x80,0x0F,0xFC,0x00,0x80,0x00,0x80,0x3F,0xFE,0x3F,0x7E,0x00,0x00}},
    {0x7B1B, {0x18,0x40,0x1A,0x6E,0x1F,0xFE,0x34,0x90,0x65,0x98,0x00,0x80,0x0F,0xF8,0x1F,0xFC,0x10,0x84,0x19,0x8C,0x1F,0xFC,0x10,0x84,0x10,0x84,0x1F,0xFC,0x18,0x0C,0x00,0x00}},
    {0x7B20, {0x10,0x40,0x30,0xC0,0x3F,0xFC,0x7F,0xBC,0x4B,0x30,0x41,0x00,0x3B,0xE0,0x3F,0xF8,0x08,0x30,0x08,0x30,0x0C,0x20,0x0C,0x60,0x04,0x40,0x7F,0xFC,0x7F,0xFC,0x00,0x00}},
    {0x7B2C, {0x10,0x40,0x3A,0xEC,0x3F,0xFC,0x6D,0x90,0x45,0x10,0x3F,0xF8,0x01,0x08,0x1F,0xF8,0x37,0xE0,0x31,0x00,0x3F,0xFC,0x07,0x0C,0x0D,0x08,0x39,0x38,0x61,0x00,0x00,0x00}},
    {0x7B3C, {0x10,0x40,0x32,0xC8,0x3F,0xFC,0x6D,0x90,0x44,0x00,0x06,0x60,0x7E,0x3C,0x7F,0xFC,0x04,0x98,0x0C,0x98,0x0C,0xF0,0x19,0xC0,0x33,0x86,0x66,0xFC,0x40,0x78,0x00,0x00}},
    {0x7B49, {0x30,0xC0,0x3E,0xFC,0x7F,0xFC,0x49,0x30,0x01,0x00,0x3F,0xF8,0x01,0x00,0x7F,0xFC,0x00,0x70,0x00,0x20,0x7F,0xFC,0x08,0x20,0x0C,0x20,0x06,0x20,0x00,0xE0,0x00,0x00}},
    {0x7B4B, {0x10,0x40,0x1E,0xFC,0x3F,0xFC,0x25,0x30,0x0C,0x20,0x1E,0x60,0x13,0xFC,0x1E,0x6C,0x12,0x6C,0x1E,0x4C,0x3E,0x4C,0x32,0xCC,0x23,0x98,0x27,0x38,0x00,0x00,0x00,0x00}},
    {0x7B4F, {0x30,0xC0,0x3E,0xFC,0x7F,0xFC,0x49,0x30,0x09,0xB0,0x19,0xB8,0x11,0x9C,0x37,0xFC,0x76,0xC8,0x50,0xD8,0x10,0x70,0x10,0xE4,0x13,0xE4,0x17,0x3C,0x10,0x08,0x00,0x00}},
    {0x7B51, {0x10,0x40,0x32,0xCC,0x3F,0xFC,0x6D,0x90,0x4D,0x10,0x4D,0xB0,0x7F,0xF8,0x11,0x18,0x11,0x98,0x11,0xD8,0x1F,0x78,0x7F,0x18,0x42,0x1A,0x0E,0x1E,0x00,0x00,0x00,0x00}},
    {0x7B52, {0x10,0x40,0x1E,0xFC,0x3F,0xFC,0x2D,0xB0,0x3F,0xF8,0x10,0x08,0x17,0xE8,0x10,0x08,0x10,0x08,0x17,0xE8,0x14,0x68,0x17,0xE8,0x16,0x08,0x10,0x38,0x00,0x00,0x00,0x00}},
    {0x7B56, {0x10,0xC0,0x34,0xDC,0x7F,0xFC,0x49,0x30,0x4B,0xB0,0x7F,0xFC,0x01,0x00,0x3F,0xF8,0x3F,0xF8,0x21,0x08,0x23,0xF8,0x0D,0xE0,0x39,0x3C,0x61,0x0C,0x01,0x00,0x00,0x00}},
    {0x7B5B, {0x08,0x20,0x1B,0x66,0x1F,0xFE,0x36,0xC8,0x04,0x08,0x35,0xFE,0x34,0x30,0x35,0xFE,0x35,0xA6,0x35,0xB6,0x0D,0xB6,0x0D,0xB6,0x09,0xBC,0x18,0x30,0x10,0x20,0x00,0x00}},
    {0x7B5D, {0x10,0x40,0x36,0xCC,0x3F,0xFC,0x6C,0x10,0x0F,0xC0,0x18,0xC0,0x3F,0xF0,0x0F,0xF8,0x7F,0xFC,0x03,0x98,0x01,0x18,0x1F,0xF8,0x01,0x00,0x01,0x00,0x0F,0x00,0x00,0x00}},
    {0x7B60, {0x08,0x40,0x1E,0x7C,0x3F,0xFC,0x24,0x90,0x08,0x80,0x19,0xFC,0x19,0xBC,0x3F,0x0C,0x1A,0xCC,0x18,0x4C,0x1C,0x3C,0x1D,0xC8,0x31,0x08,0x00,0x78,0x00,0x00,0x00,0x00}},
    {0x7B71, {0x30,0x80,0x34,0xCC,0x7F,0xFC,0x49,0x30,0x18,0x80,0x10,0x80,0x35,0xFC,0x75,0x98,0xF7,0x98,0x36,0xD0,0x34,0x70,0x34,0x60,0x34,0xF0,0x33,0x9C,0x32,0x04,0x00,0x00}},
    {0x7B77, {0x30,0xC0,0x3E,0xFC,0x7F,0xFC,0x49,0x30,0x10,0xC0,0x3B,0xF8,0x7C,0xC8,0x74,0xC8,0x70,0xC8,0x17,0xFC,0x10,0xE0,0x10,0xE0,0x11,0xB0,0x17,0x1C,0x14,0x04,0x00,0x00}},
    {0x7B7E, {0x30,0x80,0x34,0xCC,0x3F,0xFC,0x69,0x30,0x4B,0x90,0x06,0xC0,0x1C,0x70,0x7F,0xFC,0x47,0xC4,0x11,0x10,0x19,0x30,0x19,0xB0,0x00,0x60,0x7F,0xFC,0x7F,0xBC,0x00,0x00}},
    {0x7B80, {0x08,0x20,0x19,0x64,0x1F,0xFE,0x36,0xC8,0x00,0x08,0x0B,0xFC,0x1C,0x04,0x33,0xE4,0x33,0xE4,0x32,0x24,0x33,0xE4,0x32,0x24,0x33,0xE4,0x30,0x1C,0x00,0x08,0x00,0x00}},
    {0x7B90, {0x10,0xC0,0x3F,0xFC,0x69,0x90,0x3F,0xF8,0x03,0x80,0x1F,0xF8,0x4B,0x84,0x7F,0xFC,0x1F,0xF0,0x30,0x18,0x1F,0xF0,0x10,0x10,0x1F,0xF0,0x30,0x10,0x10,0x70,0x00,0x00}},
    {0x7B94, {0x18,0x40,0x1A,0x6E,0x3F,0xFE,0x24,0x98,0x24,0x28,0x18,0x60,0x0D,0xFE,0x21,0x06,0x39,0x06,0x01,0xFC,0x05,0x06,0x0D,0x06,0x19,0x06,0x11,0xFE,0x11,0x04,0x00,0x00}},
    {0x7B97, {0x30,0x80,0x36,0xFC,0x7F,0xFC,0x49,0x30,0x1F,0xF8,0x30,0x18,0x3F,0xF8,0x3F,0xF8,0x30,0x18,0x1F,0xF8,0x0C,0x60,0x7F,0xFC,0x18,0x60,0x30,0x60,0x20,0x20,0x00,0x00}},
    {0x7BA1, {0x10,0x20,0x1B,0x66,0x3F,0xFE,0x24,0x88,0x01,0x80,0x3F,0xFE,0x33,0x66,0x0F,0xF8,0x08,0x08,0x0F,0xF8,0x0C,0x00,0x0F,0xFC,0x08,0x0C,0x0F,0xFC,0x0C,0x0C,0x00,0x00}},
    {0x7BAD, {0x10,0x40,0x3E,0xFC,0x7F,0xFC,0x49,0x10,0x08,0x60,0x7F,0xFC,0x00,0x00,0x3E,0x08,0x36,0x48,0x3E,0x48,0x22,0x48,0x3E,0x48,0x3E,0x48,0x26,0x38,0x00,0x10,0x00,0x00}},
    {0x7BB1, {0x30,0xC0,0x36,0xDC,0x3F,0xFC,0x69,0x30,0x49,0x10,0x18,0xF8,0x7F,0xFC,0x7F,0x8C,0x19,0xFC,0x3D,0x8C,0x3F,0x8C,0x59,0xFC,0x59,0x8C,0x19,0xFC,0x19,0x8C,0x00,0x00}},
    {0x7BC7, {0x10,0x40,0x1A,0x6E,0x3F,0xFE,0x24,0x98,0x20,0xC0,0x1F,0xFC,0x18,0x04,0x1F,0xFC,0x1A,0x50,0x1F,0xFC,0x1D,0xA6,0x1F,0xFC,0x3F,0xFC,0x2D,0xA6,0x2D,0x0C,0x00,0x00}},
    {0x7BEE, {0x10,0x40,0x36,0xCC,0x7F,0xFC,0x49,0x10,0x04,0xC0,0x24,0xFC,0x24,0xA0,0x25,0xB0,0x25,0x10,0x04,0x00,0x3F,0xF8,0x36,0xD8,0x36,0xC8,0x7F,0xFC,0x59,0x34,0x00,0x00}},
    {0x7BF7, {0x30,0x80,0x34,0xDC,0x7F,0xFC,0x49,0x90,0x61,0xF8,0x37,0xB0,0x10,0xF0,0x67,0x5C,0x77,0xF8,0x10,0x60,0x13,0xF8,0x10,0x60,0x3F,0xFC,0x6F,0xFC,0x00,0x00,0x00,0x00}},
    {0x7BFE, {0x10,0x80,0x36,0xDC,0x3F,0xFC,0x49,0x20,0x3F,0xF8,0x26,0x48,0x3E,0xC8,0x1F,0xF8,0x3F,0xFC,0x35,0x98,0x30,0x90,0x3C,0xF0,0x24,0xE4,0x63,0xF4,0x46,0x1C,0x00,0x00}},
    {0x7C16, {0x10,0x40,0x3E,0xFC,0x7F,0xFC,0x49,0x10,0x04,0x1C,0x77,0x78,0x76,0x40,0x7F,0x7C,0x6E,0xFC,0x6E,0x48,0x7F,0xD8,0x64,0xD8,0x64,0xD8,0x7F,0x98,0x00,0x88,0x00,0x00}},
    {0x7C27, {0x10,0x40,0x32,0xC4,0x7F,0xFC,0x4C,0x00,0x7F,0xFC,0x0C,0x60,0x7E,0xFC,0x7F,0xFC,0x1F,0xF0,0x33,0x98,0x3F,0xF8,0x33,0x98,0x1F,0xF0,0x38,0x38,0x60,0x08,0x00,0x00}},
    {0x7C3E, {0x20,0x40,0x36,0xDC,0x7F,0xFC,0x49,0x20,0x3F,0xFC,0x26,0x60,0x3F,0xF8,0x2F,0xF0,0x27,0xD8,0x7F,0xFC,0x63,0x58,0x6F,0xF8,0x46,0x70,0x5A,0x5C,0x52,0x44,0x00,0x00}},
    {0x7C41, {0x20,0x80,0x36,0xDC,0x7F,0xFC,0x49,0x60,0x18,0x78,0x7E,0x98,0x19,0xF8,0x7F,0xFC,0x52,0x84,0x7E,0xB4,0x3C,0xAC,0x3E,0xA4,0x7A,0x78,0x58,0xCC,0x19,0x84,0x00,0x00}},
    {0x7C4D, {0x08,0x20,0x19,0x7E,0x1F,0xFE,0x36,0xC8,0x0C,0x6C,0x3F,0xFE,0x0C,0x68,0x3E,0xFE,0x08,0x92,0x3E,0x7C,0x1C,0xC4,0x1E,0xFC,0x28,0xFC,0x28,0xFC,0x08,0x44,0x00,0x00}},
    {0x7C73, {0x01,0x00,0x21,0x08,0x31,0x18,0x11,0x10,0x19,0x30,0x01,0x00,0x7F,0xFC,0x7F,0xFC,0x07,0xC0,0x0D,0x60,0x19,0x30,0x39,0x18,0x61,0x0C,0x41,0x04,0x01,0x00,0x00,0x00}},
    {0x7C7B, {0x01,0x00,0x19,0x30,0x09,0x20,0x7F,0xFC,0x37,0xDC,0x07,0xE0,0x19,0x38,0x71,0x0C,0x01,0x00,0x03,0x00,0x7F,0xFC,0x03,0x80,0x0E,0xE0,0x78,0x3C,0x60,0x0C,0x00,0x00}},
    {0x7C7D, {0x10,0x00,0x11,0xF8,0x57,0xFC,0x74,0x18,0x7C,0x30,0x7C,0x20,0x7C,0x20,0x11,0xFC,0x39,0x7C,0x3C,0x20,0x74,0x20,0x50,0x20,0x50,0x20,0x10,0x20,0x10,0xE0,0x00,0x00}},
    {0x7C89, {0x10,0x00,0x14,0xD0,0x54,0x98,0x7D,0x98,0x39,0x88,0x7B,0x0C,0x7F,0xFC,0x31,0xF8,0x38,0xC8,0x7C,0xC8,0x74,0x88,0xD1,0x88,0x11,0x18,0x13,0x78,0x10,0x20,0x00,0x00}},
    {0x7C97, {0x10,0x00,0x53,0xF8,0x57,0x88,0x7D,0x88,0x3D,0x88,0x7D,0xF8,0x7D,0x88,0x19,0x88,0x3D,0x88,0x3D,0xF8,0x71,0x98,0x51,0x88,0x11,0x88,0x13,0xFC,0x13,0xFC,0x00,0x00}},
    {0x7C98, {0x10,0x60,0x5A,0x60,0x5E,0x60,0x7C,0x7C,0x1C,0x7C,0x5C,0x60,0x7E,0x60,0x10,0x60,0x39,0xFC,0x3D,0x0C,0x7F,0x04,0x59,0x04,0x59,0x04,0x19,0xFC,0x19,0x0C,0x00,0x00}},
    {0x7C9F, {0x00,0x00,0x7F,0xFC,0x04,0xC0,0x3F,0xF8,0x3F,0xF8,0x24,0xC8,0x3E,0xD8,0x3F,0xF8,0x19,0x30,0x09,0x30,0x7F,0xFC,0x07,0xC0,0x1D,0x70,0x71,0x1C,0x41,0x04,0x00,0x00}},
    {0x7CA1, {0x08,0x00,0x1B,0xFC,0x3F,0x04,0x3F,0x04,0x3D,0xFC,0x3F,0x04,0x1B,0x74,0x19,0xDC,0x3D,0x9C,0x3F,0x7C,0x79,0x64,0x09,0x04,0x19,0x04,0x09,0x1C,0x00,0x00,0x00,0x00}},
    {0x7CA4, {0x02,0x00,0x07,0xA0,0x3F,0xF8,0x25,0x58,0x3F,0xF8,0x37,0xD8,0x3F,0xF8,0x1F,0xF0,0x00,0x00,0x7F,0xFC,0x18,0x00,0x1F,0xF0,0x00,0x10,0x00,0xF0,0x00,0x00,0x00,0x00}},
    {0x7CA5, {0x30,0x1C,0x3C,0xBE,0x0E,0xE2,0x0F,0xC2,0x3D,0xDE,0x21,0x98,0x23,0xF0,0x39,0x9E,0x3D,0xDE,0x0F,0xE2,0x0F,0xA2,0x0C,0x86,0x08,0x86,0x38,0x9C,0x00,0x08,0x00,0x00}},
    {0x7CAE, {0x10,0x40,0x10,0x60,0x77,0xF8,0x75,0x8C,0x3D,0x0C,0x79,0xFC,0x7F,0x0C,0x19,0xFC,0x3D,0xF8,0x35,0x2C,0x71,0x38,0x51,0x10,0x11,0xF8,0x11,0xCC,0x11,0x00,0x00,0x00}},
    {0x7CBE, {0x10,0x20,0x15,0xFC,0x7D,0xFC,0x79,0xF8,0x38,0x60,0x73,0xFC,0x78,0x00,0x31,0xF8,0x39,0xAC,0x7D,0xFC,0x71,0x0C,0xD1,0xFC,0x11,0xFC,0x31,0x0C,0x11,0x18,0x00,0x00}},
    {0x7CCA, {0x11,0x00,0x11,0xBC,0x3D,0xA4,0x3F,0xE4,0x19,0xBC,0x3D,0xBC,0x39,0xA4,0x1B,0xF4,0x3E,0x7C,0x3E,0x64,0x72,0x64,0x13,0xE4,0x12,0x64,0x10,0x6C,0x00,0x00,0x00,0x00}},
    {0x7CD5, {0x10,0x08,0x15,0x98,0x54,0x98,0x7F,0xFC,0x78,0x60,0x78,0x60,0x7D,0xFC,0x30,0x60,0x38,0x60,0x77,0xFC,0x70,0x00,0xD2,0xAC,0x12,0xB4,0x16,0xD4,0x14,0x04,0x00,0x00}},
    {0x7CD6, {0x30,0x60,0x31,0xFC,0x7F,0xFC,0x7A,0x20,0x7B,0xFC,0x7B,0x2C,0x7F,0xFC,0x32,0x24,0x3B,0xFC,0x7E,0x20,0x76,0xFC,0xF7,0x8C,0x35,0x8C,0x35,0xFC,0x30,0x8C,0x00,0x00}},
    {0x7CEF, {0x10,0x00,0x77,0xFC,0x7F,0xFC,0x7F,0xFC,0x3B,0xFC,0x78,0x60,0x79,0x18,0x33,0xFC,0x3B,0xFC,0x38,0x40,0x73,0xFC,0x52,0x94,0x32,0x94,0x32,0x94,0x12,0x9C,0x00,0x00}},
    {0x7CF8, {0x01,0x00,0x03,0x00,0x06,0x30,0x0C,0x70,0x1F,0xC0,0x03,0x90,0x06,0x08,0x1F,0xFC,0x1F,0xF6,0x00,0x80,0x0C,0x98,0x18,0x8C,0x30,0x86,0x23,0x86,0x03,0x00,0x00,0x00}},
    {0x7CFB, {0x00,0x10,0x3F,0xF0,0x3F,0x00,0x04,0x20,0x1C,0xE0,0x1F,0x80,0x07,0x20,0x0C,0x30,0x3F,0xF8,0x21,0x0C,0x09,0x20,0x19,0x30,0x31,0x0C,0x27,0x00,0x06,0x00,0x00,0x00}},
    {0x7D05, {0x08,0x00,0x19,0xFC,0x31,0xFC,0x24,0x20,0x6C,0x20,0x78,0x20,0x14,0x20,0x36,0x20,0x7E,0x20,0x00,0x20,0x14,0x20,0x7E,0x20,0x5B,0xFC,0x43,0xFC,0x00,0x00,0x00,0x00}},
    {0x7D0D, {0x08,0x10,0x18,0x30,0x18,0x30,0x14,0x30,0x24,0xFE,0x39,0xB6,0x19,0xB6,0x17,0xB6,0x3F,0xBE,0x31,0xEE,0x05,0xCE,0x2B,0x86,0x2B,0x86,0x69,0x8E,0x00,0x08,0x00,0x00}},
    {0x7D20, {0x01,0x00,0x3F,0xF8,0x3F,0xF8,0x1F,0xF0,0x03,0x80,0x7F,0xFC,0x06,0x20,0x1F,0xE0,0x1F,0x80,0x0E,0x38,0x3F,0xFC,0x29,0x04,0x19,0x30,0x71,0x1C,0x67,0x0C,0x00,0x00}},
    {0x7D22, {0x01,0x00,0x3F,0xF8,0x7F,0xFC,0x01,0x00,0x7F,0xFC,0x67,0x0C,0x44,0x64,0x1F,0xC0,0x17,0x20,0x0C,0x30,0x3F,0xF8,0x09,0x20,0x19,0x38,0x67,0x0C,0x02,0x00,0x00,0x00}},
    {0x7D27, {0x00,0x00,0x29,0xF8,0x2D,0x98,0x2C,0xF0,0x28,0x60,0x2D,0xF8,0x0F,0x1C,0x0C,0x40,0x1F,0xC0,0x1F,0x30,0x3F,0xF8,0x29,0x00,0x19,0x30,0x31,0x18,0x67,0x08,0x00,0x00}},
    {0x7D2B, {0x08,0x80,0x2E,0xD8,0x6E,0xF0,0x68,0xC4,0x6E,0xC4,0x7F,0xFC,0x42,0x60,0x1F,0xC0,0x1F,0xA0,0x0E,0x30,0x3F,0xF8,0x39,0x0C,0x19,0x30,0x71,0x18,0x67,0x08,0x00,0x00}},
    {0x7D6E, {0x08,0x00,0x2E,0x3C,0x3F,0x7E,0x13,0x46,0x1E,0x66,0x0E,0x7C,0x39,0x80,0x23,0x30,0x0F,0xF0,0x07,0x98,0x1F,0xFC,0x14,0x80,0x0C,0x98,0x18,0x8C,0x33,0x84,0x00,0x00}},
    {0x7D71, {0x10,0x40,0x10,0x40,0x33,0xFC,0x2D,0xDC,0x78,0x90,0x79,0x98,0x3B,0xFC,0x2D,0x84,0x7C,0xB0,0x45,0xB0,0x09,0xB0,0x7D,0xB4,0x55,0x36,0xD7,0x3C,0x06,0x08,0x00,0x00}},
    {0x7D72, {0x10,0x00,0x10,0x60,0x30,0x48,0x24,0xD8,0x6C,0xF0,0x78,0xE0,0x14,0x48,0x24,0xCC,0x7E,0xFC,0x72,0x30,0x04,0xAC,0x54,0xA4,0x53,0xA4,0x59,0x34,0x00,0x60,0x00,0x00}},
    {0x7DAD, {0x10,0xA0,0x10,0xB0,0x31,0x90,0x2D,0xFC,0x69,0xB0,0x7B,0x30,0x33,0xFC,0x25,0xFC,0x7D,0x30,0x41,0xFC,0x05,0xB0,0x55,0x30,0x55,0xFC,0x51,0xFC,0x01,0x00,0x00,0x00}},
    {0x7DB2, {0x08,0x00,0x19,0xFC,0x13,0x14,0x37,0x54,0x39,0x74,0x39,0xFC,0x17,0x24,0x3F,0xFC,0x3F,0xC4,0x03,0x44,0x3F,0x7C,0x3F,0x04,0x2B,0x04,0x21,0x0C,0x00,0x00,0x00,0x00}},
    {0x7DD1, {0x10,0x00,0x11,0xF8,0x30,0x08,0x2D,0xF8,0x68,0x08,0x78,0x1C,0x33,0xFC,0x2C,0x20,0x7D,0x2C,0x64,0xB8,0x08,0x70,0x7D,0xF8,0x57,0x2C,0x52,0x64,0x40,0xE0,0x00,0x00}},
    {0x7DDA, {0x10,0x60,0x10,0xF0,0x31,0xFC,0x2D,0x0C,0x69,0xFC,0x79,0x0C,0x39,0xFC,0x29,0xF8,0x7C,0x24,0x7F,0xFC,0x08,0xF8,0x79,0xB8,0x5F,0x2C,0x52,0x64,0x00,0xE0,0x00,0x00}},
    {0x7DE3, {0x00,0x80,0x10,0xF0,0x31,0xF8,0x29,0xF8,0x78,0x18,0x73,0xFE,0x28,0xC0,0x6D,0xCC,0x7F,0x78,0x40,0xF8,0x0B,0x28,0x74,0x6C,0x55,0xB4,0xD3,0x24,0x00,0xE0,0x00,0x00}},
    {0x7E23, {0x00,0x08,0x7E,0xFC,0x62,0xE0,0x7E,0x48,0x66,0xD8,0x7E,0xF0,0x66,0x20,0x7E,0x6C,0x62,0xFC,0x7F,0xB0,0x08,0xB8,0x6A,0xB4,0x49,0x94,0x18,0x70,0x10,0x00,0x00,0x00}},
    {0x7E41, {0x30,0x40,0x7F,0x74,0x74,0xFC,0x3F,0xC8,0x7F,0x30,0x6A,0x30,0x6E,0xFC,0x3E,0xC4,0x1F,0xC0,0x1F,0x30,0x0E,0x38,0x3F,0xFC,0x09,0x20,0x39,0x38,0x67,0x0C,0x00,0x00}},
    {0x7EA0, {0x04,0x02,0x0C,0x46,0x08,0x66,0x18,0x66,0x33,0x66,0x3E,0x66,0x2C,0x66,0x08,0x62,0x1B,0x46,0x3E,0x7E,0x00,0xFE,0x03,0x42,0x3F,0x06,0x30,0x06,0x00,0x02,0x00,0x00}},
    {0x7EA2, {0x00,0x00,0x18,0x00,0x19,0x98,0x33,0xFC,0x24,0x60,0x6C,0x60,0x78,0x60,0x78,0x60,0x30,0x60,0x7C,0x60,0x7C,0x60,0x00,0x60,0x0C,0x60,0x7F,0xFC,0x43,0xFC,0x00,0x00}},
    {0x7EA4, {0x08,0x08,0x19,0xF8,0x11,0xE0,0x30,0x20,0x24,0x20,0x7C,0x20,0x78,0x70,0x13,0xFC,0x30,0x20,0x7C,0x20,0x40,0x20,0x00,0x20,0x7C,0x20,0x60,0x20,0x00,0x20,0x00,0x00}},
    {0x7EA6, {0x00,0x40,0x0C,0x40,0x18,0xC0,0x10,0xFE,0x36,0x86,0x3D,0x86,0x3C,0xC6,0x18,0x66,0x3E,0x36,0x3E,0x16,0x00,0x06,0x02,0x04,0x3E,0x04,0x20,0x3C,0x00,0x10,0x00,0x00}},
    {0x7EA7, {0x10,0x00,0x13,0xF0,0x33,0xF8,0x21,0x90,0x6D,0xB0,0x79,0xB0,0x79,0xBC,0x31,0x8C,0x3D,0xC8,0x79,0x58,0x43,0x30,0x1F,0x30,0x7A,0x78,0x46,0xCC,0x05,0x84,0x00,0x00}},
    {0x7EAA, {0x00,0x00,0x19,0xF8,0x11,0xFC,0x30,0x0C,0x64,0x0C,0x7C,0x0C,0x79,0xFC,0x11,0xFC,0x35,0x00,0x7D,0x00,0x41,0x00,0x01,0x06,0x7D,0x04,0x61,0xFC,0x00,0x78,0x00,0x00}},
    {0x7EAB, {0x08,0x00,0x19,0xFC,0x19,0xFC,0x10,0x24,0x34,0xAC,0x3D,0x6C,0x19,0x6C,0x11,0x6C,0x3F,0x4C,0x38,0x4C,0x00,0xCC,0x0C,0x88,0x39,0x88,0x03,0x38,0x00,0x00,0x00,0x00}},
    {0x7EAC, {0x10,0x40,0x10,0x60,0x33,0xFC,0x23,0xFC,0x6C,0x60,0x7B,0xF8,0x70,0x60,0x30,0x60,0x2F,0xFC,0x78,0x64,0x40,0x64,0x04,0x64,0x7C,0x6C,0x60,0x68,0x00,0x40,0x00,0x00}},
    {0x7EAF, {0x10,0x20,0x10,0x60,0x33,0xFC,0x21,0xF8,0x6C,0x60,0x7B,0x6C,0x7B,0x6C,0x13,0x6C,0x3F,0x6C,0x7F,0xFC,0x00,0x6C,0x0C,0x64,0x7C,0x66,0x40,0x3C,0x00,0x18,0x00,0x00}},
    {0x7EB1, {0x00,0x00,0x18,0x60,0x10,0x60,0x30,0x68,0x25,0x68,0x6D,0x6C,0x7B,0x64,0x13,0x64,0x20,0x68,0x7C,0x68,0x40,0x18,0x04,0x30,0x7C,0xE0,0x43,0x80,0x02,0x00,0x00,0x00}},
    {0x7EB3, {0x08,0x30,0x08,0x30,0x18,0x30,0x10,0x30,0x37,0xFE,0x3D,0x36,0x39,0x26,0x09,0x36,0x13,0x7E,0x3F,0xCE,0x21,0xCE,0x07,0x86,0x3F,0x06,0x21,0x0E,0x01,0x08,0x00,0x00}},
    {0x7EB5, {0x00,0x00,0x01,0x10,0x11,0x10,0x31,0x10,0x21,0x10,0x69,0x10,0x79,0x30,0x71,0x30,0x31,0x30,0x7B,0xB8,0x73,0xF8,0x02,0x68,0x3E,0x6C,0x64,0xC4,0x04,0x84,0x00,0x00}},
    {0x7EB6, {0x10,0x60,0x10,0x60,0x30,0xF0,0x20,0x90,0x6D,0x98,0x7B,0x0C,0x7B,0x84,0x31,0x98,0x2D,0xB0,0x7D,0xE0,0x41,0x80,0x05,0x80,0x7D,0x8C,0x60,0xFC,0x00,0x70,0x00,0x00}},
    {0x7EB7, {0x10,0x00,0x10,0x90,0x30,0x98,0x21,0x98,0x6D,0x88,0x7B,0x0C,0x7B,0xFC,0x31,0xFC,0x7C,0xC8,0x78,0xC8,0x00,0x88,0x0D,0x88,0x79,0x18,0x43,0x78,0x00,0x20,0x00,0x00}},
    {0x7EB8, {0x10,0x08,0x11,0xF8,0x33,0xF0,0x33,0x30,0x6F,0x30,0x7B,0x30,0x7B,0xFC,0x11,0xFC,0x3F,0x30,0x7F,0x30,0x43,0x10,0x0F,0x14,0x7F,0xDE,0x43,0xCC,0x00,0x00,0x00,0x00}},
    {0x7EB9, {0x10,0x40,0x10,0x40,0x30,0x20,0x23,0xFC,0x6F,0xFC,0x79,0x18,0x79,0x98,0x31,0x98,0x28,0x90,0x78,0xF0,0x40,0x60,0x0C,0xE0,0x79,0xB8,0x47,0x0C,0x04,0x04,0x00,0x00}},
    {0x7EBA, {0x10,0x40,0x10,0x60,0x30,0x20,0x23,0xFC,0x6C,0xC0,0x78,0x80,0x78,0xF8,0x30,0xFC,0x7C,0x8C,0x78,0x88,0x01,0x88,0x0D,0x08,0x7B,0x08,0x46,0x38,0x00,0x30,0x00,0x00}},
    {0x7EBD, {0x10,0x00,0x13,0xFC,0x30,0xCC,0x20,0xCC,0x6C,0xC8,0x78,0xC8,0x79,0xF8,0x33,0xF8,0x30,0x88,0x78,0x88,0x40,0x88,0x0D,0x98,0x79,0x98,0x67,0xFC,0x03,0xFC,0x00,0x00}},
    {0x7EBF, {0x10,0x40,0x18,0x58,0x30,0x48,0x30,0xFC,0x6D,0xE0,0x78,0x40,0x78,0x7C,0x33,0xF0,0x3C,0x64,0x78,0x6C,0x00,0x38,0x0C,0x70,0x79,0xF4,0x43,0x1C,0x00,0x08,0x00,0x00}},
    {0x7EC3, {0x10,0x80,0x30,0x80,0x37,0xFC,0x21,0xB8,0x69,0x80,0x7B,0xE0,0x71,0x60,0x33,0xF8,0x7B,0xF8,0x78,0x60,0x43,0x68,0x1B,0x6C,0x7E,0x64,0x44,0x64,0x00,0xC0,0x00,0x00}},
    {0x7EC4, {0x18,0x00,0x19,0xF8,0x31,0x88,0x21,0x08,0x65,0x88,0x79,0xF8,0x79,0x88,0x11,0x08,0x35,0x08,0x7D,0xF8,0x41,0x98,0x0D,0x08,0x7D,0x08,0x43,0xFC,0x03,0xFC,0x00,0x00}},
    {0x7EC5, {0x08,0x30,0x08,0x30,0x18,0xFE,0x11,0xFE,0x37,0x32,0x3D,0xB6,0x3D,0xFE,0x19,0x36,0x3F,0x32,0x3F,0xFE,0x01,0xB6,0x00,0x30,0x3E,0x30,0x30,0x30,0x00,0x30,0x00,0x00}},
    {0x7EC6, {0x0C,0x00,0x09,0xFE,0x19,0xB6,0x11,0xB2,0x33,0xB6,0x3D,0xB2,0x3D,0xFE,0x19,0xFE,0x3F,0xB6,0x3F,0xB6,0x21,0xB6,0x01,0xB2,0x3F,0xFE,0x31,0xFE,0x00,0x00,0x00,0x00}},
    {0x7EC7, {0x08,0x00,0x08,0xFC,0x19,0xFC,0x11,0x84,0x37,0x84,0x3D,0x84,0x3D,0x84,0x09,0xFC,0x12,0x30,0x3E,0x00,0x20,0xC8,0x02,0x8C,0x3F,0x84,0x31,0x06,0x01,0x00,0x00,0x00}},
    {0x7EC8, {0x10,0xC0,0x10,0xE0,0x31,0xF8,0x23,0x98,0x6E,0xD0,0x78,0x70,0x70,0xF0,0x31,0x9C,0x6F,0x0C,0x7C,0x60,0x40,0x30,0x01,0x80,0x7D,0xE0,0x60,0x38,0x00,0x08,0x00,0x00}},
    {0x7ECD, {0x08,0x00,0x09,0xFE,0x18,0x66,0x10,0x66,0x32,0x46,0x36,0xC6,0x3D,0x9C,0x09,0x08,0x1A,0xFC,0x3F,0xF6,0x20,0x86,0x01,0x86,0x3F,0x86,0x30,0xFE,0x00,0x86,0x00,0x00}},
    {0x7ECF, {0x10,0x00,0x13,0xF8,0x30,0x18,0x24,0x30,0x6C,0x60,0x79,0xF8,0x7B,0x9C,0x32,0x04,0x31,0xFC,0x7D,0xF8,0x40,0x60,0x00,0x60,0x7C,0x60,0x63,0xFC,0x03,0xFC,0x00,0x00}},
    {0x7ED2, {0x10,0x20,0x10,0x28,0x30,0x24,0x23,0xFC,0x6C,0x20,0x79,0x24,0x71,0x24,0x33,0xEC,0x7F,0xF8,0x79,0x18,0x01,0x10,0x0D,0x30,0x7F,0x7E,0x42,0xCC,0x00,0x00,0x00,0x00}},
    {0x7ED3, {0x08,0x30,0x08,0x30,0x19,0xFE,0x10,0xFC,0x36,0x30,0x7C,0x30,0x3D,0xFE,0x18,0x00,0x3E,0x00,0x3C,0xFC,0x00,0x86,0x00,0x86,0x3E,0x86,0x38,0xFC,0x00,0x84,0x00,0x00}},
    {0x7ED5, {0x10,0x80,0x30,0x80,0x33,0xFC,0x23,0xC8,0x68,0x58,0x78,0x70,0x71,0xE4,0x33,0x9C,0x20,0x08,0x7F,0xFC,0x61,0xB0,0x09,0xB0,0x79,0x34,0x47,0x3C,0x04,0x00,0x00,0x00}},
    {0x7ED8, {0x10,0x40,0x30,0x60,0x30,0xE0,0x21,0x90,0x6B,0x18,0x7F,0x6C,0x71,0xF0,0x30,0x00,0x7B,0xFC,0x7B,0xF8,0x40,0x80,0x19,0x98,0x7B,0x18,0x43,0xFC,0x00,0x04,0x00,0x00}},
    {0x7ED9, {0x10,0x40,0x10,0x60,0x30,0xE0,0x20,0xB0,0x6D,0x98,0x7B,0xFC,0x7B,0xFC,0x30,0x00,0x21,0xF8,0x79,0xD8,0x41,0x08,0x01,0x08,0x7D,0x08,0x71,0xF8,0x01,0x18,0x00,0x00}},
    {0x7EDA, {0x08,0x40,0x18,0xC0,0x18,0xFE,0x11,0xFE,0x37,0x02,0x7D,0xF2,0x3C,0x92,0x18,0x92,0x10,0xF2,0x3C,0x92,0x20,0x96,0x06,0xF6,0x3C,0x06,0x20,0x1C,0x00,0x18,0x00,0x00}},
    {0x7EDB, {0x10,0x40,0x10,0xE0,0x31,0xF8,0x23,0x98,0x6E,0x70,0x78,0xF0,0x73,0x9C,0x32,0x24,0x39,0xFC,0x79,0x60,0x43,0x20,0x0B,0xFC,0x7B,0xFC,0x40,0x20,0x00,0x20,0x00,0x00}},
    {0x7EDC, {0x10,0x80,0x10,0xF0,0x31,0xFC,0x23,0x88,0x6E,0x98,0x78,0x70,0x78,0xF0,0x33,0x9C,0x3F,0x0C,0x79,0xF8,0x41,0x0C,0x0D,0x0C,0x79,0xF8,0x41,0xFC,0x00,0x00,0x00,0x00}},
    {0x7EDD, {0x10,0x80,0x10,0xE0,0x31,0xF8,0x21,0x10,0x6F,0x30,0x7F,0xFC,0x7B,0x6C,0x33,0x6C,0x7F,0xFC,0x7B,0x00,0x03,0x00,0x0F,0x04,0x7F,0x04,0x41,0xFC,0x00,0xF8,0x00,0x00}},
    {0x7EDE, {0x10,0x40,0x10,0x60,0x33,0xFC,0x23,0xFC,0x6D,0x90,0x79,0x18,0x7B,0x0C,0x33,0x1C,0x21,0x90,0x78,0xB0,0x40,0xE0,0x08,0x60,0x79,0xF0,0x43,0x1C,0x02,0x04,0x00,0x00}},
    {0x7EDF, {0x10,0x40,0x10,0x60,0x33,0xFC,0x23,0xFC,0x6C,0xD0,0x79,0x98,0x7B,0xFC,0x33,0xFC,0x7D,0xB0,0x79,0xB0,0x41,0xB0,0x0D,0x34,0x7B,0x36,0x46,0x3C,0x04,0x08,0x00,0x00}},
    {0x7EE3, {0x08,0xF8,0x19,0xF0,0x10,0x20,0x33,0xFC,0x24,0xF8,0x7C,0xF8,0x19,0x24,0x11,0x20,0x3D,0xF0,0x38,0xDC,0x00,0xCC,0x1C,0x84,0x39,0x84,0x03,0x1C,0x00,0x00,0x00,0x00}},
    {0x7EE5, {0x10,0x08,0x13,0xF8,0x33,0xC0,0x22,0x4C,0x6F,0x68,0x79,0x58,0x78,0x40,0x33,0xFC,0x3F,0xFC,0x79,0x98,0x41,0x90,0x0D,0xF0,0x78,0xF0,0x43,0x98,0x06,0x08,0x00,0x00}},
    {0x7EE7, {0x00,0x00,0x10,0x20,0x13,0x34,0x32,0xAC,0x22,0x78,0x6F,0x30,0x7B,0xFC,0x53,0x30,0x32,0x78,0x7E,0x7C,0x7B,0xB4,0x43,0xB0,0x06,0x30,0x7F,0x00,0x63,0xFC,0x00,0x00}},
    {0x7EE9, {0x10,0x40,0x13,0xFC,0x33,0xFC,0x21,0xF8,0x6C,0x60,0x78,0x60,0x7B,0xFC,0x11,0xF8,0x23,0xFC,0x7B,0x4C,0x43,0x6C,0x03,0x4C,0x7C,0xD0,0x63,0x9C,0x06,0x04,0x00,0x00}},
    {0x7EEA, {0x10,0x40,0x10,0x44,0x33,0xFC,0x21,0xD8,0x6C,0x50,0x7B,0xFC,0x70,0xC0,0x31,0xF8,0x7F,0xFC,0x7D,0x8C,0x61,0x8C,0x01,0xFC,0x7D,0x8C,0x61,0xFC,0x01,0x88,0x00,0x00}},
    {0x7EED, {0x10,0x40,0x11,0xF8,0x31,0xF8,0x20,0x60,0x6F,0xFC,0x78,0x0C,0x71,0xEC,0x12,0xE0,0x21,0x20,0x79,0x60,0x43,0xFC,0x08,0x40,0x78,0x98,0x43,0x8C,0x02,0x04,0x00,0x00}},
    {0x7EEE, {0x10,0x60,0x11,0xF8,0x33,0xFC,0x20,0x60,0x6D,0xF8,0x7B,0x0C,0x7B,0x6C,0x13,0xFC,0x20,0x08,0x79,0xE8,0x63,0x28,0x01,0xE8,0x79,0xE8,0x60,0x08,0x00,0x38,0x00,0x00}},
    {0x7EEF, {0x10,0x90,0x10,0x90,0x30,0x90,0x23,0x9C,0x68,0x90,0x68,0x90,0x7B,0x9C,0x33,0x9C,0x20,0x90,0x78,0x90,0x67,0x9C,0x00,0x90,0x78,0x90,0x60,0x90,0x00,0x90,0x00,0x00}},
    {0x7EF3, {0x10,0x00,0x11,0xF8,0x31,0x08,0x21,0xF8,0x6C,0x60,0x78,0x60,0x7B,0xFC,0x32,0x64,0x23,0xFC,0x7B,0x6C,0x43,0x6C,0x0B,0xFC,0x78,0x64,0x40,0x7C,0x00,0x00,0x00,0x00}},
    {0x7EF4, {0x10,0xA0,0x10,0xB0,0x31,0x90,0x21,0xFC,0x6F,0x30,0x6F,0x30,0x7B,0xFC,0x11,0xFC,0x21,0x30,0x79,0xFC,0x01,0xB0,0x0D,0x30,0x7D,0xFC,0x41,0xFC,0x01,0x00,0x00,0x00}},
    {0x7EF5, {0x08,0x20,0x08,0x78,0x19,0xFE,0x11,0x86,0x37,0xFE,0x3D,0x86,0x3D,0xDE,0x18,0xFC,0x1D,0xFE,0x3D,0xF6,0x01,0x32,0x0F,0x32,0x39,0x36,0x20,0x34,0x00,0x20,0x00,0x00}},
    {0x7EF8, {0x08,0x00,0x09,0xFE,0x19,0x02,0x11,0x32,0x37,0xFE,0x35,0x32,0x3D,0xBE,0x19,0xFE,0x1D,0x7A,0x3D,0x5E,0x21,0x4E,0x01,0x7E,0x1F,0x72,0x3A,0x06,0x02,0x0E,0x00,0x00}},
    {0x7EFC, {0x10,0x40,0x10,0x60,0x33,0xFC,0x23,0x9C,0x6E,0x04,0x79,0xF8,0x78,0x00,0x10,0x00,0x23,0xFC,0x78,0x60,0x41,0x68,0x03,0x6C,0x3E,0x64,0x76,0x64,0x00,0xE0,0x00,0x00}},
    {0x7EFF, {0x10,0x00,0x11,0xF8,0x30,0x08,0x21,0xF8,0x68,0x08,0x78,0x1C,0x73,0xFC,0x30,0x60,0x21,0x6C,0x79,0xF8,0x40,0xF0,0x01,0xF8,0x7B,0x6C,0x62,0x64,0x00,0xE0,0x00,0x00}},
    {0x7F06, {0x10,0x90,0x12,0xBC,0x32,0xBC,0x22,0xE0,0x6E,0xC8,0x78,0x80,0x70,0xF0,0x33,0xF8,0x3B,0x48,0x7B,0x48,0x43,0x48,0x1E,0x68,0x78,0xE0,0x47,0xBC,0x04,0x00,0x00,0x00}},
    {0x7F07, {0x10,0x00,0x11,0xF8,0x31,0x08,0x21,0xF8,0x6D,0x08,0x79,0xF8,0x58,0x00,0x33,0xFC,0x27,0xFC,0x79,0x60,0x03,0x7C,0x0F,0x60,0x7F,0xE0,0x46,0xFC,0x04,0x1C,0x00,0x00}},
    {0x7F09, {0x00,0x00,0x11,0xFC,0x31,0x0C,0x21,0xFC,0x6C,0x00,0x78,0x00,0x73,0xFC,0x31,0xF8,0x29,0xF8,0x79,0x0C,0x41,0xF8,0x09,0x0C,0x7F,0xFC,0x60,0x08,0x00,0x08,0x00,0x00}},
    {0x7F16, {0x08,0x20,0x18,0x78,0x19,0xFE,0x11,0x06,0x35,0x86,0x3D,0xFE,0x39,0x80,0x11,0xFE,0x3D,0xAA,0x39,0xAA,0x01,0xFE,0x1F,0xAA,0x3B,0xAA,0x22,0xAA,0x02,0x86,0x00,0x00}},
    {0x7F18, {0x00,0x00,0x19,0xF0,0x11,0xF8,0x21,0xF8,0x68,0x30,0x7F,0xFC,0x70,0xC0,0x33,0xCC,0x3E,0x78,0x79,0xF8,0x43,0x68,0x0C,0xE8,0x79,0xAC,0x63,0x24,0x00,0xE0,0x00,0x00}},
    {0x7F19, {0x10,0x00,0x13,0xFC,0x30,0xF0,0x23,0xFC,0x6D,0xF8,0x79,0xB8,0x7B,0xFC,0x33,0xFC,0x21,0xF8,0x7B,0x0C,0x43,0x0C,0x01,0xFC,0x7F,0x0C,0x63,0xFC,0x01,0x08,0x00,0x00}},
    {0x7F1D, {0x10,0x20,0x34,0x70,0x36,0xF8,0x23,0xD8,0x68,0x30,0x78,0xFC,0x77,0xFC,0x32,0xF8,0x6A,0x30,0x7A,0xF8,0x02,0x30,0x0B,0xFC,0x7F,0x00,0x45,0xFC,0x00,0x10,0x00,0x00}},
    {0x7F24, {0x10,0x40,0x31,0xF8,0x33,0xFC,0x26,0x04,0x6B,0xFC,0x79,0xE0,0x71,0x88,0x31,0xF8,0x79,0x10,0x71,0x30,0x07,0xFC,0x18,0x90,0x71,0x98,0x47,0x0C,0x04,0x04,0x00,0x00}},
    {0x7F26, {0x10,0x00,0x11,0xFC,0x31,0xFC,0x21,0x8C,0x6D,0xF8,0x78,0x00,0x73,0xFC,0x33,0xFC,0x7C,0x00,0x7B,0xF8,0x01,0x98,0x08,0xD8,0x78,0xF0,0x43,0xFC,0x06,0x0C,0x00,0x00}},
    {0x7F28, {0x10,0x00,0x37,0xFC,0x34,0xE4,0x27,0xFC,0x6F,0xFC,0x7F,0xF4,0x73,0x98,0x26,0xEC,0x60,0xC0,0x7F,0xFC,0x01,0x18,0x0B,0xB0,0x78,0xF0,0x47,0xDC,0x06,0x08,0x00,0x00}},
    {0x7F29, {0x10,0x40,0x11,0xF8,0x37,0xFC,0x26,0x04,0x2F,0x00,0x6B,0xFC,0x73,0x20,0x32,0x7C,0x26,0xCC,0x7E,0xC4,0x42,0xFC,0x1A,0xC4,0x7A,0xC4,0x42,0xFC,0x02,0xCC,0x00,0x00}},
    {0x7F2A, {0x10,0x00,0x33,0xBC,0x32,0x8C,0x21,0x9C,0x6B,0x9C,0x7E,0xAC,0x70,0x60,0x30,0xF0,0x67,0x3C,0x7A,0xC4,0x41,0xB0,0x01,0xC8,0x79,0x38,0x61,0xE0,0x03,0x00,0x00,0x00}},
    {0x7F3A, {0x20,0x20,0x20,0x60,0x7C,0x60,0x7D,0xF8,0x50,0x68,0x18,0x68,0x7E,0x68,0x11,0xFC,0x53,0xFC,0x56,0x70,0x52,0x50,0x5E,0xD8,0x7E,0x8C,0x01,0x84,0x00,0x00,0x00,0x00}},
    {0x7F44, {0x18,0x00,0x7E,0xF8,0x3C,0x98,0x01,0x8C,0x3F,0xF8,0x7E,0x58,0x7E,0x70,0x40,0xDC,0x5F,0xF8,0x33,0x00,0x33,0x00,0x7F,0xFC,0x21,0x08,0x3F,0xF8,0x00,0x18,0x00,0x00}},
    {0x7F50, {0x20,0x90,0x63,0xFC,0x7F,0xFC,0x79,0xDC,0xD3,0x74,0x13,0x74,0x7F,0xFC,0x11,0xFC,0x57,0xFC,0x57,0x30,0x55,0xFC,0x7D,0xB0,0x7D,0xF8,0x01,0xFC,0x01,0x00,0x00,0x00}},
    {0x7F51, {0x3F,0xFC,0x7F,0xFE,0x60,0x06,0x63,0x16,0x7A,0xB6,0x6E,0xF6,0x6E,0x66,0x66,0x26,0x66,0x76,0x6F,0x76,0x69,0xD6,0x79,0x86,0x60,0x06,0x60,0x1E,0x00,0x18,0x00,0x00}},
    {0x7F57, {0x3F,0xFC,0x26,0x64,0x26,0x44,0x3F,0xFC,0x3F,0xFC,0x06,0x00,0x0F,0xF8,0x18,0x18,0x34,0x18,0x26,0x30,0x03,0x60,0x01,0xC0,0x07,0x00,0x3E,0x00,0x30,0x00,0x00,0x00}},
    {0x7F58, {0x00,0x00,0x7F,0xFC,0x64,0xCC,0x64,0x4C,0x7F,0xFC,0x00,0x00,0x7F,0xFC,0x7F,0xFC,0x01,0x80,0x07,0x60,0x1D,0x38,0x71,0x1C,0x41,0x04,0x01,0x00,0x01,0x00,0x00,0x00}},
    {0x7F61, {0x00,0x00,0x3F,0xFC,0x64,0xCC,0x64,0xCC,0x7F,0xFC,0x00,0x00,0x7F,0xFC,0x7F,0xFC,0x01,0x00,0x11,0x80,0x11,0xF8,0x11,0x00,0x11,0x80,0x7F,0xFC,0x00,0x00,0x00,0x00}},
    {0x7F6A, {0x00,0x00,0x7F,0xFC,0x64,0x4C,0x7F,0xFC,0x3F,0xF8,0x04,0x40,0x7E,0xFC,0x7E,0xFC,0x06,0xC0,0x7E,0xFC,0x06,0xC0,0x7E,0xFC,0x7E,0xFC,0x06,0xC0,0x06,0xC0,0x00,0x00}},
    {0x7F6E, {0x3F,0xFC,0x26,0x64,0x3E,0xFC,0x3F,0xFC,0x7F,0xFE,0x03,0x04,0x1F,0xF8,0x18,0x18,0x1F,0xF8,0x18,0x18,0x1F,0xF8,0x1F,0xF8,0x18,0x18,0x7F,0xFE,0x00,0x00,0x00,0x00}},
    {0x7F72, {0x00,0x00,0x3F,0xFC,0x24,0x4C,0x3F,0xFC,0x03,0x08,0x3F,0xF8,0x03,0x30,0x7F,0xFC,0x7F,0x9C,0x0F,0xF8,0x78,0x18,0x4C,0x18,0x0F,0xF8,0x0F,0xF8,0x08,0x18,0x00,0x00}},
    {0x7F8A, {0x08,0x30,0x08,0x30,0x0C,0x60,0x3F,0xFC,0x03,0x00,0x01,0x00,0x3F,0xF0,0x1F,0xF0,0x01,0x00,0x01,0x00,0x7F,0xFC,0x01,0x00,0x01,0x00,0x01,0x00,0x01,0x00,0x00,0x00}},
    {0x7F8C, {0x08,0x20,0x0C,0x60,0x3F,0xF8,0x3F,0xF8,0x01,0x00,0x3F,0xF8,0x03,0x00,0x03,0x00,0x7F,0xFC,0x03,0x80,0x06,0x80,0x0C,0x84,0x18,0x84,0x70,0xFC,0x00,0x78,0x00,0x00}},
    {0x7F8E, {0x08,0x20,0x08,0x20,0x3F,0xF8,0x3F,0xF8,0x01,0x00,0x3F,0xF8,0x01,0x00,0x7F,0xFC,0x03,0x00,0x7F,0xFC,0x03,0x80,0x06,0xC0,0x0C,0x60,0x78,0x3C,0x60,0x0C,0x00,0x00}},
    {0x7F9A, {0x04,0x20,0x64,0x20,0x2C,0x70,0x7E,0xD8,0x18,0x88,0x19,0x64,0x7C,0x20,0x10,0xF8,0x10,0xF8,0x7E,0x18,0x30,0x10,0x30,0xF0,0x30,0x60,0x60,0x30,0x40,0x10,0x00,0x00}},
    {0x7FA1, {0x08,0x20,0x3E,0xF8,0x3F,0xF8,0x01,0x00,0x3F,0xF8,0x03,0x80,0x7F,0xFC,0x01,0x00,0x73,0xFC,0x13,0x4C,0x06,0x48,0x18,0xC0,0x71,0xB0,0x47,0x1C,0x0C,0x04,0x00,0x00}},
    {0x7FA4, {0x00,0x8C,0x7E,0xCC,0x12,0x48,0x7F,0xFC,0x3F,0xFC,0x12,0x30,0x3E,0x78,0x3E,0xFC,0x20,0x30,0x7E,0x30,0x63,0xFE,0x62,0x30,0x22,0x30,0x3E,0x30,0x30,0x30,0x00,0x00}},
    {0x7FA9, {0x08,0x20,0x3E,0xF8,0x3F,0xF8,0x01,0x00,0x3F,0xF8,0x03,0x80,0x7F,0xFC,0x3E,0x90,0x08,0xC8,0x7F,0xFC,0x08,0x58,0x7F,0x78,0x7C,0x70,0x09,0xF4,0x3B,0x1C,0x00,0x00}},
    {0x7FBD, {0x7E,0xFE,0x02,0x06,0x02,0x06,0x62,0x46,0x32,0x66,0x12,0x36,0x02,0x06,0x06,0x0E,0x0E,0x3E,0x3A,0x76,0x62,0xC6,0x42,0x06,0x02,0x06,0x1E,0x3C,0x0C,0x18,0x00,0x00}},
    {0x7FBF, {0x7E,0xFC,0x02,0x04,0x3A,0x64,0x0E,0x3C,0x0E,0x3C,0x3A,0xE4,0x62,0x84,0x02,0x00,0x04,0x30,0x7F,0xFE,0x7F,0xFE,0x0C,0x30,0x18,0x30,0x30,0x30,0x20,0x30,0x00,0x00}},
    {0x7FC1, {0x0C,0x40,0x08,0x60,0x33,0x38,0x66,0x4C,0x0C,0x64,0x1F,0xF0,0x00,0x10,0x7E,0xF8,0x3E,0xFC,0x32,0x4C,0x12,0x6C,0x0E,0x3C,0x7E,0xFC,0x62,0x8C,0x0E,0x18,0x00,0x00}},
    {0x7FC5, {0x10,0x00,0x13,0xFC,0x7C,0xC4,0x7E,0x54,0x11,0xDC,0x11,0xCC,0x7C,0x4C,0x6C,0xDC,0x6F,0xFC,0x2A,0x44,0x38,0x44,0x19,0xDC,0x3D,0x98,0x67,0xFC,0x00,0xFC,0x00,0x00}},
    {0x7FCA, {0x10,0x00,0x19,0xFE,0x18,0x62,0x3C,0x62,0x01,0x32,0x25,0xBA,0x24,0xEA,0x34,0x66,0x3C,0x66,0x39,0xFE,0x09,0x32,0x3E,0x62,0x30,0x22,0x00,0xE6,0x00,0x0E,0x00,0x00}},
    {0x7FCC, {0x00,0x00,0x7E,0xF8,0x26,0x0C,0x32,0xEC,0x0E,0x38,0x1E,0x6C,0x76,0xCC,0x02,0x08,0x01,0x00,0x3F,0xF8,0x08,0x20,0x0C,0x20,0x04,0x60,0x7F,0xFC,0x7B,0xBC,0x00,0x00}},
    {0x7FCE, {0x08,0x00,0x0C,0xFE,0x1C,0x22,0x16,0x22,0x33,0xAE,0x2C,0x6E,0x00,0x66,0x1E,0x22,0x1E,0x66,0x06,0xEE,0x04,0xBA,0x1C,0x22,0x18,0x22,0x0C,0x22,0x04,0x6E,0x00,0x00}},
    {0x7FD4, {0x26,0x00,0x37,0xFE,0x14,0x62,0x3E,0x62,0x3D,0x32,0x09,0xEA,0x3C,0xEA,0x3E,0x66,0x08,0x66,0x7E,0xFE,0x19,0x72,0x18,0x62,0x10,0x62,0x30,0xEE,0x20,0x08,0x00,0x00}},
    {0x7FDF, {0x7E,0xFC,0x32,0x44,0x3A,0x74,0x0E,0x1C,0x3E,0x74,0x2B,0xC4,0x09,0x80,0x1F,0xFC,0x78,0x80,0x7F,0xF8,0x19,0xC8,0x1F,0xF8,0x10,0x80,0x1F,0xFE,0x10,0x00,0x00,0x00}},
    {0x7FE0, {0x00,0x00,0x7F,0xF8,0x32,0xCC,0x1E,0x78,0x3E,0x78,0x23,0x88,0x03,0x80,0x7F,0xFC,0x0C,0x60,0x1E,0xF0,0x33,0x98,0x7F,0xFC,0x7F,0xFC,0x01,0x00,0x01,0x00,0x00,0x00}},
    {0x7FE1, {0x02,0x80,0x3E,0xF8,0x3E,0xF8,0x3E,0xF8,0x06,0xC0,0x7E,0xFC,0x02,0x80,0x3E,0xF8,0x3E,0xFC,0x32,0xCC,0x12,0x6C,0x0E,0x3C,0x3A,0xEC,0x62,0x8C,0x0E,0x38,0x00,0x00}},
    {0x7FF0, {0x08,0x30,0x3E,0x70,0x3E,0xD8,0x09,0x8C,0x3F,0x84,0x22,0xFC,0x3E,0x64,0x36,0xFC,0x3E,0x6C,0x08,0x6C,0x3F,0xFC,0x19,0x74,0x08,0x64,0x08,0x6C,0x00,0x00,0x00,0x00}},
    {0x7FF1, {0x08,0x00,0x1E,0xFE,0x3F,0x32,0x3F,0x32,0x33,0x7E,0x33,0x6E,0x1E,0x76,0x3F,0x36,0x3F,0x26,0x12,0x7E,0x2D,0xB2,0x1E,0x32,0x1E,0x32,0x0C,0x6E,0x0C,0x44,0x00,0x00}},
    {0x7FFC, {0x00,0x00,0x7E,0xFC,0x26,0x4C,0x3E,0x7C,0x62,0xCC,0x3F,0xF8,0x33,0x98,0x3F,0xF8,0x3F,0xF8,0x0C,0x60,0x3F,0xF8,0x0C,0x60,0x7F,0xFC,0x38,0x38,0x60,0x0C,0x00,0x00}},
    {0x8000, {0x00,0x00,0x13,0xFC,0x55,0x54,0x75,0xCC,0x79,0xDC,0x3B,0x64,0x7C,0xA0,0x29,0xFC,0x2B,0xB4,0x2B,0xFC,0x69,0x30,0x6F,0xF8,0x4D,0xF8,0xC1,0xFC,0x01,0x80,0x00,0x00}},
    {0x8001, {0x02,0x00,0x02,0x08,0x3F,0xF8,0x3F,0xF0,0x02,0x60,0x7F,0xFC,0x7F,0xFC,0x07,0x00,0x1C,0x30,0x7C,0xF0,0x67,0x80,0x04,0x00,0x04,0x0C,0x07,0xF8,0x01,0xF0,0x00,0x00}},
    {0x8003, {0x01,0x00,0x01,0x04,0x1F,0xEC,0x0F,0xF8,0x01,0x30,0x3F,0xFE,0x01,0x80,0x07,0xF8,0x1F,0xF8,0x36,0x00,0x07,0xF8,0x00,0x18,0x00,0x18,0x00,0xF0,0x00,0xC0,0x00,0x00}},
    {0x8005, {0x02,0x00,0x02,0x08,0x3F,0xF8,0x1F,0xF0,0x02,0x60,0x7F,0xFC,0x7F,0xFC,0x06,0x00,0x1F,0xF0,0x78,0x18,0x48,0x18,0x0F,0xF8,0x08,0x18,0x0F,0xF8,0x08,0x10,0x00,0x00}},
    {0x800C, {0x00,0x00,0x7F,0xFC,0x03,0x00,0x03,0x00,0x03,0x00,0x7F,0xFC,0x64,0xCC,0x64,0xCC,0x64,0xCC,0x64,0xCC,0x64,0xCC,0x64,0xCC,0x64,0xCC,0x64,0xFC,0x20,0x10,0x00,0x00}},
    {0x8010, {0x00,0x08,0x3F,0x88,0x0C,0x08,0x08,0x0C,0x3F,0xFC,0x2B,0x88,0x2B,0xC8,0x2B,0xE8,0x2B,0xA8,0x2B,0xA8,0x2B,0x88,0x2B,0x88,0x2A,0x88,0x23,0x98,0x00,0x00,0x00,0x00}},
    {0x8012, {0x01,0x00,0x01,0x00,0x3F,0xFC,0x0B,0xA0,0x01,0x00,0x3F,0xF8,0x01,0x00,0x01,0x00,0x7F,0xFC,0x07,0xC0,0x07,0xC0,0x19,0x30,0x31,0x18,0x61,0x0C,0x01,0x00,0x00,0x00}},
    {0x8015, {0x10,0xD8,0x78,0xD8,0x7C,0xD8,0x11,0xFC,0x19,0xFC,0x7C,0xD8,0x10,0xD8,0x7C,0xD8,0x7B,0xFC,0x38,0xD8,0x3C,0x98,0x70,0x98,0xD1,0x98,0x13,0x18,0x12,0x18,0x00,0x00}},
    {0x8018, {0x10,0x00,0x7C,0xFC,0x7C,0xFC,0x10,0x00,0x18,0x00,0x7C,0x00,0x11,0xFC,0x7F,0xFC,0x78,0x60,0x38,0x40,0x3C,0xD8,0x70,0x88,0x51,0xBC,0x11,0xFC,0x10,0x04,0x00,0x00}},
    {0x8033, {0x00,0x00,0x7F,0xFC,0x7F,0xFC,0x18,0x30,0x18,0x30,0x1F,0xF0,0x18,0x30,0x18,0x30,0x1F,0xF0,0x18,0x30,0x18,0x30,0x7F,0xFC,0x7F,0xB0,0x00,0x30,0x00,0x30,0x00,0x00}},
    {0x8036, {0x00,0x00,0x5E,0x78,0x7F,0xFC,0x22,0xCC,0x3E,0xD8,0x36,0xD0,0x22,0xD8,0x3E,0xC8,0x3E,0xC4,0x22,0xC4,0x26,0xC4,0x7F,0xDC,0x76,0xD8,0x02,0xC0,0x02,0xC0,0x00,0x00}},
    {0x8038, {0x04,0x10,0x04,0x30,0x0C,0x30,0x0E,0x78,0x13,0xCC,0x31,0xC4,0x3F,0xFE,0x08,0x08,0x0F,0xF8,0x0C,0x18,0x0F,0xF8,0x08,0x0C,0x3F,0xFE,0x3F,0xF8,0x00,0x08,0x00,0x00}},
    {0x8042, {0x00,0x00,0x7F,0xFC,0x18,0x30,0x1F,0xF0,0x10,0x10,0x1F,0xF0,0x30,0x38,0x7F,0xFC,0x7E,0xF8,0x26,0xDC,0x64,0xC8,0x3C,0x70,0x1C,0x70,0x77,0xDC,0x41,0x04,0x00,0x00}},
    {0x8043, {0x00,0x20,0x7C,0x20,0x6D,0xF8,0x6D,0xFC,0x7D,0x2C,0x6D,0x6C,0x6D,0xFC,0x7D,0x2C,0x7D,0x2C,0x6D,0x6C,0x6F,0xFC,0x7D,0x0C,0x4D,0x0C,0x0D,0x1C,0x00,0x00,0x00,0x00}},
    {0x804B, {0x02,0x40,0x3F,0x74,0x7F,0xFC,0x04,0x90,0x08,0xE4,0x3F,0xE4,0x64,0x7C,0x7F,0xFC,0x7F,0xFC,0x1F,0xF0,0x18,0x30,0x1F,0xF0,0x1B,0xFC,0x7F,0xFC,0x00,0x10,0x00,0x00}},
    {0x804C, {0x00,0x00,0x7E,0xF8,0x6D,0xFC,0x65,0x0C,0x7D,0x8C,0x6D,0x8C,0x65,0x8C,0x7D,0xFC,0x7C,0xF8,0x64,0x00,0x6E,0xD8,0x7E,0x88,0x45,0x8C,0x05,0x04,0x05,0x04,0x00,0x00}},
    {0x8054, {0x00,0x00,0x7C,0x98,0x6C,0x90,0x65,0xFC,0x7D,0xE8,0x6C,0x60,0x64,0x60,0x7D,0xFC,0x7D,0xFC,0x64,0x60,0x6E,0x70,0x7E,0xD0,0x4D,0x98,0x07,0x8C,0x07,0x04,0x00,0x00}},
    {0x8058, {0x00,0x20,0x7E,0xF8,0x6D,0xFC,0x6D,0x24,0x7D,0xFC,0x6D,0x6C,0x6D,0xFC,0x7C,0x00,0x7F,0xFC,0x6C,0x80,0x6C,0x80,0x7C,0xFC,0x4C,0x0C,0x0C,0x78,0x00,0x20,0x00,0x00}},
    {0x805A, {0x00,0x00,0x7F,0xF8,0x36,0xFC,0x3E,0xC8,0x3E,0x78,0x36,0x78,0x7F,0xCC,0x42,0xF0,0x3F,0xF0,0x07,0x08,0x3D,0xB0,0x63,0xE0,0x1F,0x38,0x71,0x0C,0x01,0x00,0x00,0x00}},
    {0x806A, {0x00,0x88,0x7C,0x98,0x6C,0x90,0x6D,0xFC,0x79,0x8C,0x69,0x0C,0x6D,0x0C,0x79,0xFC,0x7C,0x70,0x6C,0x60,0x6F,0xAC,0x7F,0x84,0x0E,0x8E,0x0C,0xF8,0x08,0x00,0x00,0x00}},
    {0x806F, {0x00,0x00,0x7D,0x10,0x6A,0x90,0x6F,0xB8,0x7B,0x18,0x6B,0x94,0x6F,0xFC,0x7B,0xF4,0x7A,0x44,0x6A,0xF4,0x6B,0xFC,0x7F,0xFC,0x48,0xB0,0x09,0xB0,0x09,0x30,0x00,0x00}},
    {0x807F, {0x01,0x00,0x1F,0xE0,0x3F,0xF8,0x01,0x08,0x7F,0xFC,0x01,0x18,0x1F,0xF8,0x3F,0xF0,0x01,0x00,0x3F,0xF8,0x01,0x00,0x7F,0xFC,0x7F,0xFC,0x01,0x00,0x01,0x00,0x00,0x00}},
    {0x8083, {0x01,0x00,0x1F,0xF0,0x1F,0xF8,0x01,0x08,0x7F,0xFC,0x03,0x98,0x3F,0xF8,0x01,0x00,0x35,0x48,0x25,0x48,0x2D,0x68,0x29,0x28,0x69,0x08,0x61,0x08,0x41,0x08,0x00,0x00}},
    {0x8086, {0x00,0x20,0x3E,0xF0,0x21,0xFC,0x3C,0x6C,0x23,0xFC,0x20,0x2C,0x3C,0xFC,0x21,0xF8,0x7E,0x20,0x31,0xFC,0x24,0x60,0x6F,0xFC,0x7E,0x20,0x42,0x60,0x00,0x20,0x00,0x00}},
    {0x8087, {0x08,0x40,0x1C,0xE4,0x3E,0xFC,0x23,0xD8,0x7E,0x70,0x60,0xFC,0x1F,0xFC,0x7F,0xFC,0x03,0x9C,0x1F,0xF8,0x03,0x80,0x3F,0xF8,0x7F,0xFC,0x3F,0xFC,0x01,0x00,0x00,0x00}},
    {0x8089, {0x01,0x00,0x01,0x00,0x3F,0xF8,0x7F,0xFC,0x63,0x0C,0x63,0xCC,0x6E,0x6C,0x69,0x2C,0x61,0x0C,0x63,0x8C,0x66,0xCC,0x6C,0x6C,0x68,0x2C,0x60,0x0C,0x60,0x38,0x00,0x00}},
    {0x808B, {0x00,0x40,0x3E,0x60,0x36,0x60,0x36,0x60,0x3F,0xFC,0x3E,0x6C,0x36,0x44,0x36,0x44,0x3E,0x4C,0x36,0x4C,0x26,0xCC,0x26,0x8C,0x6F,0x8C,0x0D,0x38,0x00,0x00,0x00,0x00}},
    {0x808C, {0x00,0x00,0x3D,0xF8,0x65,0x98,0x65,0x98,0x65,0x98,0x3D,0x98,0x65,0x98,0x65,0x98,0x7D,0x98,0x7D,0x98,0x65,0x98,0x65,0x9E,0x45,0x16,0x5F,0x1C,0x08,0x08,0x00,0x00}},
    {0x8096, {0x01,0x80,0x11,0x8C,0x19,0x98,0x09,0x90,0x0D,0xB0,0x1F,0xF8,0x10,0x08,0x1F,0xF8,0x1F,0xF8,0x10,0x08,0x1F,0xF8,0x10,0x18,0x10,0x08,0x10,0x18,0x10,0x78,0x00,0x00}},
    {0x809A, {0x00,0x20,0x7C,0x20,0x6C,0x20,0x64,0x20,0x6C,0x20,0x7D,0xFC,0x64,0x60,0x64,0x20,0x7C,0x20,0x6C,0x20,0x64,0x20,0x44,0x20,0x44,0x20,0xDF,0xFC,0x48,0x00,0x00,0x00}},
    {0x809D, {0x00,0x00,0x3D,0xFC,0x64,0x60,0x64,0x20,0x64,0x20,0x3C,0x20,0x64,0x60,0x67,0xFC,0x7C,0x20,0x7C,0x20,0x64,0x20,0x64,0x20,0x44,0x20,0xDC,0x20,0x08,0x20,0x00,0x00}},
    {0x80A0, {0x00,0x00,0x3F,0xFC,0x34,0x18,0x34,0x30,0x34,0x60,0x3C,0xE4,0x35,0xFE,0x34,0x5A,0x3C,0xD2,0x34,0x96,0x27,0x26,0x26,0x66,0x24,0xC4,0x6D,0x9C,0x08,0x00,0x00,0x00}},
    {0x80A1, {0x00,0x00,0x7C,0xF8,0x6C,0x98,0x65,0x98,0x6D,0x98,0x7F,0x1C,0x66,0x00,0x65,0xF8,0x7D,0xF8,0x7D,0x88,0x64,0x90,0x64,0x70,0x44,0xF0,0x5F,0x9C,0x0B,0x04,0x00,0x00}},
    {0x80A4, {0x00,0x20,0x3E,0x20,0x36,0x20,0x37,0xFC,0x3E,0x20,0x3E,0x20,0x36,0x20,0x37,0xFC,0x3E,0x60,0x36,0x70,0x26,0x70,0x26,0xD8,0x27,0x8C,0x6F,0x04,0x00,0x00,0x00,0x00}},
    {0x80A5, {0x38,0x00,0x7D,0xFC,0x65,0x2C,0x65,0x2C,0x7D,0x2C,0x6D,0x2C,0x6D,0xFC,0x65,0xFC,0x7D,0x04,0x6D,0x00,0x65,0x00,0x6D,0x06,0x45,0x04,0x5D,0xFC,0x18,0xF8,0x00,0x00}},
    {0x80A9, {0x00,0x80,0x0F,0xF8,0x1F,0xFC,0x10,0x0C,0x1F,0xFC,0x1F,0xF8,0x17,0xFC,0x16,0x0C,0x16,0x0C,0x17,0xFC,0x34,0x04,0x37,0xFC,0x24,0x04,0x24,0x1C,0x00,0x00,0x00,0x00}},
    {0x80AF, {0x01,0x00,0x19,0xF0,0x19,0xF0,0x19,0x00,0x7F,0xFC,0x00,0x00,0x0F,0xE0,0x1F,0xF0,0x10,0x10,0x1F,0xF0,0x18,0x30,0x1F,0xF0,0x10,0x10,0x10,0x10,0x10,0x70,0x00,0x00}},
    {0x80B2, {0x01,0x00,0x7F,0xFC,0x7F,0xFC,0x0C,0x60,0x3F,0xF8,0x10,0x08,0x1F,0xF0,0x18,0x30,0x1A,0xB0,0x1F,0xF0,0x1F,0xF0,0x10,0x10,0x10,0x10,0x10,0xF0,0x00,0x00,0x00,0x00}},
    {0x80BA, {0x00,0x20,0x3C,0x20,0x37,0xFC,0x24,0x20,0x3C,0x60,0x3D,0xFC,0x25,0x24,0x35,0x24,0x3D,0x24,0x25,0x24,0x25,0x2C,0x25,0x2C,0x24,0x20,0x6C,0x20,0x00,0x00,0x00,0x00}},
    {0x80BF, {0x00,0x30,0x3E,0x30,0x36,0x30,0x37,0xFE,0x37,0xFE,0x3F,0xB6,0x37,0xB6,0x37,0x36,0x3F,0xFE,0x3F,0xFE,0x26,0x30,0x26,0x30,0x26,0x30,0x6C,0x30,0x08,0x00,0x00,0x00}},
    {0x80C6, {0x00,0x00,0x3D,0xFC,0x65,0x8C,0x65,0x8C,0x65,0x8C,0x3D,0x8C,0x65,0xFC,0x65,0x8C,0x7D,0x8C,0x7D,0x8C,0x65,0xFC,0x64,0x00,0x44,0x00,0x5F,0xFC,0x08,0x00,0x00,0x00}},
    {0x80CC, {0x04,0x80,0x3C,0xD8,0x7C,0xF0,0x04,0xC0,0x7C,0xC4,0x64,0xFC,0x0F,0xF0,0x1F,0xF0,0x10,0x10,0x1F,0xF0,0x18,0x30,0x1F,0xF0,0x10,0x10,0x10,0x10,0x10,0x70,0x00,0x00}},
    {0x80CE, {0x00,0x40,0x7C,0xC0,0x6C,0x80,0x6D,0x98,0x6D,0x08,0x7F,0xFC,0x6F,0xFC,0x6C,0x00,0x7D,0xF8,0x6D,0xFC,0x4D,0x08,0x4D,0x08,0x4D,0x08,0xD9,0xF8,0x11,0x08,0x00,0x00}},
    {0x80D6, {0x00,0x60,0x7D,0x6C,0x6D,0x6C,0x6D,0x68,0x6D,0xF8,0x7D,0xF8,0x6F,0xFC,0x6C,0x60,0x7C,0x60,0x6F,0xFC,0x6C,0x60,0x4C,0x60,0x4C,0x60,0xCC,0x60,0x5C,0x60,0x00,0x00}},
    {0x80DC, {0x00,0x20,0x7D,0x20,0x6D,0x20,0x6D,0x60,0x6D,0xFC,0x7F,0x60,0x6E,0x20,0x6C,0x20,0x7D,0xFC,0x6D,0xF8,0x4C,0x20,0x4C,0x20,0x4C,0x20,0xDF,0xFC,0x51,0xFC,0x00,0x00}},
    {0x80DE, {0x00,0x80,0x7D,0x80,0x6D,0xFC,0x6F,0xFC,0x6F,0x04,0x7F,0xE4,0x6F,0x2C,0x69,0x2C,0x79,0xEC,0x69,0xCC,0x49,0x38,0x49,0x00,0x49,0x06,0xCD,0xFC,0x58,0x10,0x00,0x00}},
    {0x80E1, {0x08,0x00,0x08,0xFC,0x08,0xCC,0x7F,0xCC,0x7E,0xCC,0x08,0xFC,0x08,0xCC,0x3E,0xCC,0x66,0xFC,0x62,0xEC,0x62,0x8C,0x7E,0x8C,0x7F,0x8C,0x21,0x1C,0x00,0x10,0x00,0x00}},
    {0x80E5, {0x00,0x00,0x7F,0xFC,0x11,0x0C,0x11,0xF0,0x39,0x00,0x2F,0x80,0x63,0xFC,0x1F,0xF0,0x1B,0xF0,0x1F,0xF0,0x10,0x10,0x1F,0xF0,0x1F,0xF0,0x10,0x10,0x10,0x70,0x00,0x00}},
    {0x80F6, {0x00,0x40,0x7C,0x60,0x6F,0xFC,0x6F,0xFC,0x6C,0x90,0x7D,0x98,0x6F,0x0C,0x6F,0x9C,0x7C,0x90,0x6C,0xF0,0x6C,0x60,0x4C,0x60,0x4D,0xF8,0xDF,0x1C,0x02,0x04,0x00,0x00}},
    {0x80F8, {0x00,0x80,0x3D,0x80,0x25,0xFC,0x27,0x04,0x3F,0x24,0x3F,0xA4,0x27,0x4C,0x37,0x4C,0x3F,0xFC,0x27,0xBC,0x27,0x1C,0x25,0xFC,0x24,0x04,0x6C,0x1C,0x00,0x00,0x00,0x00}},
    {0x80FD, {0x10,0xC0,0x34,0xC8,0x26,0xF8,0x7E,0xE0,0x62,0xC4,0x00,0xC4,0x3E,0x7C,0x62,0x80,0x3E,0xC8,0x62,0xF8,0x62,0xE0,0x3E,0xC0,0x62,0xC6,0x62,0xFC,0x2E,0x38,0x00,0x00}},
    {0x8102, {0x01,0x00,0x7D,0x08,0x6D,0xF8,0x6D,0xC0,0x6D,0x04,0x7D,0xFC,0x6C,0xF8,0x6D,0xF8,0x7D,0xFC,0x6D,0x0C,0x4D,0x8C,0x4D,0xFC,0x4D,0x0C,0xDD,0xFC,0x11,0x0C,0x00,0x00}},
    {0x8106, {0x00,0x80,0x79,0xF0,0x69,0xF8,0x69,0x10,0x6F,0xFC,0x7F,0x00,0x6F,0x78,0x6B,0x7C,0x7B,0x4C,0x6B,0x4C,0x4B,0x58,0x4E,0x40,0x4E,0x46,0xDE,0x7C,0x10,0x00,0x00,0x00}},
    {0x8109, {0x00,0x80,0x7C,0xF0,0x6C,0x10,0x6D,0xE0,0x6D,0xE0,0x7C,0x24,0x6F,0xBC,0x6F,0xF8,0x7D,0xB0,0x6D,0xB8,0x4D,0x28,0x4F,0x2C,0x4E,0x24,0xCC,0x60,0xD8,0xE0,0x00,0x00}},
    {0x810A, {0x00,0x80,0x1D,0xB8,0x05,0xA0,0x1F,0xF8,0x36,0x6C,0x0C,0x30,0x3F,0xFC,0x28,0x14,0x0D,0xB0,0x0F,0xF0,0x0F,0xF0,0x0C,0x30,0x08,0x10,0x08,0x70,0x00,0x00,0x00,0x00}},
    {0x810F, {0x00,0x60,0x7C,0x20,0x6D,0xFC,0x6F,0xFC,0x6F,0x30,0x7B,0x30,0x6F,0x30,0x6F,0xFC,0x7F,0x78,0x6F,0x30,0x4F,0x30,0x4E,0x30,0x4E,0x30,0xDF,0xFC,0x00,0x00,0x00,0x00}},
    {0x8111, {0x00,0x20,0x3C,0x20,0x27,0xFE,0x37,0xFE,0x34,0x08,0x3D,0xDE,0x27,0x76,0x37,0x36,0x3D,0x36,0x35,0x36,0x27,0xDE,0x27,0xC6,0x27,0x06,0x6D,0xFE,0x00,0x06,0x00,0x00}},
    {0x8116, {0x00,0x20,0x7D,0xF8,0x6F,0xFC,0x6C,0x60,0x6C,0x60,0x7F,0xFC,0x6F,0x04,0x6D,0xF8,0x7C,0x30,0x6C,0x60,0x4F,0xFC,0x4C,0x60,0x4C,0x60,0x58,0x60,0x10,0xE0,0x00,0x00}},
    {0x811A, {0x00,0x80,0x3C,0x8E,0x24,0x9E,0x27,0xF2,0x34,0x92,0x3C,0x92,0x27,0xF2,0x27,0xF2,0x3D,0x92,0x3D,0x52,0x25,0x7E,0x27,0xFE,0x27,0xB0,0x6C,0x18,0x00,0x00,0x00,0x00}},
    {0x8131, {0x01,0x08,0x7D,0x98,0x6C,0x90,0x6D,0xF8,0x6D,0x6C,0x7D,0x0C,0x6D,0x0C,0x6D,0xFC,0x7C,0xF0,0x6C,0x90,0x4C,0x90,0x4D,0xB0,0x4D,0xB6,0xDF,0x1C,0x02,0x08,0x00,0x00}},
    {0x8138, {0x00,0x40,0x78,0x60,0x68,0xF0,0x69,0x98,0x6F,0x0C,0x7F,0xF6,0x6C,0x00,0x68,0x44,0x7B,0x6C,0x69,0x68,0x49,0x28,0x49,0x10,0x48,0x10,0xDF,0xFC,0x10,0x00,0x00,0x00}},
    {0x814A, {0x00,0x80,0x7C,0x98,0x6F,0xFC,0x6D,0xF8,0x6C,0x90,0x7D,0xFC,0x6F,0xFC,0x6C,0xF8,0x7D,0xF8,0x6D,0x08,0x6D,0xF8,0x4D,0x08,0x4D,0x08,0x5D,0xF8,0x11,0x88,0x00,0x00}},
    {0x8150, {0x01,0x00,0x3F,0xFC,0x3F,0xFC,0x26,0x10,0x2D,0xFC,0x3D,0x98,0x24,0xF0,0x24,0x20,0x2F,0xF8,0x29,0xCC,0x6B,0xEC,0x69,0x8C,0x4B,0xEC,0x48,0x38,0x40,0x00,0x00,0x00}},
    {0x8154, {0x00,0x40,0x78,0x60,0x6B,0xFC,0x4F,0x0E,0x6E,0x04,0x79,0x98,0x4B,0x0C,0x4A,0x04,0x79,0xF8,0x68,0x60,0x48,0x60,0x48,0x60,0x48,0x60,0xDB,0xFC,0x00,0x00,0x00,0x00}},
    {0x8169, {0x00,0x20,0x3D,0xFC,0x25,0xFC,0x24,0x60,0x3D,0xF8,0x3F,0xFC,0x27,0x14,0x37,0x74,0x3F,0xFC,0x27,0x24,0x27,0xFC,0x27,0x64,0x67,0x24,0x6F,0x0C,0x00,0x00,0x00,0x00}},
    {0x8170, {0x7F,0xFE,0x6C,0x50,0x6D,0xF8,0x6B,0xFC,0x7A,0x54,0x6A,0x54,0x6B,0xFC,0x6C,0x40,0x78,0xC0,0x6F,0xFE,0x4D,0x88,0x4D,0xD8,0x4C,0x78,0xD9,0xEE,0x03,0x04,0x00,0x00}},
    {0x817E, {0x01,0x68,0x3D,0x48,0x25,0xFC,0x24,0xC0,0x3C,0xC4,0x3F,0xFC,0x25,0x08,0x27,0xFC,0x3C,0x10,0x25,0xF8,0x24,0x0C,0x25,0xF4,0x6C,0x0C,0x48,0x38,0x00,0x00,0x00,0x00}},
    {0x817F, {0x00,0x00,0x78,0xFC,0x6A,0xCC,0x4B,0xFC,0x78,0xEC,0x78,0xCC,0x4E,0xFC,0x4A,0xC4,0x7A,0xFC,0x7A,0xD8,0x4A,0xFC,0x4B,0xE4,0x4B,0x80,0xDC,0xFC,0x10,0x18,0x00,0x00}},
    {0x818F, {0x00,0x00,0x7F,0xFC,0x7E,0xFC,0x1F,0xF0,0x18,0x30,0x1F,0xF0,0x60,0x0C,0x5F,0xF4,0x08,0x20,0x0F,0xF0,0x18,0x30,0x1F,0xF0,0x18,0x30,0x1F,0xB0,0x10,0x70,0x00,0x00}},
    {0x819C, {0x00,0x90,0x7B,0xFC,0x6F,0xFC,0x68,0x10,0x69,0xF8,0x7B,0x08,0x6B,0xF8,0x6B,0x0C,0x7B,0xF8,0x68,0x60,0x4F,0xFC,0x48,0xF0,0x48,0x90,0xDB,0x9C,0x02,0x04,0x00,0x00}},
    {0x81B3, {0x01,0x08,0x79,0x98,0x6F,0xFC,0x68,0x60,0x69,0xF8,0x78,0x60,0x6F,0xFC,0x69,0x68,0x79,0x78,0x6F,0xFC,0x48,0x00,0x4B,0xFC,0x4B,0x0C,0xDB,0xFC,0x13,0x08,0x00,0x00}},
    {0x81BB, {0x00,0x40,0x7B,0xFC,0x6B,0xFC,0x6B,0xF8,0x6B,0xFC,0x7A,0x94,0x6B,0xFC,0x6B,0x08,0x79,0xF8,0x7B,0x0C,0x4B,0xFC,0x4B,0x0C,0x49,0xF8,0xDF,0xFC,0x00,0x00,0x00,0x00}},
    {0x81E3, {0x7F,0xFC,0x61,0x80,0x61,0x80,0x61,0x80,0x61,0x80,0x7F,0xF8,0x60,0x08,0x60,0x08,0x60,0x08,0x7F,0xF8,0x61,0x80,0x61,0x80,0x61,0x80,0x61,0x80,0x7F,0xFE,0x00,0x00}},
    {0x81EA, {0x01,0x80,0x01,0x00,0x1F,0xF8,0x1F,0xFC,0x10,0x0C,0x10,0x0C,0x1F,0xFC,0x10,0x0C,0x10,0x0C,0x1F,0xFC,0x10,0x0C,0x10,0x0C,0x10,0x0C,0x1F,0xFC,0x10,0x0C,0x00,0x00}},
    {0x81ED, {0x01,0x00,0x0F,0xE0,0x3F,0xF8,0x3F,0xF8,0x30,0x18,0x30,0x18,0x3F,0xF8,0x3F,0xF8,0x0F,0xF0,0x01,0x30,0x7F,0xFC,0x07,0x80,0x0C,0xE0,0x78,0x3C,0x60,0x0C,0x00,0x00}},
    {0x81F3, {0x00,0x00,0x7F,0xFC,0x0E,0x00,0x0C,0x60,0x18,0x30,0x3F,0xF8,0x3F,0x08,0x01,0x00,0x01,0x00,0x3F,0xF8,0x01,0x00,0x01,0x00,0x01,0x00,0x7F,0xFC,0x00,0x00,0x00,0x00}},
    {0x81F4, {0x00,0x40,0x7E,0x40,0x7E,0xC0,0x24,0xFC,0x66,0xCC,0x7F,0xC8,0x03,0xD8,0x19,0x58,0x7E,0x70,0x7E,0x30,0x18,0x30,0x1A,0x70,0x7F,0xD8,0x61,0x8C,0x01,0x04,0x00,0x00}},
    {0x81FA, {0x01,0x80,0x7F,0xFE,0x01,0x80,0x3F,0xFC,0x0F,0xF0,0x18,0x18,0x1F,0xF8,0x00,0x00,0x7F,0xFE,0x7F,0xFE,0x0E,0x70,0x09,0x98,0x1F,0xFC,0x01,0x80,0x7F,0xFE,0x00,0x00}},
    {0x81FB, {0x00,0x20,0x7D,0xFC,0x31,0xFC,0x20,0x60,0x2D,0xFC,0x7C,0xC0,0x7F,0xFC,0x11,0x98,0x7F,0xFC,0x79,0x64,0x11,0xFC,0x10,0xF0,0x7D,0xE8,0x63,0x24,0x00,0x20,0x00,0x00}},
    {0x81FC, {0x02,0x00,0x0E,0x00,0x3C,0xF8,0x20,0x2C,0x20,0x0C,0x20,0x0C,0x20,0x0C,0x3E,0xFC,0x30,0x2C,0x20,0x0C,0x20,0x0C,0x20,0x0C,0x3F,0xFC,0x30,0x2C,0x20,0x08,0x00,0x00}},
    {0x8205, {0x04,0x00,0x38,0xF8,0x3E,0xF8,0x30,0x18,0x3F,0xF8,0x1F,0xF0,0x37,0xD8,0x3F,0xF8,0x3F,0xF8,0x1F,0xF0,0x7F,0xF8,0x06,0x08,0x0C,0x08,0x78,0x78,0x00,0x00,0x00,0x00}},
    {0x8208, {0x10,0x00,0x3F,0xF8,0x24,0x4C,0x27,0xC8,0x3C,0x78,0x27,0xC8,0x34,0x58,0x3F,0xF8,0x25,0x48,0x24,0x48,0x7F,0xFC,0x0C,0x60,0x1C,0x70,0x70,0x1C,0x40,0x00,0x00,0x00}},
    {0x820D, {0x01,0x00,0x03,0x80,0x06,0xC0,0x18,0x70,0x7F,0xFC,0x41,0x04,0x03,0x80,0x3F,0xFC,0x01,0x00,0x03,0x80,0x1F,0xF0,0x10,0x10,0x10,0x10,0x1F,0xF0,0x10,0x10,0x00,0x00}},
    {0x820E, {0x03,0x80,0x07,0x80,0x0C,0x60,0x19,0x30,0x31,0x1C,0x7F,0xFC,0x01,0x00,0x3F,0xF8,0x3F,0xF8,0x00,0x00,0x1F,0xF0,0x10,0x10,0x10,0x10,0x1F,0xF0,0x18,0x30,0x00,0x00}},
    {0x8212, {0x18,0x00,0x1C,0xFC,0x36,0x18,0x62,0x70,0x7E,0x30,0x18,0x30,0x3D,0xFC,0x7E,0x24,0x08,0x2C,0x7E,0x20,0x66,0x20,0x62,0x20,0x7E,0x20,0x7E,0x20,0x00,0xE0,0x00,0x00}},
    {0x8218, {0x08,0x00,0x18,0x20,0x3D,0xFC,0x27,0x84,0x7D,0xFC,0x18,0x88,0x3C,0x88,0x7C,0xF8,0x10,0xE0,0x7C,0x80,0x64,0xFC,0x44,0x8C,0x7C,0xFC,0x7C,0xFC,0x00,0x84,0x00,0x00}},
    {0x821C, {0x00,0x7C,0x1F,0xF8,0x08,0x88,0x04,0x90,0x3F,0xFE,0x28,0x06,0x2C,0x1A,0x1F,0x7C,0x11,0x7C,0x3B,0x58,0x0E,0xD8,0x06,0xFE,0x0C,0x18,0x38,0x18,0x20,0x18,0x00,0x00}},
    {0x821E, {0x10,0x00,0x3F,0xF8,0x7F,0xF8,0x52,0x90,0x3F,0xFC,0x12,0xD0,0x7F,0xFC,0x7F,0xFC,0x10,0x10,0x3F,0xFC,0x66,0x30,0x1D,0xFC,0x19,0xFC,0x70,0x30,0x60,0x10,0x00,0x00}},
    {0x821F, {0x01,0x00,0x03,0x00,0x1F,0xF0,0x1C,0xF0,0x13,0x10,0x11,0x90,0x10,0x90,0x7F,0xFC,0x7C,0xFC,0x12,0x10,0x31,0x90,0x30,0x90,0x20,0x10,0x60,0x70,0x00,0x60,0x00,0x00}},
    {0x822A, {0x10,0x40,0x10,0x60,0x3C,0x20,0x6F,0xFC,0x74,0x00,0x7C,0x00,0x64,0xF8,0x7C,0x98,0x7C,0x98,0x74,0x98,0x6C,0x98,0x65,0x98,0x45,0x9A,0x4F,0x1C,0x00,0x00,0x00,0x00}},
    {0x822B, {0x10,0x20,0x10,0x20,0x3C,0x20,0x6F,0xFC,0x74,0xC0,0x7C,0xC0,0x64,0xF8,0x7C,0xFC,0x6C,0xCC,0x74,0x8C,0x7C,0x8C,0x6D,0x8C,0x45,0x88,0x4F,0x38,0x00,0x20,0x00,0x00}},
    {0x822C, {0x08,0x00,0x18,0xF8,0x3E,0xD8,0x22,0x98,0x3E,0x98,0x2F,0x8C,0x26,0x00,0x7E,0xF8,0x66,0xEC,0x22,0x88,0x6E,0xD8,0x66,0x70,0x42,0x70,0x4E,0xDC,0x09,0x84,0x00,0x00}},
    {0x8230, {0x10,0x00,0x11,0xFC,0x3D,0x8C,0x3D,0xAC,0x35,0x2C,0x7D,0x2C,0x25,0x2C,0x7D,0x2C,0x7D,0xAC,0x34,0x70,0x6C,0x70,0x64,0xF4,0x44,0xB4,0x4F,0x3C,0x00,0x00,0x00,0x00}},
    {0x8236, {0x08,0x10,0x0C,0x30,0x1E,0x30,0x12,0xFC,0x1A,0xC6,0x16,0x86,0x12,0x86,0x3E,0x86,0x36,0xFE,0x1A,0xC6,0x36,0x86,0x32,0x86,0x22,0x86,0x26,0xFE,0x00,0xC4,0x00,0x00}},
    {0x8238, {0x10,0x00,0x39,0xFC,0x7D,0xFC,0x64,0x0C,0x74,0x0C,0x75,0xEC,0x7D,0xAC,0x7D,0xAC,0x65,0xAC,0x7D,0xEC,0x6D,0x8C,0x64,0x0C,0x44,0x0C,0xCC,0x0C,0x00,0x38,0x00,0x00}},
    {0x8239, {0x08,0x00,0x18,0xF8,0x3C,0xC8,0x66,0xC8,0x72,0xC8,0x6E,0x88,0x2F,0x8C,0x7F,0x0C,0x7E,0xF8,0x66,0x8C,0x6E,0x8C,0x66,0x8C,0x46,0x8C,0x4E,0xFC,0x00,0x8C,0x00,0x00}},
    {0x8247, {0x10,0x00,0x13,0xBC,0x39,0xF8,0x6D,0x90,0x65,0x10,0x7F,0x38,0x6F,0xFC,0x7C,0x90,0x7D,0x98,0x6F,0x90,0x7D,0x38,0x4D,0x7C,0x47,0x80,0xDE,0x7C,0x00,0x1C,0x00,0x00}},
    {0x826F, {0x02,0x00,0x0F,0xC0,0x3F,0xF0,0x20,0x30,0x20,0x30,0x3F,0xF0,0x20,0x30,0x3F,0xF0,0x3F,0xE0,0x22,0x30,0x23,0x60,0x21,0xC0,0x26,0xE0,0x7C,0x38,0x20,0x08,0x00,0x00}},
    {0x8272, {0x04,0x00,0x0F,0x00,0x0F,0xE0,0x18,0xC0,0x31,0xC0,0x7F,0xF8,0x31,0x08,0x31,0x08,0x3F,0xF8,0x3F,0xF8,0x30,0x00,0x30,0x06,0x30,0x04,0x1F,0xFC,0x07,0xF0,0x00,0x00}},
    {0x8273, {0x10,0xC0,0x10,0xE0,0x7D,0xF8,0x7F,0x10,0x13,0x30,0x11,0xFC,0x7D,0x2C,0x7D,0x24,0x11,0xFC,0x19,0x90,0x7F,0x00,0x11,0x04,0x19,0x06,0x19,0xFC,0x10,0x78,0x00,0x00}},
    {0x827A, {0x0C,0x60,0x3F,0xF8,0x7F,0xFC,0x0C,0x60,0x00,0x00,0x1F,0x80,0x3F,0xF0,0x00,0xC0,0x03,0x80,0x06,0x00,0x0C,0x00,0x18,0x04,0x10,0x0C,0x1F,0xF8,0x07,0xF0,0x00,0x00}},
    {0x827E, {0x0C,0x60,0x0C,0x60,0x7F,0xFC,0x3F,0xF8,0x0C,0x60,0x00,0x00,0x18,0x30,0x08,0x20,0x0C,0x60,0x06,0xC0,0x03,0x80,0x03,0x80,0x0F,0xE0,0x7C,0x7C,0x60,0x0C,0x00,0x00}},
    {0x8282, {0x00,0x00,0x0C,0x60,0x7F,0xFC,0x7F,0xFC,0x0C,0x60,0x00,0x00,0x7F,0xF8,0x06,0x18,0x06,0x18,0x06,0x18,0x06,0x18,0x06,0x78,0x06,0x70,0x06,0x00,0x06,0x00,0x00,0x00}},
    {0x828B, {0x0C,0x60,0x3F,0xF8,0x7F,0xFC,0x0C,0x60,0x00,0x00,0x3F,0xF8,0x01,0x00,0x01,0x00,0x7F,0xFC,0x7F,0xFC,0x01,0x00,0x01,0x00,0x01,0x00,0x0F,0x00,0x06,0x00,0x00,0x00}},
    {0x8292, {0x18,0x60,0x18,0x60,0xFF,0xFC,0x18,0x60,0x0A,0x60,0x03,0x00,0x01,0x80,0xFF,0xFC,0x30,0x00,0x30,0x00,0x30,0x00,0x30,0x00,0x30,0x00,0x3F,0xF8,0x1F,0xF0,0x00,0x00}},
    {0x8297, {0x0C,0x40,0x3F,0xFC,0x7F,0xFC,0x0C,0x60,0x06,0x00,0x04,0x60,0x1C,0xC0,0x1F,0x98,0x06,0x10,0x1F,0xF0,0x3F,0xE0,0x01,0xC0,0x07,0x00,0x7C,0x00,0x20,0x00,0x00,0x00}},
    {0x8299, {0x08,0x20,0x3F,0xF8,0x7F,0xFC,0x0C,0x60,0x01,0x00,0x1F,0xF8,0x3F,0xF8,0x01,0x00,0x7F,0xFC,0x7F,0xFC,0x03,0x80,0x06,0xC0,0x1C,0x70,0x78,0x3C,0x60,0x0C,0x00,0x00}},
    {0x829D, {0x08,0x20,0x3F,0xF8,0x7F,0xFC,0x0C,0x60,0x01,0x00,0x01,0x80,0x3F,0xF8,0x00,0x30,0x00,0x60,0x00,0xC0,0x03,0x80,0x06,0x00,0x3C,0x00,0x67,0xFC,0x01,0xF8,0x00,0x00}},
    {0x82A5, {0x08,0x20,0x7F,0xFC,0x7F,0xFC,0x09,0x20,0x03,0x80,0x06,0xC0,0x1C,0x70,0x78,0x3C,0x4C,0x60,0x0C,0x60,0x0C,0x60,0x08,0x60,0x18,0x60,0x30,0x60,0x20,0x60,0x00,0x00}},
    {0x82A6, {0x04,0x30,0x3F,0xFE,0x3F,0xFE,0x04,0xB0,0x01,0xC0,0x1F,0xFC,0x18,0x04,0x18,0x0C,0x1F,0xFC,0x18,0x0C,0x10,0x00,0x10,0x00,0x30,0x00,0x30,0x00,0x20,0x00,0x00,0x00}},
    {0x82A9, {0x08,0x20,0x3F,0xF8,0x7F,0xFC,0x09,0x60,0x03,0x80,0x06,0xC0,0x1C,0x70,0x73,0x1C,0x41,0x04,0x3F,0xF0,0x00,0x30,0x00,0x60,0x00,0xC0,0x00,0x80,0x01,0x80,0x00,0x00}},
    {0x82AC, {0x08,0x60,0x7F,0xFC,0x7F,0xFC,0x08,0x00,0x04,0x40,0x0C,0x60,0x18,0x30,0x70,0x1C,0x7F,0xF4,0x06,0x30,0x06,0x30,0x0C,0x30,0x1C,0x20,0x70,0xE0,0x20,0xC0,0x00,0x00}},
    {0x82AD, {0x0C,0x20,0x3F,0xFC,0x7F,0xFC,0x0C,0x60,0x0C,0x60,0x3F,0xF8,0x31,0x08,0x31,0x08,0x31,0x08,0x3F,0xF8,0x30,0x08,0x30,0x04,0x30,0x04,0x3F,0xFC,0x0F,0xF0,0x00,0x00}},
    {0x82AE, {0x08,0x40,0x7F,0xF8,0x7F,0xF8,0x09,0x40,0x03,0x00,0x3F,0xF0,0x37,0xF0,0x23,0x10,0x23,0x90,0x26,0xD0,0x2C,0x70,0x38,0x30,0x20,0x10,0x20,0x30,0x00,0x00,0x00,0x00}},
    {0x82AF, {0x08,0x60,0x0C,0x60,0x7F,0xFC,0x3C,0xF8,0x0C,0x60,0x03,0x00,0x01,0x80,0x0D,0x80,0x2C,0xC8,0x2C,0x08,0x6C,0x0C,0x6C,0x24,0x4C,0x34,0x0F,0xE0,0x03,0xC0,0x00,0x00}},
    {0x82B1, {0x0C,0x60,0x3F,0xF8,0x7F,0xFC,0x0C,0x60,0x08,0x80,0x08,0x80,0x18,0x88,0x30,0xB8,0x70,0xE0,0x7B,0x80,0x1B,0x80,0x18,0x84,0x18,0x84,0x18,0xFC,0x10,0x78,0x00,0x00}},
    {0x82B3, {0x04,0x30,0x3F,0xFC,0x3F,0xFE,0x04,0x30,0x00,0x80,0x00,0xC0,0x3F,0xFE,0x02,0x00,0x02,0x00,0x07,0xF8,0x06,0x08,0x0C,0x08,0x18,0x18,0x30,0xF8,0x00,0x60,0x00,0x00}},
    {0x82B7, {0x04,0x20,0x0C,0x30,0x7F,0xFE,0x0C,0x20,0x04,0x20,0x00,0x80,0x00,0x80,0x18,0x80,0x18,0xFC,0x18,0x80,0x18,0x80,0x18,0x80,0x18,0x80,0x19,0x80,0x7F,0xFE,0x00,0x00}},
    {0x82B8, {0x08,0x60,0x3F,0xF8,0x7F,0xFC,0x0C,0x60,0x00,0x00,0x1F,0xF0,0x3F,0xF0,0x00,0x00,0x7F,0xFC,0x7F,0xFC,0x0C,0x60,0x08,0x30,0x18,0x30,0x3F,0xF8,0x10,0x08,0x00,0x00}},
    {0x82B9, {0x04,0x30,0x3F,0xFE,0x3F,0xFE,0x04,0x10,0x07,0xFC,0x0F,0xE0,0x08,0x00,0x08,0x00,0x0F,0xFE,0x18,0x60,0x18,0x20,0x18,0x20,0x10,0x20,0x30,0x20,0x20,0x20,0x00,0x00}},
    {0x82BD, {0x04,0x30,0x1F,0xFC,0x3F,0xFE,0x06,0x30,0x04,0x20,0x1F,0xFC,0x08,0x30,0x18,0x30,0x1F,0xFE,0x0F,0xFE,0x01,0xB0,0x03,0x30,0x0E,0x30,0x38,0x30,0x00,0xE0,0x00,0x00}},
    {0x82C7, {0x08,0x20,0x3F,0xF8,0x7F,0xFC,0x08,0x60,0x03,0x00,0x3F,0xF8,0x01,0x00,0x1F,0xF0,0x07,0x80,0x03,0x00,0x7F,0xFC,0x01,0x0C,0x01,0x08,0x01,0x38,0x01,0x00,0x00,0x00}},
    {0x82CD, {0x08,0x20,0x7F,0xFC,0x7F,0xFC,0x09,0x20,0x03,0x80,0x0E,0xC0,0x38,0x38,0x7F,0xFC,0x1F,0xE0,0x18,0x20,0x18,0x60,0x19,0xC8,0x18,0x18,0x0F,0xF8,0x07,0xE0,0x00,0x00}},
    {0x82CF, {0x0C,0x20,0x3F,0xFC,0x7F,0xFC,0x0C,0x60,0x03,0x00,0x03,0x00,0x3F,0xF0,0x02,0x30,0x12,0x38,0x36,0x3C,0x26,0x34,0x6C,0x34,0x18,0x20,0x30,0xE0,0x00,0x80,0x00,0x00}},
    {0x82D1, {0x08,0x20,0x3F,0xFC,0x7F,0xFC,0x0C,0x60,0x18,0x00,0x1A,0xF8,0x3F,0xC8,0x32,0xC8,0x62,0xC8,0x5E,0xC8,0x0C,0xD8,0x0C,0xC0,0x18,0xC6,0x70,0xFC,0x40,0x38,0x00,0x00}},
    {0x82D4, {0x08,0x60,0x3F,0xF8,0x7F,0xFC,0x0C,0x60,0x06,0x40,0x0C,0x60,0x18,0xF0,0x3F,0xF8,0x00,0x08,0x1F,0xF0,0x18,0x18,0x10,0x18,0x10,0x18,0x1F,0xF0,0x10,0x10,0x00,0x00}},
    {0x82D7, {0x00,0x00,0x0C,0x60,0x7F,0xFC,0x7F,0xFC,0x0C,0x60,0x1F,0xF0,0x3F,0xF8,0x31,0x18,0x31,0x18,0x3F,0xF8,0x33,0x18,0x31,0x18,0x31,0x18,0x3F,0xF8,0x30,0x18,0x00,0x00}},
    {0x82E5, {0x08,0x20,0x3F,0xFC,0x7F,0xFC,0x0C,0x60,0x02,0x00,0x7F,0xFC,0x7F,0xFC,0x04,0x00,0x0C,0x00,0x1F,0xF8,0x38,0x08,0x68,0x08,0x48,0x08,0x0F,0xF8,0x08,0x18,0x00,0x00}},
    {0x82E7, {0x08,0x20,0x7F,0xFC,0x7F,0xFC,0x09,0x20,0x03,0x80,0x7F,0xFC,0x60,0x0C,0x00,0x04,0x7F,0xFC,0x01,0x80,0x01,0x00,0x01,0x00,0x01,0x00,0x0F,0x00,0x06,0x00,0x00,0x00}},
    {0x82F1, {0x08,0x20,0x3F,0xF8,0x7F,0xFC,0x0C,0x60,0x01,0x00,0x03,0x80,0x3F,0xF8,0x31,0x18,0x31,0x18,0x7F,0xFC,0x03,0x80,0x06,0xC0,0x0C,0x60,0x78,0x3C,0x60,0x0C,0x00,0x00}},
    {0x82F9, {0x08,0x20,0x3F,0xFC,0x7F,0xFC,0x08,0x60,0x08,0x60,0x3F,0xF8,0x11,0x10,0x11,0x10,0x19,0x20,0x0B,0xA0,0x7F,0xFC,0x01,0x00,0x01,0x00,0x01,0x00,0x01,0x00,0x00,0x00}},
    {0x8302, {0x08,0x60,0x3F,0xFC,0x7F,0xFC,0x0C,0x60,0x01,0x18,0x01,0x8C,0x3F,0xFC,0x21,0x88,0x20,0x98,0x20,0xB0,0x20,0xE0,0x20,0xE0,0x61,0xE4,0x47,0x34,0x4C,0x1C,0x00,0x00}},
    {0x8303, {0x08,0x20,0x3F,0xFC,0x7F,0xFC,0x0C,0x60,0x00,0x00,0x3B,0xF8,0x0B,0x08,0x43,0x08,0x73,0x08,0x13,0x78,0x0B,0x00,0x1B,0x04,0x33,0x04,0x63,0xFC,0x00,0xF8,0x00,0x00}},
    {0x8304, {0x04,0x20,0x3F,0xFC,0x3F,0xFC,0x04,0x20,0x08,0x00,0x3E,0x78,0x3F,0x4C,0x1B,0x4C,0x1B,0x4C,0x1B,0x4C,0x13,0x4C,0x13,0x4C,0x32,0x7C,0x26,0x40,0x00,0x00,0x00,0x00}},
    {0x8305, {0x08,0x60,0x7F,0xFC,0x7F,0xFC,0x08,0x00,0x3F,0xF0,0x04,0x70,0x06,0xC0,0x03,0x80,0x7F,0xFC,0x07,0x8C,0x05,0x98,0x19,0x90,0x71,0x80,0x61,0x80,0x07,0x00,0x00,0x00}},
    {0x8306, {0x08,0x60,0x3F,0xF8,0x7F,0xFC,0x0C,0x60,0x0E,0x00,0x3C,0xFC,0x26,0xCC,0x26,0xCC,0x26,0xCC,0x26,0xCC,0x3E,0xCC,0x34,0xDC,0x0C,0xD8,0x38,0xC0,0x30,0xC0,0x00,0x00}},
    {0x8309, {0x08,0x20,0x3F,0xFC,0x7F,0xFC,0x09,0x60,0x01,0x00,0x7F,0xFC,0x01,0x00,0x01,0x00,0x7F,0xFC,0x07,0xC0,0x07,0xC0,0x19,0x30,0x31,0x1C,0x61,0x0C,0x01,0x00,0x00,0x00}},
    {0x8311, {0x04,0x20,0x3F,0xFC,0x3F,0xFC,0x05,0x20,0x07,0xE0,0x0F,0xF0,0x0B,0x10,0x08,0x30,0x1C,0x60,0x0F,0xFC,0x00,0x04,0x3F,0xF4,0x00,0x0C,0x00,0x38,0x00,0x00,0x00,0x00}},
    {0x8317, {0x04,0x30,0x3F,0xFE,0x3F,0xFE,0x03,0x00,0x07,0xF8,0x0C,0x18,0x3E,0x30,0x03,0xE0,0x03,0x80,0x3F,0xFC,0x3C,0x0C,0x04,0x0C,0x04,0x0C,0x07,0xFC,0x04,0x0C,0x00,0x00}},
    {0x831C, {0x08,0x60,0x7F,0xFC,0x7F,0xFC,0x08,0x20,0x7F,0xFC,0x06,0xC0,0x06,0xC0,0x3F,0xF8,0x3F,0xF8,0x24,0xC8,0x3C,0xF8,0x38,0x08,0x20,0x08,0x3F,0xF8,0x20,0x08,0x00,0x00}},
    {0x8328, {0x08,0x20,0x3F,0xF8,0x7F,0xFC,0x0C,0x20,0x01,0x00,0x23,0x90,0x13,0xFC,0x16,0x4C,0x04,0xC8,0x00,0xC0,0x10,0xE0,0x31,0xA0,0x63,0x38,0x66,0x1C,0x0C,0x04,0x00,0x00}},
    {0x832B, {0x08,0x20,0x3F,0xFC,0x7F,0xFC,0x0C,0x60,0x20,0x40,0x30,0x60,0x07,0xFC,0x47,0xFC,0x73,0x00,0x03,0x00,0x0B,0x00,0x1B,0x00,0x33,0x00,0x63,0xFC,0x00,0x00,0x00,0x00}},
    {0x832D, {0x08,0x60,0x7F,0xFC,0x7F,0xFC,0x09,0x60,0x03,0x80,0x7F,0xFC,0x08,0x20,0x18,0x38,0x7C,0x6C,0x64,0x60,0x06,0xC0,0x03,0x80,0x0F,0xE0,0x7C,0x7C,0x60,0x0C,0x00,0x00}},
    {0x8334, {0x0C,0x60,0x7F,0xFC,0x7F,0xFC,0x00,0x00,0x3F,0xF8,0x30,0x18,0x22,0x08,0x27,0xC8,0x24,0x48,0x24,0x48,0x24,0x48,0x27,0xC8,0x20,0x08,0x3F,0xF8,0x20,0x08,0x00,0x00}},
    {0x8335, {0x0C,0x60,0x7F,0xFC,0x7F,0xFC,0x00,0x00,0x3F,0xF8,0x21,0x18,0x21,0x08,0x3F,0xF8,0x2F,0xC8,0x23,0x88,0x22,0xC8,0x2E,0x68,0x28,0x38,0x3F,0xF8,0x20,0x08,0x00,0x00}},
    {0x8336, {0x08,0x20,0x3F,0xFC,0x7F,0xFC,0x09,0x20,0x03,0x80,0x06,0xC0,0x1C,0x70,0x71,0x1C,0x7F,0xFC,0x1F,0xF0,0x09,0x20,0x19,0x30,0x31,0x18,0x61,0x08,0x07,0x00,0x00,0x00}},
    {0x8338, {0x04,0x30,0x3F,0xFE,0x3F,0xFE,0x00,0x00,0x3F,0xFE,0x0C,0x18,0x0C,0x18,0x0F,0xF8,0x0C,0x18,0x0F,0xF8,0x0C,0x18,0x0C,0x1C,0x3F,0xFE,0x00,0x18,0x00,0x18,0x00,0x00}},
    {0x8339, {0x08,0x20,0x7F,0xFC,0x7F,0xFC,0x0C,0x60,0x08,0x00,0x18,0x70,0x7E,0xF8,0x12,0xCC,0x32,0xCC,0x26,0xCC,0x3C,0xCC,0x0C,0xCC,0x1E,0xF8,0x72,0xF8,0x60,0x00,0x00,0x00}},
    {0x8346, {0x0A,0x00,0x3F,0x8C,0x3F,0xAC,0x0B,0x2C,0x3F,0xAC,0x3F,0xAC,0x1B,0x2C,0x1B,0x2C,0x3F,0xAC,0x1B,0x2C,0x13,0x2C,0x13,0x0C,0x33,0x0C,0x23,0x18,0x00,0x00,0x00,0x00}},
    {0x8349, {0x0C,0x20,0x7F,0xFC,0x7F,0xFC,0x04,0x20,0x1F,0xF8,0x10,0x18,0x1F,0xF8,0x1F,0xF8,0x1F,0xF8,0x03,0x80,0x01,0x00,0x7F,0xFC,0x01,0x00,0x01,0x00,0x01,0x00,0x00,0x00}},
    {0x8350, {0x04,0x20,0x3F,0xFC,0x3F,0xFC,0x06,0x20,0x3F,0xFC,0x3F,0xFC,0x0D,0xF8,0x18,0x38,0x38,0x20,0x3B,0xFC,0x0B,0xFC,0x08,0x60,0x08,0x60,0x08,0xE0,0x00,0x00,0x00,0x00}},
    {0x8352, {0x08,0x20,0x7F,0xFC,0x7F,0xFC,0x09,0x20,0x01,0x80,0x7F,0xFC,0x10,0x00,0x1F,0xF8,0x0F,0xF8,0x11,0x20,0x19,0x30,0x11,0x30,0x31,0x34,0x61,0x3C,0x40,0x08,0x00,0x00}},
    {0x8354, {0x04,0x20,0x3F,0xFC,0x3F,0xFC,0x05,0x00,0x1F,0xF8,0x02,0x18,0x1C,0x70,0x18,0x20,0x1C,0xF0,0x3F,0xFC,0x1A,0x6C,0x1A,0x6C,0x32,0xCC,0x26,0x98,0x00,0x00,0x00,0x00}},
    {0x8357, {0x08,0x60,0x3F,0xFC,0x7F,0xFC,0x0C,0x70,0x01,0x98,0x1F,0x9C,0x3F,0xFC,0x30,0x80,0x30,0x90,0x3C,0xF0,0x26,0xE0,0x20,0xE0,0x63,0xA4,0x46,0x3C,0x00,0x08,0x00,0x00}},
    {0x8358, {0x08,0x60,0x7F,0xFC,0x7F,0xFC,0x0C,0x60,0x08,0x00,0x48,0x60,0x68,0x60,0x3B,0xFC,0x1B,0xFC,0x08,0x60,0x38,0x60,0x78,0x60,0x48,0x60,0x0B,0xFC,0x08,0x00,0x00,0x00}},
    {0x835A, {0x08,0x20,0x3F,0xF8,0x7F,0xFC,0x09,0x60,0x0B,0xA0,0x3F,0xF8,0x11,0x10,0x19,0x30,0x09,0x20,0x7F,0xFC,0x03,0x80,0x06,0xC0,0x0C,0x60,0x78,0x3C,0x60,0x0C,0x00,0x00}},
    {0x835F, {0x08,0x20,0x7F,0xFC,0x7F,0xFC,0x09,0x20,0x03,0x80,0x06,0xC0,0x1C,0x70,0x7F,0xFC,0x44,0x44,0x00,0x00,0x7F,0xFC,0x0C,0x20,0x18,0x30,0x3F,0xF8,0x30,0x08,0x00,0x00}},
    {0x8361, {0x08,0x60,0x7F,0xFC,0x7F,0xFC,0x00,0x40,0x37,0xF0,0x10,0xE0,0x43,0x80,0x77,0xFC,0x11,0xAC,0x01,0x2C,0x12,0x6C,0x36,0xCC,0x20,0x88,0x61,0x38,0x00,0x00,0x00,0x00}},
    {0x8363, {0x0C,0x40,0x7F,0xFC,0x7F,0xFC,0x00,0x40,0x7F,0xFC,0x61,0x0C,0x41,0x04,0x7F,0xFC,0x7F,0xFC,0x07,0xC0,0x0D,0x60,0x19,0x30,0x71,0x1C,0x61,0x0C,0x01,0x00,0x00,0x00}},
    {0x836A, {0x0C,0x60,0x7F,0xFC,0x7F,0xFC,0x00,0x60,0x7E,0x60,0x0C,0x60,0x1C,0x68,0x19,0x28,0x3F,0x2C,0x7B,0x6C,0x1B,0x64,0x1A,0x64,0x18,0x60,0x30,0xE0,0x20,0x80,0x00,0x00}},
    {0x836B, {0x08,0x60,0x7F,0xFC,0x7F,0xFC,0x00,0x00,0x7D,0xFC,0x6D,0x8C,0x69,0xBC,0x69,0xFC,0x6D,0x8C,0x65,0x8C,0x67,0xFC,0x6D,0x0C,0x6B,0x0C,0x62,0x3C,0x00,0x10,0x00,0x00}},
    {0x836F, {0x08,0x60,0x7F,0xFC,0x7F,0xFC,0x08,0x40,0x10,0x80,0x34,0xFC,0x25,0x8C,0x79,0x0C,0x78,0x8C,0x30,0xCC,0x7C,0x6C,0x00,0x08,0x3E,0x08,0x78,0x38,0x00,0x30,0x00,0x00}},
    {0x8377, {0x08,0x60,0x7F,0xFC,0x7F,0xFC,0x08,0x60,0x18,0x00,0x1F,0xFC,0x30,0x08,0x73,0xC8,0x77,0xC8,0x36,0x48,0x36,0x48,0x37,0xC8,0x30,0x08,0x30,0x78,0x00,0x20,0x00,0x00}},
    {0x837B, {0x04,0x20,0x3F,0xFC,0x3F,0xFC,0x04,0x20,0x34,0x20,0x1C,0x60,0x19,0x24,0x39,0x6C,0x2F,0x68,0x1C,0x60,0x3C,0x70,0x24,0xD8,0x0D,0x8C,0x1B,0x04,0x00,0x00,0x00,0x00}},
    {0x837C, {0x08,0x20,0x7F,0xFC,0x7F,0xFC,0x09,0x20,0x07,0xC0,0x0C,0x60,0x3C,0x7C,0x6F,0xEC,0x01,0x00,0x3F,0xF8,0x03,0x00,0x19,0x20,0x11,0x30,0x71,0x18,0x27,0x08,0x00,0x00}},
    {0x8386, {0x08,0x40,0x7F,0xF8,0x7F,0xF8,0x01,0x20,0x3F,0xF8,0x7F,0xF8,0x1F,0xF0,0x33,0x10,0x33,0x30,0x3F,0xF0,0x31,0x10,0x3F,0xF0,0x31,0x10,0x31,0x70,0x00,0x00,0x00,0x00}},
    {0x8389, {0x08,0x40,0x7F,0xFC,0x7F,0xFC,0x00,0x00,0x1F,0x0C,0x3C,0x6C,0x0C,0x6C,0x7F,0x6C,0x3D,0x6C,0x1E,0x6C,0x1F,0x6C,0x2D,0x6C,0x6C,0x0C,0x4C,0x0C,0x0C,0x38,0x00,0x00}},
    {0x838A, {0x0C,0x60,0x7F,0xFC,0x7F,0xFC,0x0C,0x60,0x08,0x60,0x68,0x60,0x68,0x60,0x7F,0xFC,0x1F,0xFC,0x08,0x60,0x78,0x60,0x28,0x60,0x68,0x60,0x4F,0xFC,0x48,0x00,0x00,0x00}},
    {0x838E, {0x04,0x30,0x1F,0xFC,0x3F,0xFE,0x04,0x30,0x10,0x20,0x18,0x68,0x01,0x2C,0x31,0x64,0x1B,0x66,0x02,0x6C,0x08,0x28,0x08,0x18,0x18,0x70,0x33,0xC0,0x03,0x00,0x00,0x00}},
    {0x8393, {0x08,0x20,0x7F,0xFC,0x7F,0xFC,0x18,0x00,0x3F,0xFC,0x60,0x00,0x5F,0xF8,0x11,0x18,0x11,0x98,0x7F,0xFC,0x13,0x18,0x11,0x90,0x3F,0xFC,0x0F,0x38,0x00,0xF0,0x00,0x00}},
    {0x8398, {0x04,0x20,0x1F,0xFC,0x3F,0xFE,0x04,0xB0,0x01,0x80,0x1F,0xFC,0x04,0x30,0x06,0x30,0x3F,0xFE,0x01,0x80,0x01,0x80,0x1F,0xFC,0x00,0x80,0x00,0x80,0x00,0x80,0x00,0x00}},
    {0x839C, {0x08,0x60,0x7F,0xFC,0x7F,0xFC,0x0C,0x60,0x18,0x80,0x14,0x80,0x35,0xFC,0x75,0x98,0x77,0x98,0x76,0xD0,0x34,0x70,0x34,0x60,0x34,0xF8,0x33,0x9C,0x33,0x04,0x00,0x00}},
    {0x83AB, {0x08,0x20,0x7F,0xFC,0x7F,0xFC,0x08,0x20,0x3F,0xF8,0x30,0x18,0x3F,0xF8,0x30,0x18,0x3F,0xF8,0x03,0x00,0x43,0x04,0x7F,0xFC,0x06,0xC0,0x7C,0x7C,0x70,0x1C,0x00,0x00}},
    {0x83B1, {0x08,0x20,0x7F,0xFC,0x7F,0xFC,0x09,0x20,0x03,0x80,0x3F,0xF8,0x19,0x30,0x09,0x20,0x7F,0xFC,0x77,0xDC,0x07,0xC0,0x0D,0x60,0x39,0x38,0x61,0x0C,0x01,0x00,0x00,0x00}},
    {0x83B2, {0x08,0x20,0x7F,0xFC,0x7F,0xFC,0x00,0x00,0x67,0xFC,0x33,0x00,0x02,0x40,0x67,0xF8,0x71,0xF8,0x10,0x40,0x37,0xFC,0x30,0x60,0x78,0x40,0x4F,0xFC,0x00,0x00,0x00,0x00}},
    {0x83B7, {0x0C,0x60,0x7F,0xFC,0x7F,0xFC,0x0C,0x20,0x6C,0x70,0x38,0x58,0x38,0x48,0x7B,0xFC,0x0B,0xFC,0x18,0x60,0x68,0xE0,0x49,0x90,0x09,0x18,0x3F,0x0C,0x20,0x00,0x00,0x00}},
    {0x83B9, {0x08,0x20,0x3F,0xF8,0x7F,0xFC,0x00,0x00,0x7F,0xFC,0x60,0x0C,0x6C,0x6C,0x1F,0xF0,0x01,0x00,0x01,0x00,0x1F,0xF0,0x01,0x20,0x01,0x10,0x7F,0xFC,0x3E,0xE8,0x00,0x00}},
    {0x83BA, {0x0C,0x20,0x7F,0xFC,0x7F,0xFC,0x3F,0xFC,0x63,0x0C,0x63,0x04,0x1F,0xF0,0x12,0x10,0x11,0x70,0x18,0x00,0x1F,0xFC,0x20,0x04,0x7F,0xEC,0x00,0x38,0x00,0x00,0x00,0x00}},
    {0x83C1, {0x08,0x20,0x7F,0xFC,0x7F,0xFC,0x3F,0xF8,0x03,0x80,0x1F,0xF8,0x7F,0xFC,0x7F,0xFC,0x1F,0xF0,0x30,0x18,0x3F,0xF8,0x30,0x18,0x3F,0xF8,0x30,0x18,0x30,0x70,0x00,0x00}},
    {0x83C7, {0x08,0x40,0x7F,0xFC,0x7F,0xFC,0x0C,0x60,0x10,0x20,0x10,0x20,0x7F,0xFC,0x37,0xFC,0x24,0x20,0x6D,0xFC,0x39,0x8C,0x19,0x8C,0x1D,0x8C,0x77,0xFC,0x41,0x8C,0x00,0x00}},
    {0x83CA, {0x04,0x30,0x3F,0xFE,0x3F,0xFE,0x04,0x10,0x0C,0x00,0x1F,0xFC,0x39,0x04,0x2D,0x24,0x05,0x24,0x1F,0xFC,0x03,0xC4,0x07,0xC4,0x0D,0x24,0x19,0x0C,0x01,0x18,0x00,0x00}},
    {0x83CF, {0x0C,0x60,0x7F,0xFC,0x7F,0xFC,0x08,0x00,0x70,0x00,0x1F,0xFC,0x00,0x08,0x63,0xC8,0x27,0xC8,0x06,0x48,0x16,0x48,0x37,0xC8,0x22,0x08,0x60,0x78,0x00,0x20,0x00,0x00}},
    {0x83D3, {0x08,0x20,0x7F,0xFC,0x7F,0xFC,0x08,0x00,0x3F,0xF8,0x33,0x98,0x3F,0xF8,0x31,0x18,0x3F,0xF8,0x03,0x00,0x7F,0xFC,0x0F,0xC0,0x19,0x70,0x71,0x1C,0x41,0x04,0x00,0x00}},
    {0x83D6, {0x08,0x20,0x7F,0xFC,0x7F,0xFC,0x1F,0xF0,0x10,0x10,0x10,0x10,0x1F,0xF0,0x1F,0xF0,0x0F,0xE0,0x3F,0xF8,0x30,0x18,0x3F,0xF8,0x20,0x08,0x3F,0xF8,0x20,0x08,0x00,0x00}},
    {0x83DC, {0x0C,0x60,0x7F,0xFC,0x7F,0xFC,0x0C,0x70,0x7F,0xF0,0x20,0x08,0x33,0x18,0x11,0x10,0x01,0x00,0x7F,0xFC,0x07,0xC0,0x0F,0xE0,0x39,0x38,0x61,0x0C,0x01,0x00,0x00,0x00}},
    {0x83E0, {0x08,0x20,0x7F,0xFC,0x7F,0xFC,0x08,0x60,0x30,0x40,0x17,0xFC,0x06,0x4C,0x66,0x44,0x37,0xF8,0x07,0x18,0x05,0x90,0x34,0xF0,0x2C,0xF0,0x6F,0x9C,0x0A,0x04,0x00,0x00}},
    {0x83E1, {0x08,0x20,0x7F,0xFC,0x7F,0xFC,0x08,0x20,0x1F,0xE0,0x00,0xE0,0x61,0x8C,0x6D,0x6C,0x65,0xCC,0x67,0xCC,0x6D,0x6C,0x7B,0x3C,0x62,0x0C,0x7F,0xFC,0x3F,0xEC,0x00,0x00}},
    {0x83E9, {0x08,0x20,0x7F,0xFC,0x7F,0xFC,0x01,0x00,0x3F,0xF8,0x0C,0x30,0x0C,0x20,0x7F,0xFC,0x7F,0xFC,0x00,0x00,0x1F,0xF0,0x10,0x18,0x10,0x18,0x1F,0xF8,0x10,0x10,0x00,0x00}},
    {0x83EF, {0x08,0x20,0x7F,0xFC,0x7F,0xFC,0x08,0x20,0x3F,0xF8,0x19,0x30,0x7F,0xFC,0x7F,0xFC,0x19,0x30,0x3F,0xFC,0x01,0x00,0x0B,0x80,0x7F,0xFC,0x01,0x00,0x01,0x00,0x00,0x00}},
    {0x83F1, {0x08,0x20,0x7F,0xFC,0x7F,0xFC,0x09,0x20,0x1F,0xF8,0x03,0x80,0x7F,0xFC,0x0C,0x70,0x36,0x1C,0x07,0xF0,0x1C,0x60,0x36,0x60,0x03,0xC0,0x1F,0xF0,0x78,0x3C,0x00,0x00}},
    {0x83F2, {0x0C,0x60,0x7F,0xFC,0x7F,0xFC,0x04,0x40,0x06,0xC0,0x7E,0xFC,0x06,0xC0,0x06,0xC0,0x7E,0xFC,0x06,0xC0,0x06,0xC0,0x7E,0xFC,0x06,0xC0,0x06,0xC0,0x04,0x40,0x00,0x00}},
    {0x8403, {0x08,0x60,0x7F,0xFC,0x7F,0xFC,0x09,0x60,0x03,0x00,0x3F,0xF8,0x08,0x20,0x0C,0x60,0x1E,0xF0,0x33,0x98,0x7B,0xFC,0x7F,0xFC,0x01,0x00,0x01,0x00,0x01,0x00,0x00,0x00}},
    {0x8404, {0x04,0x20,0x3F,0xFC,0x3F,0xFC,0x08,0x00,0x1F,0xFC,0x30,0x0C,0x2F,0xEC,0x0B,0x0C,0x1B,0x08,0x1F,0xE8,0x03,0x08,0x1B,0x68,0x0F,0xC8,0x00,0x38,0x00,0x00,0x00,0x00}},
    {0x840C, {0x08,0x20,0x3F,0xF8,0x7F,0xFC,0x0C,0x60,0x00,0x00,0x3C,0xF8,0x65,0x8C,0x3C,0xF8,0x7D,0xF8,0x65,0x88,0x6D,0xF8,0x7D,0x08,0x23,0x0C,0x06,0x38,0x00,0x10,0x00,0x00}},
    {0x840D, {0x08,0x20,0x7F,0xFC,0x7F,0xFC,0x00,0x00,0x77,0xFC,0x10,0xC8,0x06,0x4C,0x62,0x48,0x33,0x58,0x01,0xD8,0x1F,0xFC,0x10,0x40,0x30,0x40,0x60,0x40,0x00,0x40,0x00,0x00}},
    {0x841D, {0x08,0x20,0x7F,0xFC,0x7F,0xFC,0x08,0x20,0x3F,0xF8,0x24,0x48,0x3F,0xF8,0x3F,0xF8,0x06,0x00,0x1F,0xF0,0x38,0x30,0x06,0x60,0x03,0x80,0x3F,0x00,0x38,0x00,0x00,0x00}},
    {0x8424, {0x04,0x40,0x7F,0xFC,0x7F,0xFC,0x00,0x00,0x7F,0xFC,0x61,0x0C,0x41,0x0C,0x1F,0xF0,0x3F,0xF8,0x31,0x18,0x1F,0xF0,0x01,0x10,0x01,0x18,0x7F,0xF8,0x3E,0x0C,0x00,0x00}},
    {0x8425, {0x08,0x20,0x3F,0xF8,0x7F,0xFC,0x08,0x20,0x7F,0xFC,0x60,0x0C,0x6F,0xFC,0x08,0x30,0x1F,0xF0,0x00,0x00,0x1F,0xF8,0x30,0x18,0x30,0x18,0x1F,0xF8,0x10,0x18,0x00,0x00}},
    {0x8427, {0x08,0x20,0x7F,0xFC,0x7F,0xFC,0x01,0x00,0x3F,0xF8,0x03,0x98,0x7F,0xFC,0x1F,0xF8,0x3F,0xF0,0x11,0x08,0x35,0x48,0x35,0x68,0x3D,0x28,0x69,0x08,0x01,0x08,0x00,0x00}},
    {0x8428, {0x0C,0x60,0x7F,0xFC,0x7F,0xFC,0x00,0x60,0x78,0x60,0x6B,0xFC,0x69,0x98,0x78,0x90,0x7B,0xFC,0x6B,0x00,0x6E,0x00,0x6E,0x00,0x7E,0x00,0x66,0x00,0x64,0x00,0x00,0x00}},
    {0x8431, {0x04,0x20,0x2F,0xF6,0x7F,0xFE,0x05,0x20,0x3F,0xFC,0x60,0x06,0x6F,0xF6,0x00,0x00,0x0F,0xF0,0x18,0x18,0x1F,0xF8,0x18,0x18,0x1F,0xF8,0x00,0x00,0x7F,0xFE,0x00,0x00}},
    {0x8438, {0x08,0x20,0x7F,0xFC,0x7F,0xFC,0x09,0x00,0x3D,0xF8,0x31,0x08,0x21,0x08,0x3D,0x78,0x39,0x38,0x21,0x08,0x3F,0xF8,0x03,0x80,0x0E,0xE0,0x78,0x3C,0x60,0x0C,0x00,0x00}},
    {0x843D, {0x08,0x20,0x7F,0xFC,0x7F,0xFC,0x00,0x00,0x31,0xF8,0x13,0x18,0x47,0xB0,0x60,0xE0,0x31,0xF8,0x07,0x1C,0x1B,0xF8,0x12,0x08,0x32,0x08,0x63,0xF8,0x02,0x08,0x00,0x00}},
    {0x8446, {0x08,0x20,0x7F,0xFC,0x7F,0xFC,0x08,0x00,0x1B,0xF8,0x12,0x08,0x33,0x38,0x73,0xF8,0xF0,0x40,0x3F,0xFC,0x31,0xE0,0x31,0xF0,0x36,0x58,0x3C,0xCC,0x30,0x40,0x00,0x00}},
    {0x8449, {0x08,0x20,0x7F,0xFC,0x7F,0xFC,0x10,0x30,0x7F,0xFC,0x13,0x30,0x13,0x30,0x11,0xE0,0x1F,0xFC,0x03,0x80,0x7F,0xFC,0x07,0xC0,0x1D,0x70,0x71,0x1C,0x01,0x04,0x00,0x00}},
    {0x8451, {0x08,0x60,0x7F,0xFC,0x7F,0xFC,0x08,0x00,0x18,0x08,0x7E,0x18,0x18,0xFC,0x7E,0x18,0x7E,0xC8,0x18,0x48,0x7E,0x48,0x18,0x08,0x1B,0x08,0x7F,0x18,0x60,0x38,0x00,0x00}},
    {0x8457, {0x04,0x20,0x3F,0xFE,0x3F,0xFE,0x01,0x00,0x1F,0xFC,0x01,0x38,0x27,0x76,0x3F,0xFE,0x03,0x80,0x1F,0xFC,0x3C,0x0C,0x07,0xFC,0x04,0x0C,0x07,0xFC,0x04,0x0C,0x00,0x00}},
    {0x845B, {0x04,0x20,0x3F,0xFC,0x3F,0xFC,0x0F,0xF0,0x18,0x10,0x1F,0xF0,0x18,0x18,0x0F,0xF0,0x0F,0x70,0x1F,0xF8,0x39,0xC8,0x0E,0x68,0x0F,0xC8,0x00,0x38,0x00,0x00,0x00,0x00}},
    {0x8461, {0x04,0x30,0x3F,0xFE,0x3F,0xFE,0x0C,0x00,0x1F,0xFE,0x11,0x66,0x3B,0xE6,0x3F,0xE6,0x0F,0xE6,0x1B,0x26,0x0F,0xE4,0x0B,0xA4,0x0F,0xE4,0x19,0x64,0x00,0x1C,0x00,0x00}},
    {0x8463, {0x08,0x40,0x7F,0xFC,0x7F,0xFC,0x3F,0xE0,0x03,0x80,0x7F,0xFC,0x03,0x80,0x3F,0xF8,0x3F,0xF8,0x33,0x98,0x1F,0xF0,0x1F,0xF0,0x3F,0xF8,0x7F,0xFC,0x00,0x00,0x00,0x00}},
    {0x846B, {0x04,0x20,0x7F,0xFC,0x7F,0xFC,0x0C,0x60,0x18,0xFC,0x1E,0xCC,0x7E,0xFC,0x08,0xFC,0x18,0xCC,0x3E,0xCC,0x66,0xFC,0x62,0x8C,0x3F,0x8C,0x3B,0x0C,0x01,0x18,0x00,0x00}},
    {0x846C, {0x08,0x60,0x7F,0xFC,0x7F,0xFC,0x7F,0xFC,0x1C,0xC8,0x3E,0xD8,0x72,0xF0,0x1E,0x84,0x18,0xFC,0x60,0x60,0x0C,0x60,0x7F,0xFC,0x08,0x60,0x38,0x60,0x60,0x60,0x00,0x00}},
    {0x846D, {0x0C,0x20,0x7F,0xFC,0x7F,0xFC,0x00,0x20,0x3E,0xF8,0x22,0x0C,0x36,0x7C,0x3E,0xF8,0x20,0x00,0x3F,0xFC,0x20,0xC8,0x30,0x78,0x3E,0x70,0x21,0xDC,0x21,0x04,0x00,0x00}},
    {0x8471, {0x04,0x20,0x3F,0xFE,0x3F,0xFE,0x04,0x00,0x0F,0xFC,0x1B,0x6C,0x37,0x4C,0x07,0xEC,0x0C,0xEC,0x09,0xB8,0x00,0x80,0x16,0xCC,0x34,0x16,0x27,0xF6,0x01,0xC0,0x00,0x00}},
    {0x8475, {0x08,0x20,0x7F,0xFC,0x7F,0xFC,0x08,0x20,0x3E,0xB0,0x26,0xEC,0x3C,0x78,0x1F,0xF8,0x77,0xCC,0x41,0x00,0x3F,0xF8,0x03,0xC0,0x0E,0xF0,0x3C,0x38,0x60,0x08,0x00,0x00}},
    {0x8482, {0x08,0x20,0x7F,0xFC,0x7F,0xFC,0x01,0x00,0x3F,0xFC,0x0C,0x20,0x0C,0x60,0x3F,0xFC,0x63,0x8C,0x1F,0xF8,0x11,0x98,0x11,0x18,0x11,0x18,0x11,0x30,0x01,0x00,0x00,0x00}},
    {0x848B, {0x04,0x20,0x3F,0xFE,0x3F,0xFE,0x00,0x20,0x0C,0x40,0x2D,0xFC,0x3F,0x18,0x1C,0xF8,0x0F,0x88,0x1F,0xFE,0x3C,0x88,0x0C,0xC8,0x0C,0x48,0x0C,0x08,0x08,0x38,0x00,0x00}},
    {0x8499, {0x04,0x00,0x3F,0xFE,0x3F,0xFE,0x1F,0xFC,0x30,0x06,0x27,0xF2,0x08,0x08,0x1F,0xFC,0x0F,0x18,0x39,0xF0,0x06,0xE0,0x19,0xF0,0x07,0x58,0x1C,0xCC,0x31,0x84,0x00,0x00}},
    {0x84B2, {0x08,0x60,0x7F,0xFC,0x7F,0xFC,0x00,0x58,0x30,0xCC,0x1F,0xFC,0x40,0xC0,0x77,0xFC,0x04,0x4C,0x07,0xFC,0x16,0xCC,0x37,0xFC,0x24,0x4C,0x66,0x4C,0x46,0x58,0x00,0x00}},
    {0x84B8, {0x08,0x20,0x7F,0xFC,0x7F,0xFC,0x00,0x00,0x1F,0xE0,0x00,0xC0,0x7D,0x98,0x09,0xE0,0x19,0x70,0x77,0x1C,0x46,0x00,0x1F,0xF0,0x24,0x98,0x66,0xCC,0x44,0x44,0x00,0x00}},
    {0x84B9, {0x00,0x00,0x7F,0xFC,0x7F,0xFC,0x08,0x60,0x7F,0xFC,0x06,0xC0,0x3F,0xF8,0x04,0xD8,0x7F,0xFC,0x06,0xD8,0x3F,0xF8,0x0E,0xE0,0x3E,0xF8,0x66,0xCC,0x04,0xC0,0x00,0x00}},
    {0x84C1, {0x08,0x20,0x7F,0xFC,0x7F,0xFC,0x09,0x20,0x3F,0xFC,0x03,0x00,0x3F,0xF8,0x7F,0xFC,0x39,0xFC,0x7F,0x9C,0x43,0x0C,0x1F,0xF8,0x0F,0xE0,0x39,0x38,0x21,0x08,0x00,0x00}},
    {0x84C4, {0x08,0x40,0x7F,0xFC,0x7F,0xFC,0x09,0x00,0x7F,0xFC,0x0E,0x40,0x1F,0xE0,0x1F,0x30,0x3E,0x18,0x00,0x08,0x3F,0xF8,0x33,0x98,0x3F,0xF8,0x3F,0xF8,0x30,0x18,0x00,0x00}},
    {0x84C9, {0x08,0x20,0x7F,0xFC,0x7F,0xFC,0x09,0x00,0x7F,0xFC,0x60,0x2C,0x49,0x34,0x33,0x98,0x06,0xC0,0x1C,0x70,0x7F,0xFC,0x58,0x34,0x18,0x30,0x1F,0xF0,0x18,0x30,0x00,0x00}},
    {0x84D1, {0x08,0x20,0x7F,0xFC,0x7F,0xFC,0x01,0x00,0x7F,0xFC,0x00,0x00,0x1F,0xF0,0x7F,0xFC,0x78,0x3C,0x1F,0xF0,0x0F,0x88,0x78,0xF0,0x69,0x70,0x0F,0x1C,0x08,0x04,0x00,0x00}},
    {0x84D3, {0x0C,0x40,0x7F,0xFC,0x7F,0xFC,0x08,0x40,0x18,0xC0,0x17,0xFC,0x31,0x10,0x31,0x10,0x7F,0xFC,0x30,0x00,0x33,0xF8,0x32,0x08,0x32,0x08,0x33,0xF8,0x12,0x08,0x00,0x00}},
    {0x84DD, {0x08,0x20,0x7F,0xFC,0x7F,0xFC,0x00,0x40,0x24,0xC0,0x24,0xFC,0x25,0xA0,0x25,0x30,0x04,0x10,0x04,0x00,0x3F,0xF8,0x36,0xC8,0x36,0xC8,0x7F,0xFC,0x40,0x04,0x00,0x00}},
    {0x84EC, {0x08,0x20,0x7F,0xFC,0x7F,0xFC,0x09,0x00,0x63,0xF8,0x37,0x30,0x01,0xE0,0x6F,0xFC,0x77,0xF8,0x10,0xC0,0x13,0xF0,0x10,0xC8,0x3F,0xF8,0x67,0xFC,0x00,0x00,0x00,0x00}},
    {0x84FC, {0x08,0x20,0x7F,0xFC,0x7F,0xFC,0x3C,0xF8,0x36,0xC8,0x1E,0x28,0x3F,0x78,0x27,0xC8,0x0C,0xF0,0x79,0x3C,0x4E,0x44,0x09,0xC0,0x1E,0x30,0x03,0xC0,0x3E,0x00,0x00,0x00}},
    {0x8513, {0x0C,0x60,0x7F,0xFC,0x1F,0xE0,0x30,0x18,0x3F,0xF8,0x30,0x18,0x1F,0xF0,0x3F,0xF8,0x66,0xCC,0x3F,0xF8,0x00,0x00,0x7F,0xF0,0x0C,0x60,0x07,0xE0,0x7C,0x7C,0x00,0x00}},
    {0x851A, {0x08,0x60,0x7F,0xFC,0x7F,0xFC,0x00,0x00,0x3F,0x08,0x61,0x18,0x7F,0xFC,0x7E,0x08,0x6E,0x08,0x60,0x48,0x7F,0x68,0x44,0x28,0x55,0x08,0xF5,0x18,0x0C,0x38,0x00,0x00}},
    {0x8521, {0x08,0x60,0x7F,0xFC,0x7F,0xFC,0x18,0x00,0x3F,0xF8,0x76,0xD8,0x6C,0x70,0x1F,0xF0,0x37,0xDC,0x60,0x0C,0x3F,0xF8,0x09,0x20,0x19,0x30,0x31,0x18,0x27,0x08,0x00,0x00}},
    {0x8523, {0x0C,0x60,0x7F,0xFC,0x0C,0x60,0x08,0x40,0x68,0xF8,0x6B,0x18,0x78,0x70,0x39,0xE0,0x0B,0x10,0x7F,0xFC,0x69,0x18,0x69,0x10,0x68,0x90,0x48,0x10,0x48,0x70,0x00,0x00}},
    {0x852C, {0x08,0x20,0x7F,0xFC,0x7F,0xFC,0x08,0x60,0x7C,0x60,0x0F,0xFC,0x18,0x88,0x59,0xFC,0x7F,0xFC,0x59,0x08,0x59,0x68,0x59,0x48,0x7F,0x4A,0x76,0x4E,0x00,0x00,0x00,0x00}},
    {0x8535, {0x08,0x00,0x7F,0xFC,0x7F,0xFC,0x00,0x68,0x3F,0xFC,0x60,0x60,0x69,0x60,0x7F,0x28,0x7F,0x38,0x79,0xB0,0x7F,0xB0,0x72,0x30,0x5F,0xF0,0x41,0xDE,0x40,0x8C,0x00,0x00}},
    {0x8537, {0x08,0x20,0x7F,0xFC,0x7F,0xFC,0x3F,0xF8,0x1B,0xB0,0x09,0x20,0x7F,0xFC,0x7F,0xFC,0x1F,0xF0,0x30,0x18,0x37,0xC8,0x34,0x58,0x34,0x48,0x3F,0xF8,0x30,0x18,0x00,0x00}},
    {0x8543, {0x08,0x60,0x7F,0xFC,0x7F,0xFC,0x0C,0x70,0x3F,0xF0,0x19,0x30,0x7F,0xFC,0x7F,0xFC,0x19,0x30,0x7F,0xFC,0x31,0x18,0x3F,0xF8,0x3F,0xF8,0x3F,0xF8,0x10,0x10,0x00,0x00}},
    {0x8549, {0x08,0x20,0x7F,0xFC,0x7F,0xFC,0x18,0x80,0x1F,0xF8,0x30,0x80,0x7F,0xF0,0x5F,0xF0,0x1F,0xF8,0x19,0x80,0x1F,0xFC,0x10,0x00,0x24,0xC8,0x66,0xCC,0x40,0x44,0x00,0x00}},
    {0x854A, {0x00,0x00,0x08,0x20,0x7F,0xFC,0x7F,0xFC,0x09,0x00,0x3D,0x90,0x2C,0x38,0x6F,0xE8,0x07,0xC0,0x10,0x20,0x3E,0x7C,0x73,0xD4,0x71,0xC4,0x75,0xCC,0x1C,0x78,0x00,0x00}},
    {0x8559, {0x04,0x00,0x3F,0xFE,0x3F,0xFE,0x3F,0xFC,0x01,0xC0,0x1F,0xFC,0x19,0xCC,0x1B,0xEC,0x1F,0xFC,0x01,0x98,0x3F,0xFC,0x1D,0x8C,0x3C,0x1C,0x27,0xF6,0x00,0x00,0x00,0x00}},
    {0x8570, {0x08,0x60,0x7F,0xFC,0x7F,0xFC,0x00,0x00,0x33,0xF8,0x13,0x18,0x43,0xF8,0x62,0x18,0x33,0xF8,0x00,0x00,0x17,0xFC,0x34,0xAC,0x24,0xAC,0x6F,0xFC,0x00,0x00,0x00,0x00}},
    {0x8572, {0x08,0x20,0x7F,0xFC,0x7F,0xFC,0x00,0x00,0x32,0x7C,0x36,0x40,0x7F,0x40,0x7F,0x7C,0x7F,0x7C,0x69,0x48,0x3F,0x48,0x7E,0xC8,0x7F,0xC8,0x08,0x88,0x08,0x88,0x00,0x00}},
    {0x8574, {0x08,0x60,0x7F,0xFC,0x7F,0xFC,0x08,0x00,0x19,0xF8,0x31,0x88,0x25,0xF8,0x7D,0x08,0x79,0xF8,0x30,0x00,0x7F,0xFC,0x61,0x54,0x0F,0x54,0x7F,0xFC,0x00,0x00,0x00,0x00}},
    {0x857E, {0x00,0x40,0x7F,0xFC,0x7F,0xFC,0x3F,0xF8,0x03,0x80,0x7F,0xFC,0x61,0x0C,0x09,0x64,0x1D,0x70,0x00,0x00,0x3F,0xF8,0x33,0x98,0x3F,0xF8,0x3F,0xF8,0x30,0x18,0x00,0x00}},
    {0x8584, {0x08,0x20,0x7F,0xFC,0x7F,0xFC,0x20,0x48,0x3F,0xFC,0x10,0xC0,0x47,0xFC,0x66,0xCC,0x07,0xFC,0x06,0x4C,0x14,0xFC,0x3F,0xFC,0x23,0x10,0x61,0x10,0x00,0x70,0x00,0x00}},
    {0x8587, {0x08,0x60,0x7F,0xFC,0x7F,0xFC,0x00,0x20,0x32,0xB0,0x6F,0xB0,0x5F,0xBC,0x30,0x2C,0x7F,0xEC,0x70,0x78,0x37,0x98,0x34,0x98,0x35,0xD8,0x3D,0x2C,0x30,0x44,0x00,0x00}},
    {0x859B, {0x04,0x20,0x7F,0xFC,0x7F,0xFC,0x08,0x20,0x18,0x60,0x7F,0xFC,0x66,0x88,0x7E,0xD8,0x79,0xFC,0x60,0x20,0x7E,0x20,0x63,0xFC,0x7E,0x20,0x7E,0x20,0x00,0x20,0x00,0x00}},
    {0x85AA, {0x08,0x60,0x7F,0xFC,0x7F,0xFC,0x08,0x08,0x7E,0xF8,0x26,0xC0,0x24,0x80,0x7E,0xFC,0x5A,0xFC,0x08,0x98,0x7F,0x98,0x2A,0x98,0x4B,0x98,0x19,0x18,0x00,0x00,0x00,0x00}},
    {0x85B0, {0x0C,0x60,0x7F,0xFC,0x04,0x60,0x3F,0x00,0x7F,0x8C,0x1F,0xF8,0x3F,0xF8,0x35,0x58,0x3F,0xF8,0x03,0x00,0x3F,0xF8,0x43,0x84,0x7F,0xFC,0x24,0x98,0x40,0x4C,0x00,0x00}},
    {0x85CD, {0x08,0x20,0x7F,0xFC,0x7F,0xFC,0x3E,0x40,0x6C,0x40,0x7E,0x7C,0x63,0xC0,0x7D,0xB0,0x7F,0x10,0x00,0x00,0x3F,0xF8,0x36,0xD8,0x36,0xC8,0x7F,0xFC,0x00,0x00,0x00,0x00}},
    {0x85CF, {0x04,0x40,0x7F,0xFC,0x7F,0xFC,0x00,0x68,0x5F,0xFC,0x58,0x20,0x7F,0xEC,0x7D,0x28,0x1F,0xF8,0x7C,0xF8,0x7F,0xF0,0x55,0x30,0x77,0xF0,0x76,0xFE,0x50,0xCC,0x00,0x00}},
    {0x85E4, {0x04,0x20,0x3F,0xFC,0x3F,0xFC,0x04,0x20,0x3D,0x48,0x25,0xFC,0x3C,0xC0,0x37,0xFC,0x35,0xB8,0x3F,0x6C,0x24,0xF8,0x24,0xF0,0x27,0xE8,0x6C,0x60,0x00,0x00,0x00,0x00}},
    {0x85FB, {0x08,0x20,0x7F,0xFC,0x7F,0xFC,0x21,0xF0,0x33,0x18,0x03,0xF0,0x40,0x00,0x67,0xFC,0x27,0xFC,0x00,0x00,0x00,0xC0,0x3F,0xFC,0x23,0xF0,0x6E,0x5C,0x48,0x44,0x00,0x00}},
    {0x85FF, {0x0C,0x60,0x7F,0xFC,0x1E,0xF0,0x03,0x80,0x7F,0xFC,0x61,0x0C,0x7F,0xFC,0x19,0x80,0x1F,0xF8,0x31,0x80,0x7F,0xF0,0x19,0xC0,0x1F,0xF0,0x1F,0xFC,0x10,0x00,0x00,0x00}},
    {0x8605, {0x08,0x20,0x7F,0xFC,0x7F,0xFC,0x02,0x00,0x37,0x9C,0x6D,0x80,0x1F,0xC0,0x37,0xFC,0x67,0xC8,0x67,0xC8,0x23,0x08,0x2F,0xE8,0x23,0x88,0x26,0xD8,0x24,0x10,0x00,0x00}},
    {0x8607, {0x0C,0x60,0x7F,0xFC,0x7F,0xFC,0x10,0x08,0x3C,0xF8,0x6C,0xF0,0x7E,0x30,0x6B,0xFC,0x3F,0xFC,0x6A,0x70,0x3E,0x78,0x00,0xFC,0x7F,0xB4,0x55,0x30,0x40,0x30,0x00,0x00}},
    {0x8611, {0x08,0x20,0x7F,0xFC,0x7F,0xFC,0x3F,0xFC,0x26,0x30,0x3F,0xFC,0x26,0x70,0x3F,0xFC,0x30,0x84,0x7F,0xFC,0x66,0x00,0x6F,0xF8,0x7C,0x08,0x47,0xF8,0x44,0x08,0x00,0x00}},
    {0x862D, {0x08,0x00,0x7F,0xFC,0x7F,0xFC,0x3C,0xF8,0x3E,0xCC,0x3E,0xF8,0x3E,0x8C,0x2F,0xEC,0x23,0x0C,0x2F,0xEC,0x2F,0xEC,0x2F,0xEC,0x27,0xCC,0x29,0x38,0x20,0x00,0x00,0x00}},
    {0x864E, {0x00,0x80,0x01,0xFC,0x00,0xF8,0x1F,0xFE,0x19,0xF6,0x11,0xFC,0x1F,0x80,0x10,0xFE,0x10,0x7C,0x13,0xE0,0x13,0x20,0x33,0x20,0x36,0x22,0x2C,0x3E,0x08,0x08,0x00,0x00}},
    {0x864F, {0x00,0x80,0x01,0xFC,0x00,0xFC,0x1F,0xFE,0x19,0xF6,0x11,0xFC,0x1F,0x80,0x10,0xFE,0x10,0xF8,0x10,0xC0,0x3F,0xFC,0x30,0x84,0x33,0x8C,0x2E,0x38,0x00,0x00,0x00,0x00}},
    {0x865A, {0x00,0x80,0x01,0xFC,0x00,0xF8,0x1F,0xFE,0x19,0xF6,0x11,0xF4,0x1F,0x80,0x10,0xFE,0x10,0x78,0x11,0x20,0x15,0x2C,0x37,0x38,0x31,0x20,0x3F,0xFE,0x00,0x00,0x00,0x00}},
    {0x865E, {0x01,0x00,0x01,0xF8,0x3F,0xF8,0x3B,0xFC,0x2F,0x6C,0x23,0x0C,0x21,0xF8,0x24,0x00,0x2F,0xF8,0x60,0x00,0x6F,0xF8,0x68,0x80,0x4F,0xFC,0x47,0x78,0x5C,0x0C,0x00,0x00}},
    {0x865F, {0x00,0x20,0x7C,0x78,0x44,0x38,0x45,0xFC,0x7D,0x64,0x01,0x64,0x7F,0xF8,0x7F,0x7C,0x23,0x18,0x7B,0x70,0x0B,0x50,0x0A,0xD0,0x0A,0x96,0x3F,0x9C,0x00,0x00,0x00,0x00}},
    {0x866B, {0x01,0x00,0x01,0x00,0x01,0x00,0x3F,0xF8,0x23,0x18,0x21,0x08,0x21,0x08,0x21,0x18,0x3F,0xF8,0x03,0x00,0x01,0x10,0x01,0x18,0x7F,0xF8,0x7F,0xEC,0x00,0x04,0x00,0x00}},
    {0x866C, {0x08,0x40,0x08,0x60,0x08,0x60,0x7F,0x60,0x6B,0x60,0x49,0x60,0x49,0x60,0x49,0x60,0x7F,0x60,0x68,0x60,0x0A,0x60,0x0B,0x66,0x7F,0x64,0x41,0x7C,0x00,0x38,0x00,0x00}},
    {0x8679, {0x00,0x00,0x10,0x00,0x18,0xDC,0x19,0xFC,0x7E,0x20,0x5E,0x20,0x52,0x20,0x52,0x20,0x52,0x20,0x7E,0x20,0x58,0x20,0x1A,0x20,0x1E,0x20,0x7F,0x30,0x41,0xFE,0x00,0x00}},
    {0x867E, {0x10,0x00,0x13,0xFC,0x13,0xFC,0x7C,0x40,0x5E,0x60,0x56,0x60,0x56,0x70,0x56,0x78,0x7E,0x6C,0x58,0x60,0x14,0x60,0x16,0x60,0x7E,0x60,0x72,0x60,0x00,0x40,0x00,0x00}},
    {0x8681, {0x10,0x00,0x18,0x64,0x19,0x2C,0x7D,0xAC,0x5F,0x8C,0x52,0x88,0x52,0x88,0x52,0xD8,0x7E,0xD0,0x58,0x70,0x14,0x60,0x1E,0x70,0x7E,0xD8,0x63,0x8C,0x01,0x04,0x00,0x00}},
    {0x8682, {0x10,0x00,0x11,0xF8,0x11,0xF8,0x7C,0x08,0x55,0x98,0x55,0x98,0x55,0x18,0x55,0xFC,0x7C,0x6C,0x58,0x04,0x17,0xFC,0x1C,0x0C,0x7E,0x0C,0x00,0x38,0x00,0x10,0x00,0x00}},
    {0x8695, {0x00,0x00,0x3F,0xF8,0x02,0x00,0x06,0x00,0x7F,0xFC,0x0C,0x60,0x19,0x30,0x7F,0xFC,0x7F,0xFC,0x11,0x10,0x1F,0xF0,0x01,0x10,0x03,0xF8,0x7F,0xEC,0x00,0x00,0x00,0x00}},
    {0x869D, {0x10,0x08,0x10,0x78,0x11,0xE0,0x7C,0x40,0x5C,0x68,0x54,0xFC,0x57,0xE0,0x54,0x40,0x7C,0x6C,0x59,0xFC,0x15,0x60,0x1C,0x60,0x7E,0x64,0x40,0x7C,0x00,0x18,0x00,0x00}},
    {0x86AA, {0x10,0x18,0x18,0x18,0x10,0xD8,0x7E,0x78,0x5E,0x18,0x52,0x18,0x52,0x98,0x52,0xD8,0x7E,0x58,0x58,0x1C,0x15,0xFC,0x1F,0xD8,0x7E,0x18,0x62,0x18,0x00,0x18,0x00,0x00}},
    {0x86C7, {0x10,0x20,0x10,0x20,0x11,0xFC,0x7F,0xFC,0x5F,0x04,0x56,0x80,0x56,0x80,0x56,0x8C,0x7E,0xF8,0x58,0xE0,0x14,0x80,0x1E,0x80,0x7E,0x86,0x42,0xFC,0x00,0x20,0x00,0x00}},
    {0x86CB, {0x00,0x00,0x3F,0xFC,0x09,0x8C,0x0D,0xF8,0x1D,0x80,0x33,0xFC,0x21,0x80,0x01,0x80,0x1F,0xF8,0x11,0x88,0x1F,0xF8,0x01,0xB0,0x03,0xF8,0x3F,0xFC,0x00,0x00,0x00,0x00}},
    {0x86D9, {0x00,0x00,0x10,0x20,0x10,0x20,0x11,0xFC,0x7D,0xFC,0x54,0x20,0x54,0x30,0x57,0xFC,0x54,0x20,0x7C,0x20,0x50,0xF4,0x15,0xFC,0x1C,0x20,0x7E,0x20,0x63,0xFE,0x00,0x00}},
    {0x86DB, {0x10,0x20,0x10,0xA0,0x11,0xA0,0x7D,0xFC,0x5D,0xA0,0x57,0x20,0x56,0x20,0x55,0xFC,0x7D,0x7C,0x50,0x70,0x14,0xF8,0x1D,0xAC,0x7F,0x24,0x42,0x24,0x00,0x20,0x00,0x00}},
    {0x86DF, {0x10,0x60,0x10,0x20,0x11,0xFC,0x7F,0xFC,0x5C,0x88,0x54,0x88,0x55,0x8C,0x57,0x9C,0x7E,0xD8,0x58,0x70,0x14,0x70,0x1C,0x70,0x7E,0xF8,0x63,0x8C,0x01,0x04,0x00,0x00}},
    {0x86EE, {0x01,0x00,0x7F,0xFC,0x7F,0xFC,0x14,0xC0,0x16,0xD8,0x36,0xCC,0x04,0x40,0x1F,0xF0,0x3F,0xF8,0x31,0x18,0x33,0x98,0x3F,0xF0,0x01,0x10,0x7F,0xF8,0x00,0x0C,0x00,0x00}},
    {0x86F3, {0x00,0x00,0x30,0xFC,0x31,0xFC,0x7B,0x90,0x7F,0xFC,0x5F,0xFC,0x7F,0xF4,0x7F,0xFC,0x7F,0xFC,0x71,0xFC,0x39,0xF4,0x3D,0x7C,0x7D,0x18,0x46,0x10,0x02,0x10,0x00,0x00}},
    {0x8700, {0x1F,0xFC,0x12,0x64,0x1F,0xFC,0x1F,0xFC,0x0C,0x00,0x1F,0xFC,0x31,0x04,0x0F,0xE4,0x1B,0xB4,0x1F,0xF4,0x01,0x24,0x07,0xE4,0x1F,0xF4,0x00,0x1C,0x00,0x00,0x00,0x00}},
    {0x8702, {0x10,0x40,0x10,0xF0,0x11,0xF8,0x7F,0x98,0x76,0x70,0x54,0x70,0x55,0xFC,0x57,0xFC,0x7C,0xF0,0x70,0x20,0x15,0xF8,0x1D,0x64,0x7F,0xFC,0x64,0x20,0x00,0x00,0x00,0x00}},
    {0x8713, {0x30,0x08,0x33,0xFC,0x79,0xF0,0x79,0x10,0x6B,0x10,0x6F,0x38,0x4F,0xFC,0x78,0x90,0x7B,0x90,0x33,0x90,0x3B,0x38,0x39,0x7C,0x7F,0x80,0x46,0xFC,0x00,0x1C,0x00,0x00}},
    {0x8717, {0x08,0x00,0x19,0xFC,0x19,0x0C,0x3D,0x8C,0x2D,0xF8,0x2C,0x20,0x2F,0xFC,0x3F,0x6C,0x3F,0x64,0x09,0x74,0x0F,0xDC,0x1F,0x8C,0x3F,0x04,0x03,0x1C,0x00,0x00,0x00,0x00}},
    {0x8718, {0x09,0x80,0x09,0x00,0x09,0xFE,0x3F,0xF2,0x3F,0xD2,0x3E,0xD2,0x23,0xD2,0x3F,0xF2,0x3C,0x92,0x08,0xD2,0x0C,0xD2,0x1E,0xF2,0x3F,0xBE,0x23,0x1E,0x00,0x00,0x00,0x00}},
    {0x871C, {0x01,0x00,0x3F,0xF8,0x7F,0xFC,0x43,0x64,0x3D,0xD0,0x25,0x98,0x2F,0xEC,0x3B,0xC0,0x3F,0xF0,0x13,0x98,0x31,0x18,0x1F,0xF0,0x01,0x30,0x3F,0xF8,0x38,0x0C,0x00,0x00}},
    {0x8721, {0x10,0x00,0x10,0xD8,0x11,0xFC,0x7D,0xFC,0x54,0xD8,0x54,0xD8,0x57,0xFC,0x54,0x00,0x7D,0xF8,0x51,0x8C,0x15,0x8C,0x15,0xFC,0x7F,0x8C,0x63,0xFC,0x01,0x8C,0x00,0x00}},
    {0x873B, {0x00,0x20,0x09,0xFC,0x09,0xFC,0x3C,0xFC,0x2E,0xFC,0x2B,0xFC,0x2A,0xF8,0x3E,0x8C,0x3C,0xAC,0x08,0xFC,0x0E,0xFC,0x1F,0x8C,0x3F,0x8C,0x01,0x9C,0x00,0x00,0x00,0x00}},
    {0x8749, {0x10,0x08,0x10,0x98,0x10,0x90,0x7D,0xFC,0x77,0x6C,0x55,0x6C,0x55,0xFC,0x57,0x24,0x7D,0xFC,0x70,0x60,0x14,0x60,0x1F,0xFC,0x7C,0x60,0x64,0x20,0x00,0x20,0x00,0x00}},
    {0x874C, {0x00,0x08,0x31,0xCC,0x33,0xAC,0x79,0xBC,0x7D,0x98,0x6F,0xCC,0x49,0xAC,0x79,0x9C,0x7B,0xC8,0x33,0x8C,0x3D,0xFC,0x3D,0x88,0x7D,0x8C,0x01,0x8C,0x01,0x08,0x00,0x00}},
    {0x874E, {0x08,0x00,0x08,0xFE,0x09,0x86,0x3C,0xFE,0x3E,0x86,0x2E,0xFC,0x2E,0x80,0x2E,0xFE,0x3F,0xFE,0x3B,0x32,0x0D,0xBA,0x0F,0xC6,0x3F,0xFE,0x32,0x76,0x00,0x0C,0x00,0x00}},
    {0x8774, {0x00,0x80,0x18,0x9E,0x18,0x92,0x3F,0xF2,0x3C,0xD2,0x34,0x9E,0x34,0x92,0x35,0xD2,0x3F,0x7E,0x39,0x7E,0x1D,0x72,0x0F,0xF2,0x3F,0xF2,0x32,0x22,0x00,0x2E,0x00,0x00}},
    {0x8776, {0x10,0x40,0x13,0x48,0x13,0xFC,0x7F,0xFC,0x7F,0x48,0x5F,0x78,0x47,0x80,0x7D,0xFC,0x78,0x60,0x13,0xFC,0x18,0xF0,0x3D,0xF0,0x7F,0x6C,0x46,0x64,0x00,0x60,0x00,0x00}},
    {0x878D, {0x00,0x10,0x7F,0x30,0x3E,0x10,0x7E,0xFC,0x62,0xFC,0x3E,0x94,0x00,0x94,0x7F,0x94,0x43,0xFC,0x55,0x30,0x4F,0x30,0x7F,0x34,0x49,0x3C,0x4F,0xFC,0x00,0x04,0x00,0x00}},
    {0x87BA, {0x10,0x00,0x13,0xFC,0x12,0x6C,0x7F,0xFC,0x7F,0x6C,0x57,0xFC,0x5C,0x90,0x55,0xF0,0x7D,0xE8,0x71,0x88,0x1B,0xFC,0x1D,0x20,0x7D,0x28,0x67,0x6C,0x00,0xE0,0x00,0x00}},
    {0x87D2, {0x10,0x90,0x13,0xFC,0x13,0xFC,0x7C,0xD8,0x7C,0x48,0x57,0xFC,0x54,0xD0,0x7F,0x8C,0x7B,0x9C,0x18,0x98,0x1F,0xFC,0x3D,0x98,0x7D,0x98,0x03,0x18,0x02,0x10,0x00,0x00}},
    {0x87E0, {0x00,0x78,0x13,0xE8,0x11,0x28,0x7D,0xE8,0x7F,0xFC,0x54,0xF0,0x54,0xF8,0x55,0x24,0x7D,0xFC,0x79,0x6C,0x15,0x6C,0x1D,0xFC,0x7F,0x24,0x67,0xFC,0x01,0x0C,0x00,0x00}},
    {0x87F9, {0x30,0x00,0x3C,0xFC,0x7E,0x4C,0x6B,0xD0,0x3F,0xF0,0x6B,0xFC,0x7F,0xB4,0x4B,0xFC,0x03,0x00,0x3F,0xF8,0x31,0x18,0x3F,0xF8,0x1F,0xF0,0x23,0xF8,0x3E,0x8C,0x00,0x00}},
    {0x87FE, {0x10,0x80,0x31,0xF0,0x31,0x10,0x7F,0xFC,0x7F,0x78,0x7F,0x4C,0x7F,0xF4,0x7F,0xFC,0x7F,0x78,0x73,0x00,0x1B,0x78,0x1E,0x00,0x7E,0xFC,0x66,0xFC,0x00,0xCC,0x00,0x00}},
    {0x8840, {0x00,0x00,0x01,0x00,0x03,0x00,0x02,0x00,0x3F,0xF8,0x36,0xF8,0x26,0xC8,0x26,0xC8,0x26,0xC8,0x26,0xC8,0x26,0xC8,0x26,0xC8,0x26,0xC8,0x36,0xC8,0x7F,0xFC,0x00,0x00}},
    {0x884C, {0x08,0x00,0x19,0xFC,0x31,0xFC,0x60,0x00,0x48,0x00,0x1B,0xFC,0x33,0xFC,0x70,0x10,0x70,0x10,0x10,0x10,0x10,0x10,0x10,0x10,0x10,0x10,0x10,0xF0,0x10,0x60,0x00,0x00}},
    {0x884D, {0x08,0x00,0x1B,0x3C,0x31,0x80,0x6C,0x00,0x08,0x00,0x1B,0x7C,0x31,0x18,0x78,0x08,0x18,0x88,0x19,0x88,0x19,0x08,0x1B,0x08,0x1A,0x18,0x1A,0x38,0x00,0x00,0x00,0x00}},
    {0x8853, {0x11,0x00,0x31,0x9C,0x61,0x7C,0x51,0x00,0x1F,0xC0,0x33,0x3C,0x63,0x88,0xE3,0xC8,0x27,0x48,0x25,0x68,0x2D,0x28,0x39,0x08,0x31,0x08,0x21,0x38,0x21,0x30,0x00,0x00}},
    {0x8857, {0x01,0x00,0x33,0x1C,0x67,0xDC,0x47,0x80,0x11,0x00,0x33,0xC0,0x2F,0xFC,0x61,0x08,0xE3,0x08,0x2F,0xC8,0x23,0x08,0x21,0x08,0x2F,0xC8,0x2E,0x18,0x20,0x38,0x00,0x00}},
    {0x8859, {0x00,0x00,0x1B,0xDC,0x33,0xDC,0x2B,0x00,0x1F,0xC0,0x12,0x5C,0x32,0x5C,0x77,0xE8,0x10,0x08,0x17,0xC8,0x16,0x48,0x12,0x48,0x13,0xC8,0x12,0x18,0x00,0x00,0x00,0x00}},
    {0x8861, {0x12,0x00,0x37,0x1C,0x67,0x9C,0x4C,0x80,0x1F,0xC0,0x3D,0x7C,0x67,0xC8,0x65,0x48,0x67,0xC8,0x20,0x08,0x23,0x08,0x2F,0xE8,0x23,0x88,0x26,0xC8,0x24,0x18,0x00,0x00}},
    {0x8862, {0x00,0x00,0x2F,0xFC,0x6F,0xE0,0x4F,0xE0,0x3B,0xA0,0x2F,0xFC,0x64,0x08,0x67,0xC8,0x6D,0x88,0x3F,0xC8,0x25,0x88,0x27,0xC8,0x25,0x88,0x27,0xE8,0x24,0x18,0x00,0x00}},
    {0x8863, {0x01,0x00,0x01,0x00,0x01,0x80,0x7F,0xFC,0x03,0x80,0x07,0x80,0x0C,0x8C,0x18,0xD8,0x78,0xF0,0x48,0x60,0x08,0x20,0x08,0x30,0x0B,0x98,0x1E,0x0C,0x18,0x00,0x00,0x00}},
    {0x8865, {0x00,0x40,0x10,0x40,0x18,0x40,0x7E,0x40,0x06,0x40,0x0C,0x60,0x0B,0x78,0x1E,0x4C,0x3E,0x44,0x7E,0x40,0x5A,0x40,0x18,0x40,0x18,0x40,0x18,0x40,0x18,0x40,0x00,0x00}},
    {0x8868, {0x01,0x00,0x3F,0xF8,0x3F,0xF8,0x01,0x00,0x3F,0xF8,0x01,0x00,0x7F,0xFC,0x7F,0xFC,0x04,0x88,0x18,0xD8,0x78,0x70,0x48,0x30,0x0B,0x98,0x1F,0x0C,0x08,0x00,0x00,0x00}},
    {0x886B, {0x00,0x00,0x10,0x18,0x18,0x70,0x7C,0xC0,0x0D,0x80,0x08,0x08,0x18,0x18,0x3C,0x70,0x7D,0xC0,0x7C,0x04,0x10,0x0C,0x10,0x18,0x10,0x70,0x11,0xC0,0x11,0x00,0x00,0x00}},
    {0x886C, {0x00,0x18,0x10,0x18,0x18,0x18,0x7C,0x18,0x0D,0xFC,0x08,0x18,0x18,0x18,0x3C,0x98,0x3C,0xD8,0x7C,0xD8,0x54,0x58,0x10,0x18,0x10,0x18,0x10,0x18,0x10,0x70,0x00,0x00}},
    {0x8870, {0x01,0x00,0x3F,0xF8,0x7F,0xFC,0x00,0x00,0x1F,0xF0,0x18,0x30,0x7F,0xFC,0x10,0x10,0x1F,0xF0,0x07,0x88,0x0C,0xD8,0x78,0x70,0x6D,0xB0,0x0F,0x9C,0x08,0x04,0x00,0x00}},
    {0x8877, {0x01,0x00,0x7F,0xFC,0x7F,0xFC,0x01,0x00,0x3F,0xF8,0x31,0x18,0x37,0xD8,0x1F,0xF0,0x03,0x00,0x0F,0x98,0x78,0xF0,0x78,0x60,0x09,0x30,0x1F,0x1C,0x18,0x00,0x00,0x00}},
    {0x887F, {0x00,0x20,0x30,0x60,0x10,0x70,0x78,0x90,0x09,0x98,0x1B,0x6C,0x12,0x24,0x3C,0x20,0x39,0xF8,0x7C,0x18,0x70,0x18,0x30,0x10,0x30,0x30,0x30,0x20,0x10,0x20,0x00,0x00}},
    {0x8881, {0x01,0x00,0x1F,0xF0,0x3F,0xF8,0x01,0x00,0x7F,0xFC,0x00,0x00,0x1F,0xF0,0x10,0x10,0x1F,0xF0,0x07,0x88,0x1C,0xD8,0x78,0x70,0x09,0x30,0x0F,0x1C,0x08,0x04,0x00,0x00}},
    {0x888B, {0x08,0x80,0x18,0x90,0x10,0x9C,0x37,0xFC,0x70,0xC0,0x10,0x64,0x11,0x3C,0x11,0x08,0x7F,0xFC,0x07,0x88,0x1C,0xD8,0x78,0x70,0x4D,0x38,0x0F,0x1C,0x00,0x00,0x00,0x00}},
    {0x888D, {0x00,0x80,0x31,0x80,0x11,0xF8,0x79,0x3C,0x1B,0x0C,0x1B,0xEC,0x39,0x2C,0x39,0x2C,0x79,0xEC,0x75,0xAC,0x31,0x38,0x31,0x00,0x31,0x06,0x31,0xFC,0x10,0x00,0x00,0x00}},
    {0x8896, {0x10,0x10,0x18,0x30,0x08,0x30,0x3C,0xFE,0x05,0xB6,0x0D,0x96,0x0B,0xB6,0x1F,0xB6,0x3D,0xFE,0x7F,0xB6,0x09,0x96,0x09,0xB6,0x09,0xB6,0x09,0xFE,0x09,0x86,0x00,0x00}},
    {0x889C, {0x20,0x60,0x30,0x60,0x10,0x60,0x7B,0xFC,0x18,0x60,0x18,0x60,0x35,0x68,0x3B,0xFC,0x78,0xF0,0x7C,0xF0,0x31,0xF8,0x33,0x6C,0x36,0x64,0x34,0x60,0x10,0x60,0x00,0x00}},
    {0x88AB, {0x20,0x60,0x30,0x60,0x11,0xFC,0x7B,0xFC,0x1B,0x6C,0x1B,0x6C,0x17,0xF8,0x3F,0xFC,0x7B,0x88,0xFE,0xD8,0x32,0x70,0x32,0x70,0x36,0x70,0x35,0xDC,0x11,0x04,0x00,0x00}},
    {0x88C1, {0x08,0x40,0x3E,0x58,0x3F,0x4C,0x08,0x40,0x0C,0x60,0x7F,0xFC,0x08,0x60,0x7F,0x6C,0x1B,0x78,0x19,0x38,0x77,0x30,0x73,0x74,0x1D,0xF4,0x39,0x9C,0x00,0x08,0x00,0x00}},
    {0x88C5, {0x08,0x60,0x48,0x60,0x6B,0xFC,0x0B,0xFC,0x18,0x60,0x78,0x60,0x4B,0xFC,0x01,0x00,0x7F,0xFC,0x07,0x8C,0x0C,0xD8,0x78,0x70,0x49,0x30,0x1F,0x1C,0x18,0x04,0x00,0x00}},
    {0x88D5, {0x20,0x00,0x30,0x98,0x11,0x88,0x7F,0x6C,0x0E,0x64,0x18,0xE0,0x14,0x90,0x3D,0x98,0x7F,0x0C,0xF7,0xFC,0x11,0x08,0x11,0x08,0x11,0x08,0x11,0xF8,0x11,0x08,0x00,0x00}},
    {0x88D8, {0x01,0x20,0x7F,0xF8,0x7F,0xFC,0x31,0x10,0x1B,0xE0,0x0F,0xF0,0x79,0x1C,0x01,0x00,0x7F,0xFC,0x07,0x8C,0x0C,0x98,0x78,0x70,0x49,0x30,0x0F,0x1C,0x08,0x04,0x00,0x00}},
    {0x88D9, {0x20,0x00,0x31,0xFC,0x10,0x4C,0x78,0x4C,0x1B,0xFC,0x18,0xCC,0x15,0xFC,0x39,0xF8,0x79,0x80,0x7D,0xFC,0x33,0x8C,0x37,0x8C,0x31,0x8C,0x31,0xFC,0x31,0x8C,0x00,0x00}},
    {0x88E1, {0x20,0x00,0x13,0xFC,0x13,0x6C,0x7B,0x6C,0x0B,0xFC,0x1B,0x6C,0x17,0x6C,0x3F,0xFC,0x78,0xF0,0xFC,0x60,0x13,0xFC,0x30,0x60,0x30,0x60,0x33,0xFC,0x13,0x9C,0x00,0x00}},
    {0x88E4, {0x20,0x00,0x31,0xFC,0x13,0xFC,0x7A,0x60,0x1B,0xFC,0x12,0xC0,0x3E,0xD0,0x3E,0x90,0x7B,0xFC,0x7E,0x30,0x36,0x30,0x37,0xFC,0x36,0x10,0x34,0x10,0x34,0x10,0x00,0x00}},
    {0x88F3, {0x11,0x10,0x19,0x10,0x7F,0xFC,0x60,0x0C,0x5F,0xF4,0x18,0x30,0x1E,0xF0,0x0F,0xE0,0x7F,0xFC,0x07,0x98,0x0C,0x98,0x78,0x70,0x69,0x70,0x0F,0x9C,0x08,0x00,0x00,0x00}},
    {0x88F4, {0x04,0x40,0x3E,0xF8,0x3E,0xFC,0x3E,0xF8,0x06,0xC0,0x06,0xC0,0x7E,0xFC,0x03,0x00,0x7F,0xFC,0x0F,0x8C,0x1C,0xD8,0x78,0x70,0x49,0x30,0x0F,0x1C,0x08,0x00,0x00,0x00}},
    {0x88F8, {0x20,0x00,0x13,0xFC,0x13,0x2C,0x7D,0xFC,0x0B,0x6C,0x1B,0x6C,0x17,0xFC,0x3C,0x60,0x7F,0xFC,0x56,0xF4,0x10,0xF0,0x11,0xF8,0x13,0x6C,0x12,0x64,0x10,0x60,0x00,0x00}},
    {0x88F9, {0x03,0x00,0x7F,0xFC,0x0C,0x60,0x33,0x98,0x3F,0xF8,0x33,0x98,0x1F,0xF0,0x7F,0xFC,0x3F,0xF8,0x73,0x18,0x07,0x98,0x3C,0xF0,0x68,0x70,0x0F,0x1C,0x08,0x00,0x00,0x00}},
    {0x8910, {0x10,0x00,0x18,0xFE,0x08,0x86,0x3C,0xFE,0x04,0x86,0x04,0xFC,0x08,0xC0,0x1E,0xFE,0x3D,0xFE,0x7B,0x32,0x09,0xBA,0x09,0xC6,0x09,0xFE,0x08,0x76,0x08,0x0C,0x00,0x00}},
    {0x891A, {0x20,0x40,0x30,0x44,0x13,0xFC,0x7D,0xD8,0x08,0x50,0x1B,0xFC,0x1C,0xC0,0x39,0xF8,0x7F,0xFC,0xF7,0x8C,0x11,0x8C,0x11,0xFC,0x11,0x8C,0x11,0xFC,0x11,0x8C,0x00,0x00}},
    {0x8944, {0x01,0x00,0x3F,0xF8,0x7F,0xFC,0x1E,0x88,0x36,0x98,0x3E,0xF8,0x2D,0x68,0x3F,0xF8,0x3F,0xF8,0x0C,0x60,0x7F,0xFC,0x0C,0x98,0x78,0xF0,0x0F,0x3C,0x08,0x0C,0x00,0x00}},
    {0x897F, {0x7F,0xFE,0x7F,0xFE,0x02,0x40,0x06,0x40,0x3F,0xFC,0x36,0xEC,0x26,0x44,0x24,0x44,0x2C,0x7C,0x38,0x7C,0x20,0x04,0x20,0x04,0x3F,0xFC,0x3F,0xFC,0x20,0x04,0x00,0x00}},
    {0x8981, {0x00,0x00,0x7F,0xFC,0x04,0xC0,0x3F,0xF8,0x3F,0xFC,0x24,0xC8,0x3E,0xFC,0x3F,0xF8,0x06,0x00,0x7F,0xFC,0x08,0x60,0x18,0x60,0x0F,0xC0,0x0F,0xF8,0x7C,0x1C,0x00,0x00}},
    {0x89C1, {0x00,0x00,0x1F,0xF0,0x3F,0xF0,0x30,0x10,0x31,0x10,0x31,0x10,0x31,0x10,0x33,0x10,0x33,0x10,0x33,0x90,0x03,0x80,0x06,0x84,0x0C,0x84,0x78,0xFC,0x60,0x78,0x00,0x00}},
    {0x89C2, {0x00,0x00,0x79,0xFC,0x7D,0x0C,0x05,0x2C,0x4D,0x6C,0x6D,0x6C,0x39,0x6C,0x39,0x6C,0x19,0x6C,0x18,0x60,0x3C,0xF0,0x24,0xF6,0x61,0xA6,0x43,0x3C,0x00,0x00,0x00,0x00}},
    {0x89C4, {0x10,0x00,0x11,0xFC,0x11,0x0C,0x7D,0x0C,0x11,0x2C,0x11,0x2C,0x7D,0x2C,0x7D,0x2C,0x11,0x6C,0x19,0x68,0x3C,0x60,0x24,0xF4,0x61,0xA4,0x43,0x3C,0x02,0x00,0x00,0x00}},
    {0x89C5, {0x00,0x18,0x3F,0xF8,0x3F,0x18,0x11,0x10,0x19,0x30,0x1F,0xF0,0x10,0x10,0x11,0x10,0x11,0x10,0x11,0x10,0x13,0x18,0x13,0xD0,0x0E,0xC4,0x38,0xFC,0x20,0x38,0x00,0x00}},
    {0x89C6, {0x30,0x00,0x11,0xFC,0x11,0x0C,0x7D,0x2C,0x0D,0x6C,0x09,0x6C,0x19,0x6C,0x39,0x6C,0x7D,0x6C,0x54,0x60,0x10,0xE0,0x10,0xE6,0x11,0xA6,0x13,0x3C,0x10,0x00,0x00,0x00}},
    {0x89C8, {0x00,0x40,0x04,0xF8,0x24,0xFC,0x25,0xA0,0x25,0x30,0x24,0x10,0x0F,0xD0,0x1F,0xF0,0x11,0x10,0x11,0x10,0x11,0x90,0x13,0x90,0x06,0x84,0x3C,0xFC,0x20,0x00,0x00,0x00}},
    {0x89C9, {0x00,0x00,0x13,0x10,0x19,0x30,0x7F,0xFC,0x60,0x0C,0x60,0x0C,0x1F,0xF0,0x10,0x10,0x19,0x30,0x11,0x30,0x19,0x30,0x13,0x90,0x06,0x84,0x38,0xFC,0x20,0x30,0x00,0x00}},
    {0x89D2, {0x02,0x00,0x07,0xE0,0x07,0xF0,0x0C,0x60,0x1F,0xFC,0x38,0x84,0x0F,0xFC,0x0F,0xFC,0x08,0x84,0x08,0x8C,0x0F,0xFC,0x18,0xCC,0x10,0x84,0x30,0x9C,0x00,0x18,0x00,0x00}},
    {0x89DE, {0x10,0x40,0x1C,0xFC,0x3C,0xBC,0x25,0x80,0x3E,0xF8,0x2A,0x30,0x3A,0x60,0x3E,0xFC,0x2A,0x5C,0x3E,0xD4,0x3E,0xAC,0x2B,0x2C,0x2A,0x48,0x26,0xD8,0x00,0x00,0x00,0x00}},
    {0x89E3, {0x10,0x00,0x38,0xFC,0x3C,0x64,0x64,0x64,0x7E,0xCC,0x6B,0x98,0x6A,0x10,0x7E,0xFC,0x7E,0xFC,0x6B,0x90,0x7F,0xB4,0x6B,0xFC,0x4A,0x10,0x4E,0x10,0x40,0x10,0x00,0x00}},
    {0x8A00, {0x03,0x00,0x01,0x00,0x7F,0xFC,0x7F,0xFC,0x00,0x00,0x1F,0xF0,0x00,0x00,0x1F,0xF0,0x0F,0xE0,0x00,0x00,0x1F,0xF0,0x10,0x10,0x10,0x10,0x1F,0xF0,0x10,0x10,0x00,0x00}},
    {0x8A18, {0x30,0x00,0x11,0xFC,0x7E,0x0C,0x7C,0x0C,0x00,0x0C,0x7C,0x0C,0x00,0xFC,0x7D,0xFC,0x01,0x80,0x7D,0x80,0x65,0x80,0x45,0x86,0x45,0x84,0x7D,0xFC,0x60,0x78,0x00,0x00}},
    {0x8A79, {0x06,0x00,0x0F,0xE0,0x08,0x40,0x1F,0xFE,0x39,0xB8,0x1A,0x0C,0x1F,0xFE,0x1F,0xFE,0x1B,0xF8,0x18,0x00,0x13,0xF8,0x10,0x00,0x33,0xFC,0x33,0xFC,0x22,0x0C,0x00,0x00}},
    {0x8A89, {0x02,0x00,0x33,0x10,0x19,0x30,0x7F,0xFC,0x0C,0x60,0x19,0x30,0x3F,0xFC,0x7F,0xFC,0x1F,0xF0,0x00,0x00,0x1F,0xF0,0x0F,0xE0,0x1F,0xF0,0x1F,0xF0,0x10,0x10,0x00,0x00}},
    {0x8B66, {0x36,0x40,0x7F,0x74,0x3E,0xFC,0x63,0xC8,0x7B,0x30,0x6E,0x78,0x3F,0x84,0x7F,0xFC,0x3E,0xF8,0x1F,0xF0,0x1F,0xF0,0x00,0x00,0x1F,0xF0,0x1F,0xF8,0x10,0x10,0x00,0x00}},
    {0x8BA1, {0x00,0x60,0x30,0x60,0x18,0x60,0x08,0x60,0x00,0x60,0x73,0xFC,0x13,0xFC,0x10,0x60,0x10,0x60,0x10,0x60,0x10,0x60,0x1C,0x60,0x18,0x60,0x30,0x60,0x00,0x60,0x00,0x00}},
    {0x8BA2, {0x00,0x00,0x30,0x00,0x13,0xFC,0x10,0x30,0x00,0x30,0x70,0x30,0x18,0x30,0x18,0x30,0x18,0x30,0x18,0x30,0x1A,0x30,0x1E,0x30,0x18,0x30,0x10,0xF0,0x00,0xE0,0x00,0x00}},
    {0x8BA4, {0x00,0x60,0x30,0x60,0x18,0x60,0x00,0x60,0x00,0x60,0x70,0x60,0x10,0x60,0x10,0x60,0x10,0x60,0x10,0xF0,0x10,0x90,0x1D,0x98,0x19,0x88,0x33,0x0C,0x02,0x04,0x00,0x00}},
    {0x8BA9, {0x00,0x40,0x30,0x40,0x18,0x40,0x08,0x40,0x00,0x40,0x70,0x78,0x10,0x78,0x10,0x40,0x10,0x40,0x10,0x40,0x10,0x40,0x1C,0x40,0x18,0x40,0x37,0xFC,0x00,0x00,0x00,0x00}},
    {0x8BAD, {0x00,0x00,0x11,0x86,0x09,0xB6,0x01,0xB6,0x01,0xB6,0x39,0xB6,0x19,0xB6,0x19,0xB6,0x19,0xB6,0x19,0x36,0x19,0x36,0x1F,0x36,0x1F,0x16,0x1B,0x06,0x02,0x02,0x00,0x00}},
    {0x8BAE, {0x00,0x00,0x22,0xCC,0x12,0x4C,0x02,0x48,0x03,0x08,0x73,0x18,0x31,0x18,0x11,0x90,0x11,0xB0,0x10,0xE0,0x10,0xE0,0x1C,0xE0,0x39,0xB8,0x37,0x1C,0x04,0x04,0x00,0x00}},
    {0x8BAF, {0x00,0x00,0x37,0xF8,0x11,0x98,0x01,0x98,0x01,0x98,0x71,0x98,0x33,0xD8,0x17,0xF8,0x11,0x98,0x11,0x98,0x15,0x98,0x1D,0x88,0x39,0x8C,0x31,0x8C,0x00,0x04,0x00,0x00}},
    {0x8BB0, {0x00,0x00,0x33,0xF8,0x19,0xFC,0x08,0x0C,0x00,0x0C,0x70,0x0C,0x10,0x68,0x13,0xFC,0x13,0x08,0x13,0x00,0x13,0x00,0x1F,0x06,0x1B,0x04,0x31,0xFC,0x00,0xF8,0x00,0x00}},
    {0x8BB2, {0x01,0x90,0x31,0x98,0x11,0x90,0x07,0xFC,0x03,0xFC,0x71,0x90,0x31,0x98,0x11,0x90,0x37,0xFC,0x37,0xFC,0x31,0x10,0x1D,0x10,0x3B,0x10,0x36,0x10,0x02,0x10,0x00,0x00}},
    {0x8BB8, {0x01,0x00,0x21,0x00,0x31,0x00,0x1B,0xFC,0x03,0x60,0x76,0x60,0x10,0x60,0x10,0x60,0x17,0xFC,0x10,0x60,0x10,0x60,0x14,0x60,0x1C,0x60,0x10,0x60,0x00,0x60,0x00,0x00}},
    {0x8BBE, {0x00,0x00,0x31,0xF0,0x19,0x90,0x01,0x10,0x03,0x10,0x77,0x1C,0x36,0x00,0x13,0xF8,0x13,0x78,0x11,0x18,0x11,0xB0,0x1C,0xE0,0x38,0xF0,0x33,0xBC,0x06,0x0C,0x00,0x00}},
    {0x8BBF, {0x00,0x40,0x30,0x60,0x18,0x60,0x03,0xFC,0x01,0x80,0x70,0x80,0x11,0xF8,0x11,0xF8,0x11,0x88,0x11,0x88,0x15,0x08,0x1F,0x08,0x33,0x18,0x06,0x78,0x00,0x20,0x00,0x00}},
    {0x8BC1, {0x00,0x00,0x23,0xFC,0x13,0xFC,0x00,0x20,0x00,0x20,0x71,0x20,0x33,0x38,0x13,0x3C,0x13,0x20,0x13,0x20,0x13,0x20,0x1F,0x20,0x1B,0x60,0x37,0xFC,0x00,0x00,0x00,0x00}},
    {0x8BC4, {0x00,0x00,0x27,0xFC,0x30,0x40,0x12,0x48,0x03,0x48,0x73,0x48,0x33,0x58,0x10,0x40,0x37,0xFC,0x30,0x60,0x30,0x40,0x1C,0x40,0x38,0x40,0x30,0x40,0x00,0x40,0x00,0x00}},
    {0x8BC6, {0x00,0x00,0x10,0xFC,0x19,0xFC,0x01,0x84,0x01,0x84,0x39,0x84,0x19,0x84,0x09,0xFC,0x08,0x30,0x08,0x00,0x08,0xC8,0x0E,0x8C,0x1D,0x84,0x19,0x06,0x01,0x00,0x00,0x00}},
    {0x8BC8, {0x00,0x00,0x21,0x00,0x31,0x00,0x13,0xFC,0x02,0xC0,0x76,0xC0,0x36,0xFC,0x10,0xFC,0x10,0xC0,0x10,0xC0,0x10,0xFC,0x1C,0xC0,0x38,0xC0,0x30,0xC0,0x00,0xC0,0x00,0x00}},
    {0x8BCA, {0x00,0x40,0x30,0x60,0x18,0xF0,0x01,0x98,0x03,0x0C,0x74,0x44,0x11,0x80,0x11,0x30,0x10,0x60,0x10,0xCC,0x11,0x88,0x1C,0x38,0x18,0x60,0x33,0xC0,0x03,0x00,0x00,0x00}},
    {0x8BD1, {0x00,0x00,0x23,0xFC,0x31,0x18,0x00,0xB0,0x00,0xE0,0x71,0xF0,0x37,0x1C,0x14,0x40,0x13,0xF8,0x11,0x78,0x10,0x40,0x1F,0xFC,0x1F,0xFC,0x30,0x40,0x00,0x40,0x00,0x00}},
    {0x8BD5, {0x00,0x20,0x30,0x3C,0x18,0x24,0x07,0xFC,0x03,0xFC,0x70,0x30,0x30,0x30,0x13,0xF0,0x13,0xB0,0x11,0x30,0x11,0x10,0x1D,0xD4,0x1F,0xD6,0x32,0x1C,0x00,0x0C,0x00,0x00}},
    {0x8BD7, {0x00,0x40,0x20,0x60,0x13,0xFC,0x11,0xF8,0x00,0x40,0x73,0xEC,0x37,0xFC,0x10,0x10,0x17,0xFC,0x13,0xFC,0x11,0x18,0x1D,0x98,0x18,0x98,0x30,0x18,0x00,0x70,0x00,0x00}},
    {0x8BD8, {0x00,0x60,0x30,0x60,0x1B,0xFC,0x03,0xFC,0x00,0x60,0x70,0x60,0x13,0xFC,0x13,0xFC,0x10,0x00,0x11,0xFC,0x13,0x0C,0x1F,0x0C,0x19,0x0C,0x31,0xFC,0x01,0x0C,0x00,0x00}},
    {0x8BDA, {0x00,0x20,0x20,0x28,0x30,0x24,0x1B,0xFC,0x06,0x20,0x76,0x24,0x33,0xE4,0x36,0xFC,0x36,0xF8,0x36,0xD8,0x36,0x98,0x3F,0x90,0x3F,0xBE,0x24,0x4C,0x00,0x00,0x00,0x00}},
    {0x8BDD, {0x00,0x18,0x23,0xF8,0x33,0xE0,0x00,0x60,0x00,0x60,0x77,0xFC,0x30,0x60,0x10,0x60,0x10,0x60,0x13,0xFC,0x13,0x0C,0x1F,0x0C,0x3B,0x0C,0x33,0xFC,0x03,0x0C,0x00,0x00}},
    {0x8BDE, {0x00,0x0C,0x67,0xFC,0x33,0x70,0x13,0x10,0x02,0x10,0x76,0x5C,0x37,0xDC,0x31,0xD0,0x35,0x50,0x37,0x50,0x36,0x50,0x3A,0x7C,0x37,0x80,0x2C,0xFC,0x08,0x1C,0x00,0x00}},
    {0x8BE0, {0x00,0x40,0x30,0x60,0x18,0xF0,0x01,0x90,0x03,0x0C,0x77,0xAE,0x11,0xF8,0x10,0x40,0x10,0x40,0x13,0xF8,0x10,0x60,0x1C,0x40,0x18,0x40,0x37,0xFC,0x03,0xFC,0x00,0x00}},
    {0x8BE2, {0x00,0xC0,0x18,0x80,0x09,0xFE,0x01,0xFE,0x03,0x02,0x3B,0xF2,0x19,0x92,0x09,0x92,0x19,0xF6,0x19,0x96,0x19,0xB6,0x0F,0xF6,0x1D,0x06,0x10,0x3C,0x00,0x18,0x00,0x00}},
    {0x8BED, {0x00,0x00,0x27,0xFC,0x30,0x80,0x03,0xF8,0x01,0xD8,0x71,0x88,0x37,0xFC,0x17,0xFC,0x10,0x00,0x13,0xF8,0x13,0x0C,0x1E,0x0C,0x3E,0x0C,0x33,0xF8,0x02,0x08,0x00,0x00}},
    {0x8BF1, {0x00,0x08,0x11,0xF8,0x19,0x60,0x03,0xFC,0x00,0xF0,0x39,0xF8,0x1B,0x6C,0x1A,0x60,0x19,0xF0,0x18,0x9C,0x1C,0x8C,0x1D,0x84,0x19,0x0C,0x03,0x38,0x00,0x00,0x00,0x00}},
    {0x8BF4, {0x01,0x18,0x31,0x18,0x19,0x90,0x03,0xF8,0x03,0xD8,0x72,0x08,0x32,0x08,0x13,0xF8,0x11,0xF0,0x11,0xA0,0x15,0xA0,0x1D,0x20,0x3B,0x26,0x26,0x3C,0x04,0x18,0x00,0x00}},
    {0x8BF5, {0x00,0x00,0x11,0xFC,0x08,0x18,0x08,0x70,0x00,0x38,0x39,0xFE,0x19,0x26,0x09,0xFE,0x09,0xFE,0x09,0x26,0x0B,0x76,0x0F,0xFE,0x1D,0x26,0x19,0x26,0x01,0x2E,0x00,0x00}},
    {0x8BF7, {0x00,0x20,0x11,0xFC,0x19,0xFC,0x01,0xF8,0x01,0xF8,0x3B,0xFC,0x18,0x00,0x19,0xF8,0x19,0xFC,0x19,0xF8,0x1B,0x0C,0x0F,0xF8,0x19,0x0C,0x11,0x18,0x00,0x00,0x00,0x00}},
    {0x8BF8, {0x00,0xC0,0x20,0xC4,0x33,0xFC,0x13,0xD8,0x00,0xD0,0x77,0xFC,0x30,0xC0,0x11,0xF8,0x17,0xFC,0x15,0x0C,0x11,0xFC,0x1D,0x0C,0x39,0x0C,0x31,0xFC,0x01,0x08,0x00,0x00}},
    {0x8BFA, {0x01,0x90,0x33,0xFC,0x17,0xFC,0x01,0x90,0x00,0x80,0x70,0xC0,0x37,0xFC,0x31,0x80,0x33,0x00,0x33,0xFC,0x37,0x0C,0x3D,0x0C,0x39,0x0C,0x31,0xFC,0x01,0x08,0x00,0x00}},
    {0x8BFB, {0x00,0x40,0x31,0xF8,0x13,0xF8,0x00,0x40,0x07,0xFC,0x70,0x2C,0x31,0x6C,0x12,0xE0,0x13,0x60,0x11,0x60,0x17,0xFC,0x18,0xC0,0x19,0x98,0x33,0x0C,0x06,0x04,0x00,0x00}},
    {0x8BFE, {0x00,0x00,0x23,0xFC,0x12,0x4C,0x03,0xFC,0x02,0x6C,0x72,0x6C,0x33,0xF8,0x10,0x40,0x17,0xFC,0x13,0xFC,0x11,0xF0,0x19,0x58,0x3E,0x4C,0x24,0x44,0x00,0x40,0x00,0x00}},
    {0x8C03, {0x00,0x00,0x19,0xFE,0x09,0x26,0x09,0x26,0x03,0x7E,0x31,0x26,0x39,0x76,0x09,0x7E,0x1B,0x72,0x0B,0xDA,0x0B,0xCA,0x0E,0xFA,0x1E,0xF2,0x1E,0x06,0x04,0x0E,0x00,0x00}},
    {0x8C08, {0x00,0x40,0x30,0x48,0x1B,0x48,0x06,0xD8,0x00,0xF0,0x71,0x98,0x13,0x0C,0x12,0x40,0x13,0x4C,0x12,0x48,0x12,0xF8,0x18,0xF0,0x19,0xB0,0x37,0x1C,0x04,0x04,0x00,0x00}},
    {0x8C0A, {0x00,0x40,0x60,0x40,0x37,0xFC,0x16,0x8C,0x06,0x04,0x71,0xF8,0x33,0x18,0x11,0xF8,0x11,0xF8,0x13,0x18,0x11,0xF8,0x1D,0x18,0x3B,0x18,0x37,0xFC,0x00,0x00,0x00,0x00}},
    {0x8C10, {0x02,0x20,0x22,0x20,0x33,0xFC,0x13,0xB0,0x02,0x24,0x77,0xE4,0x37,0xFC,0x10,0xC0,0x33,0xF8,0x33,0x0C,0x33,0x0C,0x1F,0xFC,0x3A,0x0C,0x33,0xFC,0x03,0x08,0x00,0x00}},
    {0x8C14, {0x00,0x00,0x27,0xBC,0x36,0xA4,0x16,0xAC,0x07,0xBC,0x70,0x00,0x13,0xF8,0x10,0x00,0x17,0xFC,0x11,0x80,0x11,0xF8,0x1C,0x08,0x38,0x18,0x30,0xF8,0x00,0x00,0x00,0x00}},
    {0x8C15, {0x00,0x40,0x10,0xE0,0x19,0xB0,0x03,0x1C,0x05,0xF4,0x33,0x80,0x12,0xD4,0x12,0x54,0x13,0xD4,0x12,0x54,0x17,0xD4,0x1E,0xD4,0x1A,0x44,0x02,0xDC,0x00,0x00,0x00,0x00}},
    {0x8C1B, {0x00,0x20,0x11,0x74,0x1B,0xFE,0x08,0x88,0x00,0x98,0x3B,0xFE,0x1A,0x22,0x1A,0x22,0x19,0xFC,0x19,0x24,0x19,0x24,0x1D,0x24,0x1D,0x2C,0x10,0x28,0x00,0x20,0x00,0x00}},
    {0x8C22, {0x01,0x08,0x23,0x0C,0x37,0x8C,0x14,0x8C,0x07,0xFC,0x74,0x8C,0x37,0x8C,0x37,0xAC,0x3F,0xBC,0x33,0x9C,0x33,0x8C,0x3A,0x8C,0x36,0x8C,0x2C,0x98,0x01,0x90,0x00,0x00}},
    {0x8C26, {0x02,0x10,0x61,0x30,0x37,0xFC,0x07,0xFC,0x01,0xA0,0x73,0xF8,0x35,0xAC,0x37,0xFC,0x31,0xA8,0x37,0xF8,0x33,0xB0,0x3B,0xB8,0x3F,0xAC,0x2D,0xA4,0x01,0x20,0x00,0x00}},
    {0x8C27, {0x00,0x80,0x20,0xD8,0x30,0x50,0x03,0xB8,0x07,0xEC,0x75,0xC4,0x33,0x98,0x37,0xF8,0x34,0x60,0x33,0xF8,0x32,0xAC,0x3A,0xAC,0x32,0xAC,0x27,0xFC,0x00,0x00,0x00,0x00}},
    {0x8C28, {0x01,0x10,0x27,0xFC,0x37,0xFC,0x01,0xF0,0x00,0x60,0x73,0xFC,0x36,0x4C,0x33,0xFC,0x30,0xE0,0x33,0xFC,0x30,0x40,0x3B,0xF8,0x3B,0xF8,0x37,0xFC,0x00,0x00,0x00,0x00}},
    {0x8C2D, {0x00,0x00,0x27,0xFC,0x33,0xF8,0x07,0xFC,0x06,0xA4,0x73,0xFC,0x30,0x00,0x13,0xFC,0x13,0xFC,0x12,0x0C,0x13,0xF8,0x1C,0x64,0x1F,0xFC,0x30,0x40,0x00,0x40,0x00,0x00}},
    {0x8C31, {0x01,0x10,0x61,0x10,0x37,0xFC,0x15,0xFC,0x05,0xAC,0x73,0xB8,0x37,0xFC,0x1F,0xFC,0x33,0xF8,0x33,0x18,0x32,0x08,0x1F,0xF8,0x3A,0x08,0x33,0xF8,0x02,0x08,0x00,0x00}},
    {0x8C37, {0x00,0x00,0x0C,0x60,0x18,0x30,0x31,0x18,0x23,0x8C,0x06,0xC0,0x0C,0x60,0x38,0x30,0x7F,0xFC,0x5F,0xF4,0x18,0x30,0x18,0x30,0x18,0x30,0x1F,0xF0,0x18,0x30,0x00,0x00}},
    {0x8C46, {0xFF,0xFE,0x00,0x00,0x00,0x00,0x3F,0xF0,0x3F,0xF8,0x20,0x18,0x20,0x18,0x20,0x18,0x3F,0xF8,0x1F,0xF0,0x18,0x30,0x08,0x20,0x0C,0x60,0x0C,0xE0,0xFF,0xFE,0x00,0x00}},
    {0x8C5A, {0x7B,0xFC,0x6F,0xFC,0x68,0xC0,0x69,0x84,0x7F,0xCC,0x68,0xF8,0x69,0xF8,0x7F,0x68,0x78,0x68,0x48,0xEC,0x49,0x2C,0x4E,0x26,0x58,0x60,0x11,0xC0,0x00,0x00,0x00,0x00}},
    {0x8C61, {0x04,0x00,0x0F,0x80,0x1F,0xC0,0x7F,0xF8,0x71,0x98,0x33,0x18,0x1F,0xF8,0x1E,0x18,0x73,0x70,0x0D,0xE0,0x33,0xB0,0x0E,0xD8,0x38,0xCC,0x23,0x84,0x02,0x00,0x00,0x00}},
    {0x8C6A, {0x01,0x00,0x7F,0xFC,0x7F,0xFC,0x1F,0xF0,0x18,0x30,0x1F,0xF0,0x3F,0xF8,0x7F,0xFC,0x4F,0xE4,0x0F,0x10,0x3B,0x70,0x0D,0xE0,0x37,0xB0,0x3C,0x9C,0x23,0x8C,0x00,0x00}},
    {0x8C6B, {0x00,0x80,0x7D,0xF0,0x0B,0x10,0x73,0xFC,0x33,0x6C,0x1B,0x6C,0xFD,0xFC,0x35,0xC4,0x3F,0x58,0x30,0xF8,0x33,0x68,0x30,0xEC,0x33,0x24,0x72,0x24,0x40,0xE0,0x00,0x00}},
    {0x8C79, {0x02,0x40,0x1E,0x40,0x38,0x40,0x26,0xFE,0x36,0x86,0x1D,0x82,0x36,0x46,0x0E,0x66,0x1A,0x36,0x27,0x16,0x0F,0x06,0x1B,0x06,0x22,0x04,0x0E,0x3C,0x00,0x18,0x00,0x00}},
    {0x8C82, {0x04,0x00,0x3C,0xFE,0x38,0x22,0x27,0x22,0x36,0x66,0x1C,0x46,0x3C,0xCE,0x24,0x8C,0x1E,0xFE,0x26,0xC6,0x0E,0x86,0x3A,0x86,0x26,0x86,0x0C,0xFE,0x00,0xC6,0x00,0x00}},
    {0x8C8C, {0x00,0x20,0x1C,0x20,0x71,0xFC,0x4F,0x9C,0x2F,0x0C,0x39,0xFC,0x69,0x04,0x19,0xFC,0x3C,0xF8,0x6C,0xD0,0x1C,0x90,0x34,0x90,0x65,0x96,0x0F,0x1C,0x3A,0x00,0x00,0x00}},
    {0x8CA8, {0x0D,0x80,0x19,0xB8,0x39,0xE0,0x7F,0x84,0x18,0xFC,0x18,0x70,0x3F,0xF8,0x1F,0xF8,0x18,0x18,0x1F,0xF8,0x30,0x18,0x30,0x18,0x1F,0xF0,0x38,0x38,0x60,0x0C,0x00,0x00}},
    {0x8CBF, {0x06,0x00,0x3D,0xFC,0x24,0x4C,0x36,0xC8,0x3B,0xB8,0x21,0x80,0x1F,0xF0,0x1F,0xF0,0x18,0x10,0x10,0x18,0x1F,0xF0,0x10,0x18,0x1F,0xF0,0x38,0x38,0x60,0x08,0x00,0x00}},
    {0x8CD3, {0x01,0x80,0x1F,0xFC,0x3F,0xFE,0x27,0xF6,0x05,0x98,0x0C,0xF0,0x3F,0xE0,0x3C,0x38,0x0F,0xF8,0x08,0x18,0x0F,0xF8,0x08,0x08,0x0F,0xF8,0x1C,0x1C,0x30,0x04,0x00,0x00}},
    {0x8D1D, {0x1F,0xF8,0x10,0x08,0x10,0x88,0x11,0x88,0x11,0x88,0x11,0x88,0x11,0x88,0x11,0x88,0x11,0x88,0x11,0x08,0x03,0x00,0x06,0x60,0x1C,0x38,0x78,0x0C,0x60,0x04,0x00,0x00}},
    {0x8D1E, {0x00,0x80,0x00,0xFC,0x00,0xFE,0x00,0x80,0x0F,0xF8,0x18,0x08,0x18,0x88,0x18,0x88,0x18,0x88,0x18,0x88,0x19,0x88,0x03,0x40,0x06,0x78,0x3C,0x1C,0x30,0x04,0x00,0x00}},
    {0x8D21, {0x3F,0xFC,0x01,0x80,0x01,0x80,0x7F,0xFE,0x7F,0xFE,0x00,0x00,0x1F,0xF8,0x18,0x18,0x11,0x88,0x11,0x88,0x19,0x88,0x13,0xC0,0x0E,0x78,0x7C,0x1E,0x20,0x04,0x00,0x00}},
    {0x8D22, {0x00,0x18,0x7E,0x18,0x46,0x18,0x5F,0xFC,0x5E,0xFC,0x5E,0x18,0x5E,0x38,0x5E,0x78,0x56,0x58,0x56,0xD8,0x11,0x98,0x39,0x18,0x24,0x18,0x66,0x78,0x00,0x20,0x00,0x00}},
    {0x8D23, {0x01,0x00,0x3F,0xF8,0x3F,0xF8,0x1F,0xF0,0x03,0x80,0x7F,0xFC,0x00,0x00,0x1F,0xF0,0x1F,0xF0,0x11,0x10,0x11,0x10,0x13,0x10,0x06,0xF0,0x3C,0x38,0x30,0x0C,0x00,0x00}},
    {0x8D24, {0x00,0x00,0x2D,0xF8,0x2D,0x98,0x2C,0xF0,0x2C,0x60,0x2D,0xF8,0x27,0x9C,0x1F,0xF0,0x1F,0xF0,0x11,0x10,0x11,0x10,0x13,0x10,0x06,0xF0,0x3C,0x38,0x20,0x08,0x00,0x00}},
    {0x8D26, {0x00,0x00,0x7D,0x8C,0x45,0x98,0x55,0x90,0x55,0xB0,0x55,0xE0,0x57,0xFC,0x57,0xFC,0x54,0xA0,0x75,0xB0,0x75,0x90,0x39,0x98,0x2D,0xEC,0x65,0xE4,0x41,0x80,0x00,0x00}},
    {0x8D27, {0x06,0x40,0x0C,0x4C,0x1C,0xF8,0x3D,0xC2,0x0C,0xC2,0x0C,0x7E,0x0F,0xB8,0x0F,0xF8,0x08,0x88,0x08,0x88,0x08,0x88,0x09,0x88,0x07,0x78,0x3E,0x1E,0x30,0x06,0x00,0x00}},
    {0x8D28, {0x00,0x18,0x1F,0xF8,0x38,0x80,0x3F,0xFC,0x3F,0xFC,0x20,0x80,0x27,0xF8,0x2F,0xF8,0x2C,0x88,0x2C,0x88,0x2C,0x88,0x69,0x88,0x63,0x70,0x4E,0x1C,0x08,0x04,0x00,0x00}},
    {0x8D29, {0x00,0x3C,0x7D,0xF8,0x45,0x00,0x55,0x00,0x55,0x80,0x55,0xFC,0x55,0xCC,0x55,0xCC,0x55,0x48,0x75,0x38,0x31,0x30,0x39,0x30,0x2F,0x78,0x67,0xCC,0x42,0x84,0x00,0x00}},
    {0x8D2A, {0x01,0x00,0x03,0x80,0x0E,0xE0,0x79,0x3C,0x61,0x8C,0x1F,0xF0,0x00,0x60,0x1F,0xF0,0x1F,0xB0,0x11,0x10,0x11,0x10,0x13,0x10,0x06,0xE0,0x3C,0x38,0x30,0x08,0x00,0x00}},
    {0x8D2B, {0x04,0x40,0x0C,0x60,0x38,0x30,0x7F,0xFC,0x06,0x24,0x0C,0x60,0x38,0xC0,0x3F,0xF0,0x1F,0xF0,0x11,0x10,0x11,0x10,0x13,0x10,0x06,0xF0,0x3C,0x38,0x30,0x08,0x00,0x00}},
    {0x8D2D, {0x00,0x40,0x3E,0x40,0x22,0xFE,0x2A,0xFE,0x2B,0x82,0x2B,0xE6,0x2A,0x66,0x2A,0x56,0x2A,0x56,0x2A,0xDE,0x3A,0xFE,0x1C,0x06,0x16,0x06,0x32,0x04,0x20,0x1C,0x00,0x00}},
    {0x8D2F, {0x0F,0xF8,0x18,0x88,0x7F,0xFE,0x7F,0xFE,0x1F,0xF8,0x06,0x60,0x1F,0xF8,0x18,0x18,0x19,0x88,0x19,0x88,0x19,0x88,0x13,0x48,0x06,0x78,0x3C,0x1E,0x20,0x04,0x00,0x00}},
    {0x8D30, {0x00,0x20,0x00,0x28,0x7F,0xFC,0x00,0x70,0x3F,0xA0,0x00,0x20,0x3F,0xA0,0x7F,0xA0,0x3F,0x30,0x31,0xB0,0x25,0xB0,0x2D,0x90,0x0B,0x14,0x71,0x9C,0x00,0x80,0x00,0x00}},
    {0x8D34, {0x00,0x20,0x7E,0x60,0x46,0x60,0x56,0x3C,0x5E,0x3C,0x5E,0x60,0x5E,0x20,0x5E,0x60,0x57,0xFC,0x57,0x8C,0x77,0x04,0x19,0x04,0x3D,0x04,0x65,0xFC,0x41,0x84,0x00,0x00}},
    {0x8D35, {0x01,0x00,0x0F,0xE0,0x1F,0xF8,0x1F,0xF8,0x03,0x80,0x7F,0xFC,0x00,0x00,0x1F,0xF0,0x1F,0xF0,0x11,0x10,0x11,0x10,0x13,0x10,0x06,0xF0,0x3C,0x38,0x30,0x08,0x00,0x00}},
    {0x8D37, {0x09,0x30,0x19,0x90,0x17,0xFC,0x76,0xF8,0x50,0x40,0x10,0x3C,0x10,0x18,0x1F,0xF0,0x1F,0xF0,0x11,0x10,0x11,0x10,0x13,0x10,0x06,0xF0,0x3C,0x38,0x20,0x08,0x00,0x00}},
    {0x8D38, {0x0E,0x00,0x3D,0xFC,0x20,0x6C,0x24,0x4C,0x26,0x48,0x3E,0xD8,0x21,0xB8,0x1F,0xF0,0x1F,0xF8,0x11,0x10,0x11,0x18,0x13,0x10,0x06,0xF0,0x3C,0x3C,0x30,0x0C,0x00,0x00}},
    {0x8D39, {0x00,0x20,0x1F,0xF8,0x1F,0xFC,0x1F,0xFC,0x1B,0x60,0x1F,0xFE,0x04,0x66,0x3C,0x04,0x3F,0xF8,0x08,0x88,0x08,0x88,0x19,0x88,0x03,0x78,0x3E,0x1E,0x38,0x06,0x00,0x00}},
    {0x8D3A, {0x08,0x00,0x3F,0x7E,0x3F,0x66,0x09,0x66,0x19,0x66,0x37,0x7C,0x00,0xF0,0x0F,0xF8,0x08,0x88,0x08,0x88,0x09,0x88,0x09,0xC8,0x07,0x70,0x1E,0x1C,0x10,0x04,0x00,0x00}},
    {0x8D3E, {0x7F,0xFE,0x06,0x60,0x1F,0xF8,0x3F,0xFC,0x26,0x44,0x3F,0xFC,0x00,0x00,0x1F,0xF8,0x10,0x18,0x11,0x08,0x11,0x08,0x13,0x08,0x06,0x70,0x7C,0x1C,0x70,0x04,0x00,0x00}},
    {0x8D40, {0x08,0x80,0x2E,0xD8,0x6E,0xF0,0x68,0xC0,0x6E,0xC4,0x7E,0xFC,0x40,0x00,0x1F,0xF0,0x3E,0xF8,0x11,0x18,0x33,0x18,0x13,0x18,0x0E,0xF0,0x78,0x3C,0x60,0x04,0x00,0x00}},
    {0x8D41, {0x04,0x18,0x0D,0xF8,0x18,0x20,0x3B,0xFE,0x08,0x60,0x08,0x60,0x09,0xFC,0x0F,0xF8,0x0F,0xF8,0x08,0x88,0x08,0x88,0x09,0x88,0x03,0x70,0x1E,0x1C,0x18,0x04,0x00,0x00}},
    {0x8D44, {0x01,0x00,0x33,0xB0,0x1B,0xFC,0x06,0x48,0x08,0xE0,0x79,0xB8,0x46,0x0C,0x1F,0xF0,0x3F,0xF8,0x11,0x18,0x33,0x18,0x13,0x90,0x06,0xF0,0x7C,0x3C,0x60,0x04,0x00,0x00}},
    {0x8D49, {0x01,0x00,0x3F,0xF8,0x3F,0xF8,0x19,0x30,0x7F,0xFC,0x0F,0xC0,0x19,0x70,0x71,0x1C,0x1F,0xF8,0x11,0x18,0x31,0x18,0x33,0x18,0x06,0xF0,0x3C,0x3C,0x70,0x04,0x00,0x00}},
    {0x8D4B, {0x00,0x10,0x39,0xFC,0x7D,0xF4,0x44,0x10,0x7F,0xFC,0x7C,0x10,0x7C,0xD0,0x7F,0xD0,0x7F,0x70,0x7F,0xD8,0x33,0xD8,0x3B,0x58,0x2B,0xFA,0x47,0xCC,0x00,0x0C,0x00,0x00}},
    {0x8D4F, {0x08,0x88,0x0C,0x98,0x3F,0xFE,0x30,0x06,0x27,0xF6,0x0C,0x10,0x0F,0xF8,0x07,0xF0,0x0F,0xF8,0x18,0x18,0x08,0x88,0x19,0x88,0x03,0x78,0x3E,0x1C,0x38,0x04,0x00,0x00}},
    {0x8D50, {0x39,0xFC,0x7D,0x0C,0x45,0xFC,0x75,0xFC,0x55,0x0C,0x55,0xFC,0x54,0x80,0x75,0xFC,0x77,0xFC,0x76,0x54,0x30,0xB4,0x39,0xA4,0x6D,0x64,0xC0,0x5C,0x00,0x00,0x00,0x00}},
    {0x8D53, {0x01,0x00,0x3F,0xFC,0x3F,0xFC,0x2F,0xF8,0x21,0x98,0x3F,0xFC,0x23,0x98,0x2F,0xF0,0x66,0x10,0x7F,0xFC,0x64,0x98,0x64,0x98,0x45,0xF0,0x4F,0x3C,0x4C,0x0C,0x00,0x00}},
    {0x8D56, {0x00,0x40,0x7E,0x70,0x7E,0xF8,0x18,0x90,0x19,0xFC,0x7E,0x8C,0x4A,0xAC,0x4A,0xAC,0x7E,0xAC,0x1C,0xAC,0x3C,0xAC,0x7E,0x60,0x58,0x78,0x18,0xCC,0x09,0x04,0x00,0x00}},
    {0x8D5B, {0x01,0x00,0x3F,0xB8,0x7F,0xFC,0x7F,0xFC,0x0C,0x60,0x1F,0xF0,0x6F,0xEC,0x7F,0xFC,0x18,0x38,0x7F,0xFC,0x59,0x30,0x13,0x10,0x12,0xF0,0x3C,0x78,0x70,0x0C,0x00,0x00}},
    {0x8D5E, {0x08,0x00,0x3C,0xF8,0x7C,0xF8,0x7F,0xFC,0x3C,0x70,0x2E,0xD4,0x6C,0x9C,0x1F,0xF0,0x1E,0xF0,0x11,0x10,0x11,0x10,0x13,0x10,0x06,0xF0,0x3C,0x38,0x30,0x08,0x00,0x00}},
    {0x8D62, {0x03,0x80,0x7F,0xFC,0x3F,0xF8,0x07,0xE8,0x1F,0xF0,0x30,0x18,0x1F,0xF0,0x33,0x30,0x7F,0xF8,0x7F,0xE8,0x6F,0xF8,0x7F,0xF8,0x7B,0x48,0x4F,0xCC,0x5C,0x8C,0x00,0x00}},
    {0x8D63, {0x10,0x40,0x18,0xF8,0x7F,0xC8,0x24,0x70,0x7F,0xCC,0x01,0x80,0x7E,0x78,0x6E,0xFC,0x66,0x80,0x62,0xF8,0x3E,0x8C,0x58,0xAC,0x7E,0x68,0x18,0xDC,0x19,0x84,0x00,0x00}},
    {0x8D64, {0x01,0x00,0x01,0x00,0x3F,0xF8,0x1F,0xF0,0x01,0x00,0x7F,0xFC,0x7F,0xFC,0x06,0x40,0x36,0x58,0x36,0x48,0x64,0x4C,0x4C,0x44,0x0C,0x44,0x18,0xC0,0x11,0xC0,0x00,0x00}},
    {0x8D6B, {0x08,0x00,0x08,0x30,0x3E,0xFC,0x0C,0x30,0x0C,0x30,0x3F,0xFC,0x1C,0x38,0x3E,0x6C,0x3F,0xFC,0x37,0xFC,0x34,0xDE,0x14,0x58,0x34,0xD8,0x2C,0xB0,0x00,0x00,0x00,0x00}},
    {0x8D70, {0x00,0x00,0x01,0x00,0x3F,0xF8,0x1F,0xF0,0x01,0x00,0x7F,0xFC,0x7F,0xFC,0x01,0x00,0x11,0x00,0x11,0xF8,0x39,0x00,0x39,0x00,0x27,0x00,0x63,0xFC,0x40,0x7C,0x00,0x00}},
    {0x8D75, {0x08,0x00,0x08,0x08,0x7E,0x88,0x3C,0xD8,0x08,0x70,0x7F,0x30,0x08,0x30,0x68,0x30,0x6E,0x78,0x6E,0xCC,0x68,0x8C,0x79,0x80,0x58,0x00,0xCF,0xFC,0x01,0xFC,0x00,0x00}},
    {0x8D76, {0x08,0x00,0x18,0xFC,0x7E,0xFC,0x3C,0x30,0x18,0x30,0x7F,0x30,0x09,0xFC,0x48,0x30,0x6E,0x30,0x6E,0x30,0x68,0x30,0x78,0x30,0x78,0x00,0x4F,0xFC,0x41,0xFC,0x00,0x00}},
    {0x8D77, {0x18,0x00,0x18,0xFC,0x7E,0x0C,0x38,0x0C,0x18,0x0C,0x7F,0x6C,0x08,0xFC,0x08,0x80,0x6E,0x80,0x6E,0x86,0x68,0x86,0x78,0xFC,0x78,0x78,0x4F,0xFC,0x43,0xFC,0x00,0x00}},
    {0x8D85, {0x18,0x00,0x19,0xFC,0x7E,0x64,0x3C,0x4C,0x18,0xCC,0x7F,0x98,0x19,0x00,0x08,0xF8,0x68,0xFC,0x6F,0x8C,0x68,0x8C,0x78,0xFC,0x78,0x00,0xCF,0xFC,0x41,0xFC,0x00,0x00}},
    {0x8D8A, {0x18,0x30,0x18,0x3C,0x7E,0x34,0x3C,0xFC,0x19,0xB0,0x7F,0xB4,0x19,0x9C,0x49,0x98,0x6F,0xF8,0x6D,0xD0,0x69,0xBC,0x78,0x6C,0x58,0x40,0xCF,0xFC,0x01,0xFC,0x00,0x00}},
    {0x8DA3, {0x10,0x00,0x13,0xE0,0x7F,0x7C,0x3B,0x5C,0x11,0xE4,0x7F,0x7C,0x19,0xDC,0x19,0xC8,0x7F,0x48,0x7B,0xFC,0x7B,0xFC,0x72,0x74,0x58,0x40,0xCF,0xFC,0x01,0xFC,0x00,0x00}},
    {0x8DB3, {0x00,0x00,0x3F,0xF8,0x30,0x18,0x30,0x18,0x30,0x18,0x3F,0xF8,0x01,0x80,0x01,0x00,0x19,0x00,0x11,0xF8,0x19,0x00,0x39,0x00,0x27,0x00,0x63,0xFC,0x40,0x7C,0x00,0x00}},
    {0x8DB4, {0x00,0x00,0x7C,0x90,0x64,0x90,0x44,0x90,0x64,0x90,0x7C,0x90,0x10,0x98,0x11,0x98,0x5D,0x98,0x59,0x88,0x51,0x08,0x5B,0x0C,0x7F,0x0C,0x62,0x04,0x00,0x00,0x00,0x00}},
    {0x8DC3, {0x00,0x08,0x7D,0xF8,0x45,0xE0,0x44,0x20,0x6C,0x20,0x7C,0x20,0x11,0xFC,0x11,0xFC,0x5C,0x60,0x58,0x70,0x50,0x50,0x58,0xD8,0x7D,0x88,0x63,0x0C,0x02,0x04,0x00,0x00}},
    {0x8DC6, {0x00,0x40,0x7C,0x40,0x44,0xC0,0x44,0x98,0x6D,0x88,0x7F,0xFC,0x13,0xFC,0x10,0x00,0x5D,0xF8,0x59,0xEC,0x51,0x0C,0x5F,0x0C,0x7F,0x0C,0x61,0xFC,0x01,0x0C,0x00,0x00}},
    {0x8DCC, {0x00,0x20,0x7D,0xA0,0x65,0x20,0x65,0xFC,0x6D,0x60,0x7F,0x20,0x10,0x60,0x5B,0xFC,0x5D,0xFC,0x58,0x60,0x50,0x70,0x5C,0xD0,0x7D,0x98,0x63,0x0C,0x02,0x04,0x00,0x00}},
    {0x8DD1, {0x00,0x80,0x7D,0x80,0x65,0xF8,0x67,0xBC,0x67,0x0C,0x7D,0xEC,0x11,0x2C,0x11,0x2C,0x5D,0xEC,0x59,0xAC,0x51,0x38,0x5D,0x00,0x7D,0x06,0x41,0xFC,0x00,0x00,0x00,0x00}},
    {0x8DE8, {0x00,0x20,0x3E,0x20,0x27,0xFC,0x26,0xD8,0x34,0x88,0x3F,0xFC,0x08,0x24,0x2D,0xFC,0x2C,0xC0,0x28,0xF8,0x2A,0x7C,0x3E,0x08,0x38,0x08,0x00,0x78,0x00,0x00,0x00,0x00}},
    {0x8DEF, {0x00,0x40,0x7C,0xE0,0x64,0xF8,0x65,0x98,0x67,0xD0,0x7F,0x70,0x18,0x70,0x58,0xF8,0x5F,0x8C,0x5B,0xFC,0x59,0x8C,0x59,0x8C,0x7D,0x8C,0x61,0xFC,0x01,0x88,0x00,0x00}},
    {0x8DF3, {0x00,0x90,0x7C,0xB0,0x46,0xB4,0x47,0xB4,0x6D,0xBC,0x7D,0xB8,0x10,0xB0,0x50,0xB0,0x7D,0xB8,0x57,0xB4,0x52,0xB0,0x7D,0xB0,0x7D,0x36,0x43,0x3C,0x02,0x08,0x00,0x00}},
    {0x8DF5, {0x00,0x40,0x7C,0x58,0x44,0x48,0x44,0xFC,0x65,0xF0,0x7C,0x40,0x10,0x7C,0x11,0xF8,0x7D,0x64,0x58,0x6C,0x50,0x38,0x7C,0x70,0x7D,0xF4,0x43,0x1C,0x00,0x00,0x00,0x00}},
    {0x8DF7, {0x00,0x80,0x7C,0x80,0x4D,0xFC,0x4D,0xC8,0x6C,0x58,0x7C,0x70,0x11,0xF4,0x11,0x9C,0x7C,0x08,0x73,0xFC,0x70,0xB0,0x7C,0x90,0x79,0xB4,0x43,0x1C,0x02,0x00,0x00,0x00}},
    {0x8DFB, {0x00,0x00,0x7C,0x60,0x67,0xFC,0x65,0xDC,0x6C,0x98,0x7C,0x70,0x10,0x70,0x11,0xFC,0x5D,0x8C,0x58,0x88,0x50,0x88,0x5C,0x88,0x7D,0x88,0x63,0x08,0x02,0x08,0x00,0x00}},
    {0x8E0F, {0x00,0x20,0x7C,0x20,0x47,0xEC,0x45,0xF8,0x6D,0xB8,0x7D,0x28,0x13,0x64,0x10,0xC0,0x5D,0xFC,0x51,0x0C,0x51,0x0C,0x5D,0xFC,0x7D,0x0C,0x61,0xFC,0x01,0x0C,0x00,0x00}},
    {0x8E2A, {0x00,0x40,0x7C,0x60,0x4D,0xFC,0x4F,0x9C,0x6F,0x04,0x7D,0xF8,0x10,0x00,0x50,0x00,0x5F,0xFC,0x58,0x60,0x51,0x28,0x59,0x2C,0x7F,0x24,0x62,0x64,0x00,0xE0,0x00,0x00}},
    {0x8E44, {0x00,0x40,0x7D,0x64,0x6D,0xFC,0x6C,0x98,0x6C,0x90,0x7F,0xFC,0x13,0x04,0x10,0x64,0x5D,0xF8,0x59,0x6C,0x51,0x2C,0x59,0x6C,0x7D,0x6C,0x60,0x60,0x00,0x20,0x00,0x00}},
    {0x8E48, {0x00,0x04,0x3E,0xFC,0x26,0xE0,0x26,0x26,0x36,0xB4,0x3E,0x84,0x08,0x48,0x29,0xDE,0x3F,0x86,0x39,0x86,0x39,0xFE,0x2D,0x86,0x3F,0x86,0x31,0xFE,0x01,0x86,0x00,0x00}},
    {0x8E4A, {0x00,0x08,0x79,0xFC,0x4B,0xE0,0x49,0x6C,0x69,0x48,0x78,0x90,0x11,0xB0,0x51,0xC8,0x5D,0xFC,0x53,0xE4,0x50,0x60,0x5B,0xFC,0x7C,0xF0,0x63,0x9C,0x02,0x04,0x00,0x00}},
    {0x8EAB, {0x00,0x80,0x03,0xE0,0x0F,0xF8,0x08,0x18,0x0F,0xF8,0x08,0x18,0x0F,0xFE,0x0F,0xFC,0x08,0x18,0x3F,0xF8,0x00,0x78,0x01,0xD8,0x0F,0x18,0x3C,0x78,0x20,0x60,0x00,0x00}},
    {0x8EBA, {0x10,0x20,0x39,0x24,0x7D,0xAC,0x64,0xA8,0x7C,0x20,0x65,0xFC,0x7D,0x04,0x7D,0x74,0x7D,0x74,0x1D,0x54,0x1D,0x74,0x35,0x74,0x65,0x04,0x45,0x04,0x0D,0x1C,0x00,0x00}},
    {0x8ECD, {0x7F,0xFE,0x61,0x86,0x6F,0xF6,0x0F,0xF0,0x1F,0xF8,0x1F,0xFC,0x11,0x88,0x1F,0xF8,0x11,0x88,0x1F,0xFC,0x1F,0xF8,0x7F,0xFE,0x7F,0xFE,0x01,0x80,0x00,0x00,0x00,0x00}},
    {0x8F66, {0x02,0x00,0x06,0x00,0x7F,0xFC,0x7F,0xFC,0x08,0x00,0x19,0x80,0x11,0x80,0x3F,0xF8,0x17,0xF0,0x01,0x80,0x7F,0xFC,0x7F,0xFC,0x01,0x80,0x01,0x80,0x00,0x80,0x00,0x00}},
    {0x8F67, {0x10,0x40,0x10,0x40,0x7F,0x40,0x72,0x40,0x30,0x40,0x2C,0x40,0x6C,0x40,0x7F,0x40,0x3E,0x40,0x0C,0x40,0x1F,0x44,0x7C,0x44,0x0C,0x44,0x0C,0x7C,0x0C,0x38,0x00,0x00}},
    {0x8F68, {0x10,0x40,0x10,0x40,0x7E,0x40,0x74,0xC0,0x21,0xF8,0x28,0x58,0x68,0x58,0x7E,0xD8,0x1C,0xD8,0x08,0xD8,0x3E,0x98,0x78,0x98,0x09,0x9E,0x0B,0x1C,0x08,0x00,0x00,0x00}},
    {0x8F69, {0x10,0x00,0x10,0xFC,0x7E,0xFC,0x74,0x20,0x20,0x30,0x28,0x30,0x6C,0xFC,0x7F,0xFC,0x0C,0x30,0x08,0x30,0x1E,0x30,0x7C,0x30,0x08,0x30,0x08,0x30,0x08,0x20,0x00,0x00}},
    {0x8F6C, {0x10,0x20,0x10,0x20,0x7D,0xFC,0x70,0x60,0x30,0x40,0x7B,0xFC,0x68,0xC0,0x7C,0xC0,0x7C,0xFC,0x08,0x18,0x1E,0x18,0x78,0xF0,0x18,0x70,0x18,0x18,0x08,0x08,0x00,0x00}},
    {0x8F6E, {0x10,0x60,0x30,0x60,0x7C,0xF0,0x70,0x90,0x21,0x98,0x3B,0x0C,0x7B,0x84,0x7D,0x98,0x79,0xB8,0x19,0xE0,0x1C,0x80,0x79,0x80,0x19,0x84,0x18,0xFC,0x10,0x70,0x00,0x00}},
    {0x8F6F, {0x00,0x40,0x18,0xC0,0x7E,0xFC,0x70,0xFC,0x30,0x84,0x29,0xA4,0x29,0x2C,0x7E,0x20,0x1C,0x20,0x08,0x70,0x1E,0x70,0x7C,0x58,0x08,0xD8,0x09,0x8C,0x09,0x04,0x00,0x00}},
    {0x8F70, {0x06,0x00,0x77,0xFC,0x7F,0xFC,0x19,0x00,0x1F,0xF8,0x01,0x80,0x7F,0xFC,0x01,0x00,0x7F,0xF8,0x26,0xDC,0x64,0xD8,0x1C,0x70,0x1C,0x70,0x77,0xDC,0x41,0x04,0x00,0x00}},
    {0x8F72, {0x10,0x00,0x11,0xFC,0x7F,0xFC,0x74,0x08,0x29,0xEC,0x69,0xAC,0x79,0x2C,0x7D,0x2C,0x09,0x2C,0x0D,0xEC,0x7D,0x8C,0x78,0x0C,0x08,0x0C,0x18,0x08,0x08,0x38,0x00,0x00}},
    {0x8F74, {0x08,0x10,0x08,0x10,0x3E,0x10,0x38,0xFE,0x1C,0xFE,0x1C,0x92,0x34,0x92,0x3F,0x92,0x0C,0xFE,0x04,0x96,0x0F,0x92,0x3F,0x92,0x04,0x92,0x04,0xFE,0x04,0x86,0x00,0x00}},
    {0x8F76, {0x10,0x20,0x30,0xA0,0x7F,0xA0,0x75,0xFC,0x21,0x20,0x2B,0x20,0x68,0x20,0x7F,0xFC,0x5C,0xFC,0x08,0x60,0x1E,0x70,0x78,0xD0,0x08,0x98,0x0B,0x8C,0x09,0x04,0x00,0x00}},
    {0x8F7B, {0x10,0x00,0x11,0xF8,0x7C,0x18,0x74,0x30,0x20,0x70,0x68,0xF8,0x7B,0x8C,0x7F,0x04,0x19,0xF8,0x18,0xF8,0x3C,0x20,0x78,0x20,0x08,0x20,0x1B,0xFC,0x09,0xFC,0x00,0x00}},
    {0x8F7C, {0x10,0x10,0x30,0x3C,0x7C,0x34,0x73,0xFC,0x20,0x30,0x38,0x10,0x69,0xF0,0x7F,0xF0,0x5C,0x90,0x08,0x90,0x1E,0x90,0x78,0x90,0x09,0xFE,0x0B,0xCC,0x08,0x0C,0x00,0x00}},
    {0x8F7F, {0x10,0x00,0x31,0xF8,0x7D,0xE0,0x70,0x60,0x33,0xFC,0x78,0xD8,0x68,0x98,0x7D,0x8C,0x5B,0x8C,0x08,0x98,0x1C,0x98,0x78,0x98,0x09,0x98,0x1B,0x18,0x0B,0x18,0x00,0x00}},
    {0x8F85, {0x10,0x28,0x30,0x2C,0x7D,0xFC,0x71,0x70,0x20,0x20,0x69,0xFC,0x69,0x24,0x7D,0xFC,0x79,0xFC,0x09,0x24,0x1F,0xFC,0x79,0x24,0x09,0x24,0x09,0x2C,0x09,0x2C,0x00,0x00}},
    {0x8F86, {0x10,0x00,0x13,0xFC,0x3F,0xFC,0x30,0x50,0x31,0xF8,0x29,0xFC,0x2B,0x54,0x3F,0x54,0x09,0x7C,0x0F,0xFC,0x3F,0xAC,0x29,0x24,0x09,0x04,0x0B,0x0C,0x00,0x00,0x00,0x00}},
    {0x8F89, {0x10,0x00,0x13,0xFC,0x57,0x44,0x7C,0x44,0x39,0xFC,0x10,0xC0,0x7C,0x80,0x29,0xA0,0x29,0xFC,0x28,0x20,0x68,0x20,0x6F,0xFC,0x58,0x20,0x40,0x20,0x00,0x20,0x00,0x00}},
    {0x8F8A, {0x10,0x00,0x11,0xFC,0x7F,0x0C,0x71,0xFC,0x21,0x0C,0x69,0x0C,0x79,0xF8,0x7C,0x10,0x09,0x34,0x09,0xF8,0x7F,0xB0,0x79,0x30,0x09,0x36,0x09,0xFC,0x09,0x00,0x00,0x00}},
    {0x8F91, {0x10,0x00,0x31,0xFC,0x7D,0x0C,0x71,0xF8,0x20,0x00,0x3B,0xFC,0x69,0x8C,0x7D,0xF8,0x59,0xF8,0x09,0x88,0x1D,0xF8,0x79,0x0C,0x0B,0xFC,0x1B,0xE8,0x08,0x08,0x00,0x00}},
    {0x8F93, {0x10,0x20,0x10,0x60,0x3C,0xD8,0x31,0x8C,0x33,0xFC,0x29,0xC0,0x29,0x74,0x3F,0x74,0x09,0xF4,0x0F,0x74,0x3D,0xF4,0x29,0x64,0x09,0x6C,0x09,0x48,0x00,0x00,0x00,0x00}},
    {0x8F95, {0x10,0x20,0x79,0xF8,0x7D,0xF8,0x23,0xFC,0x38,0x00,0x38,0x00,0x79,0xFC,0x7D,0x0C,0x19,0xFC,0x18,0xF0,0x3F,0xBC,0x7B,0x98,0x18,0x98,0x19,0xEC,0x19,0x80,0x00,0x00}},
    {0x8F9B, {0x03,0x00,0x01,0x00,0x3F,0xF8,0x1E,0x78,0x08,0x20,0x0C,0x60,0x7F,0xFC,0x7F,0xFC,0x01,0x00,0x01,0x00,0x7F,0xFC,0x01,0x00,0x01,0x00,0x01,0x00,0x01,0x00,0x00,0x00}},
    {0x8F9E, {0x04,0x20,0x7C,0x20,0x71,0xFC,0x11,0xDC,0x18,0x88,0x7E,0xD8,0x11,0xFC,0x11,0xFC,0x7C,0x20,0x6C,0x20,0x47,0xFC,0x44,0x20,0x7C,0x20,0x7C,0x20,0x40,0x20,0x00,0x00}},
    {0x8FA3, {0x10,0x00,0x10,0x20,0x7F,0xFC,0x6E,0x74,0x24,0x20,0x29,0xFC,0x7F,0x24,0x7F,0x24,0x11,0xFC,0x7C,0x70,0x10,0xF0,0x11,0xA8,0x33,0x2C,0x62,0x24,0x00,0x20,0x00,0x00}},
    {0x8FAB, {0x00,0x10,0x21,0x90,0x79,0x3C,0x7B,0x6C,0x4A,0xE4,0x57,0xAC,0x79,0xBC,0x79,0x3C,0x33,0x98,0x7F,0x98,0x30,0x3C,0x21,0x98,0x27,0x98,0x60,0x18,0x40,0x18,0x00,0x00}},
    {0x8FB0, {0x00,0x00,0x3F,0xFC,0x30,0x00,0x20,0x00,0x2F,0xF8,0x20,0x00,0x30,0x00,0x3F,0xFC,0x24,0x88,0x24,0xD8,0x24,0x70,0x64,0x60,0x65,0xB8,0x4F,0x8C,0x4C,0x00,0x00,0x00}},
    {0x8FB2, {0x04,0x40,0x1F,0xF0,0x3F,0xF8,0x3F,0xF8,0x36,0xD8,0x3F,0xF8,0x0F,0xF8,0x3F,0xFC,0x2F,0xF0,0x20,0x00,0x3F,0xFC,0x2D,0x98,0x6C,0xF0,0x4F,0x3C,0x4C,0x0C,0x00,0x00}},
    {0x8FB9, {0x00,0x80,0x60,0xC0,0x30,0xC0,0x17,0xFC,0x00,0xCC,0x60,0x8C,0x70,0x8C,0x31,0x8C,0x31,0x0C,0x33,0x0C,0x36,0x08,0x34,0x78,0x78,0x00,0xCF,0xFC,0x01,0xFC,0x00,0x00}},
    {0x8FBD, {0x00,0x00,0x67,0xF8,0x37,0xF8,0x10,0x10,0x00,0x60,0x60,0x40,0x70,0x40,0x30,0x40,0x30,0x40,0x30,0x40,0x30,0x40,0x31,0xC0,0x79,0x80,0x4F,0xFC,0x01,0xFC,0x00,0x00}},
    {0x8FBE, {0x00,0x40,0x60,0x40,0x30,0x40,0x17,0xFC,0x07,0xFC,0x00,0xC0,0x70,0xC0,0x70,0xE0,0x11,0xB0,0x11,0x18,0x17,0x0C,0x36,0x04,0x7C,0x00,0x47,0xFC,0x01,0xF0,0x00,0x00}},
    {0x8FC1, {0x00,0x08,0x63,0xF8,0x37,0xC0,0x10,0x40,0x00,0x40,0x00,0xC0,0x77,0xFC,0x70,0x40,0x10,0x40,0x10,0x40,0x10,0x40,0x30,0x40,0x78,0x40,0x4F,0xFC,0x00,0xE0,0x00,0x00}},
    {0x8FC2, {0x00,0x00,0x03,0xF8,0x77,0xFC,0x10,0x40,0x00,0x40,0x00,0xC0,0x77,0xFC,0x30,0x40,0x30,0x40,0x30,0x40,0x30,0x40,0x31,0xC0,0x39,0x80,0x6F,0xFC,0x00,0xF0,0x00,0x00}},
    {0x8FC5, {0x00,0x00,0x67,0xF8,0x31,0x18,0x11,0x98,0x01,0x98,0x01,0x98,0x77,0xF8,0x71,0x98,0x11,0x98,0x11,0x88,0x11,0x8C,0x11,0x8C,0x38,0x04,0x6F,0xFC,0x01,0xF8,0x00,0x00}},
    {0x8FC7, {0x00,0x10,0x60,0x10,0x30,0x10,0x17,0xFC,0x00,0x30,0x00,0x10,0x72,0x10,0x73,0x10,0x11,0x90,0x10,0x10,0x10,0x30,0x30,0xF0,0x7C,0x00,0x47,0xFC,0x00,0x00,0x00,0x00}},
    {0x8FC8, {0x00,0x00,0x47,0xFC,0x67,0xFC,0x31,0x80,0x01,0x80,0x01,0xFC,0x71,0x8C,0x11,0x0C,0x13,0x08,0x12,0x08,0x16,0x18,0x14,0x38,0x38,0x00,0x6F,0xFC,0x01,0xF8,0x00,0x00}},
    {0x8FCE, {0x00,0x80,0x03,0xB8,0x76,0x7C,0x16,0x44,0x06,0x64,0x06,0x64,0x76,0x64,0x36,0x64,0x36,0x64,0x37,0xEC,0x36,0x7C,0x30,0x60,0x38,0x00,0x4F,0xFC,0x00,0xF0,0x00,0x00}},
    {0x8FD0, {0x00,0x00,0x03,0xF8,0x73,0xF8,0x10,0x00,0x00,0x00,0x07,0xFC,0x71,0x80,0x31,0xB0,0x33,0x18,0x32,0x18,0x37,0xFC,0x32,0x04,0x38,0x00,0x6F,0xFC,0x01,0xFC,0x00,0x00}},
    {0x8FD1, {0x00,0xF8,0x23,0xF0,0x33,0x00,0x13,0x00,0x03,0x00,0x03,0xFC,0x73,0x30,0x12,0x30,0x12,0x30,0x12,0x30,0x16,0x30,0x34,0x30,0x7C,0x00,0x4F,0xFC,0x01,0xF0,0x00,0x00}},
    {0x8FD4, {0x00,0x00,0x63,0xFC,0x33,0xC0,0x12,0x00,0x03,0xF8,0x02,0x18,0x66,0x18,0x76,0x98,0x36,0xF0,0x36,0x70,0x3C,0xD8,0x3D,0x88,0x78,0x00,0x4F,0xFC,0x01,0xF0,0x00,0x00}},
    {0x8FD8, {0x00,0x00,0x67,0xFC,0x37,0xFC,0x10,0x40,0x00,0xC0,0x61,0xF0,0x73,0xD8,0x36,0xC8,0x3C,0xCC,0x30,0xC0,0x30,0xC0,0x30,0xC0,0x78,0x00,0xCF,0xFC,0x01,0xFC,0x00,0x00}},
    {0x8FD9, {0x00,0x80,0x60,0xC0,0x27,0xFC,0x37,0xFC,0x00,0x10,0x06,0x30,0x63,0x20,0x71,0xE0,0x10,0xE0,0x31,0xF0,0x37,0x18,0x36,0x08,0x38,0x00,0x6F,0xFC,0x01,0xFC,0x00,0x00}},
    {0x8FDB, {0x00,0x10,0x61,0x90,0x31,0x90,0x17,0xFC,0x01,0xB0,0x01,0x10,0x71,0x10,0x17,0xFC,0x13,0xFC,0x11,0x10,0x13,0x10,0x32,0x10,0x7C,0x00,0x4F,0xFC,0x00,0xF0,0x00,0x00}},
    {0x8FDC, {0x00,0x00,0x03,0xF8,0x63,0xF8,0x30,0x00,0x00,0x00,0x07,0xFC,0x71,0x20,0x31,0x20,0x31,0x20,0x33,0x24,0x36,0x34,0x3C,0x3C,0x38,0x00,0x4F,0xFC,0x00,0xF0,0x00,0x00}},
    {0x8FDD, {0x00,0x40,0x67,0xF8,0x37,0xFC,0x10,0x40,0x00,0xC0,0x07,0xF8,0x70,0x40,0x37,0xFC,0x17,0xFC,0x30,0x44,0x30,0xCC,0x30,0xD8,0x38,0x00,0x6F,0xFC,0x00,0xE0,0x00,0x00}},
    {0x8FDE, {0x00,0x80,0x25,0xF8,0x37,0xFC,0x11,0x00,0x03,0x60,0x62,0x60,0x77,0xF8,0x30,0x60,0x30,0x60,0x37,0xFC,0x30,0x60,0x30,0x60,0x78,0x40,0x4F,0xFC,0x01,0xFC,0x00,0x00}},
    {0x8FE9, {0x01,0x00,0x63,0x00,0x33,0xFC,0x16,0xFC,0x04,0x48,0x0C,0x40,0x73,0x58,0x73,0x58,0x12,0x48,0x16,0x4C,0x14,0x4C,0x31,0xC0,0x7D,0x80,0x47,0xFC,0x00,0x00,0x00,0x00}},
    {0x8FEA, {0x00,0x40,0x40,0x40,0x70,0x40,0x13,0xF8,0x06,0xCC,0x06,0x4C,0x77,0xFC,0x37,0xFC,0x36,0x4C,0x36,0x4C,0x36,0xEC,0x33,0xF8,0x38,0x00,0x4F,0xFC,0x00,0xF0,0x00,0x00}},
    {0x8FED, {0x00,0x40,0x62,0x40,0x33,0xF8,0x17,0xF8,0x04,0x40,0x00,0x40,0x77,0xFC,0x37,0xFC,0x30,0xE0,0x31,0xB0,0x33,0x18,0x36,0x0C,0x3C,0x00,0x4F,0xFC,0x00,0xE0,0x00,0x00}},
    {0x8FEE, {0x01,0x00,0x63,0x00,0x33,0xFC,0x13,0xFC,0x06,0xC0,0x04,0xD8,0x74,0xFC,0x70,0xC0,0x10,0xFC,0x10,0xF8,0x10,0xC0,0x10,0xC0,0x38,0x00,0x6F,0xFC,0x00,0xE0,0x00,0x00}},
    {0x8FF7, {0x00,0x40,0x64,0x4C,0x36,0x48,0x12,0x58,0x02,0x50,0x66,0xDC,0x77,0xFC,0x31,0xE0,0x31,0xD0,0x32,0x48,0x36,0x4C,0x30,0xC0,0x78,0x00,0xCF,0xFC,0x01,0xFC,0x00,0x00}},
    {0x8FF9, {0x00,0xC0,0x60,0x40,0x37,0xFC,0x17,0xFC,0x00,0xB0,0x02,0xB8,0x76,0xBC,0x35,0xB4,0x3D,0xB4,0x31,0x34,0x33,0x30,0x32,0x70,0x3C,0x40,0x6F,0xFC,0x00,0xF0,0x00,0x00}},
    {0x8FFD, {0x00,0x40,0x61,0xE0,0x33,0xF8,0x12,0x08,0x02,0x08,0x03,0xF8,0x72,0x00,0x13,0xF8,0x13,0xFC,0x12,0x0C,0x12,0x0C,0x13,0xF8,0x38,0x00,0x6F,0xFC,0x00,0xE0,0x00,0x00}},
    {0x9000, {0x00,0x00,0x63,0xF8,0x32,0x08,0x13,0xF8,0x02,0x18,0x02,0x18,0x73,0xF8,0x12,0x4C,0x12,0x78,0x12,0x30,0x13,0xD8,0x17,0x0C,0x3C,0x00,0x6F,0xFC,0x00,0xE0,0x00,0x00}},
    {0x9001, {0x02,0x08,0x63,0x18,0x31,0x30,0x17,0xFC,0x00,0xC0,0x60,0x40,0x77,0xFC,0x37,0xFC,0x30,0xE0,0x30,0xB0,0x31,0x98,0x37,0x08,0x7C,0x00,0xCF,0xFC,0x01,0xFC,0x00,0x00}},
    {0x9002, {0x00,0x08,0x63,0xF8,0x33,0xC0,0x30,0x40,0x07,0xFC,0x00,0x40,0x70,0x40,0x33,0xF8,0x33,0xB8,0x32,0x08,0x32,0x18,0x33,0xF8,0x38,0x00,0x4F,0xFC,0x00,0xE0,0x00,0x00}},
    {0x9003, {0x01,0x20,0x61,0xA0,0x35,0xAC,0x37,0xA8,0x07,0xB0,0x01,0xA0,0x71,0x30,0x37,0x38,0x3D,0x2C,0x33,0x20,0x36,0x24,0x34,0x3C,0x3C,0x00,0x6F,0xFC,0x00,0xF0,0x00,0x00}},
    {0x9006, {0x02,0x08,0x63,0x18,0x31,0x30,0x37,0xFC,0x00,0xC0,0x06,0x4C,0x76,0x4C,0x36,0x4C,0x37,0xFC,0x30,0xC0,0x30,0x80,0x33,0x80,0x3E,0x00,0x6F,0xFC,0x00,0xE0,0x00,0x00}},
    {0x9009, {0x00,0x40,0x63,0x40,0x33,0xF8,0x17,0xF8,0x04,0x40,0x00,0x40,0x67,0xFC,0x71,0xA0,0x11,0x20,0x33,0x24,0x36,0x34,0x3C,0x3C,0x3C,0x00,0x67,0xFC,0x00,0xF8,0x00,0x00}},
    {0x900A, {0x00,0x10,0x6F,0x90,0x31,0x10,0x12,0x78,0x02,0x7C,0x03,0xDC,0x7F,0xD4,0x3E,0xD4,0x32,0x94,0x32,0x90,0x32,0x10,0x36,0x30,0x3C,0x60,0x6F,0xFC,0x00,0xE0,0x00,0x00}},
    {0x900D, {0x00,0x40,0x66,0x48,0x32,0x58,0x10,0x50,0x03,0xF8,0x06,0x08,0x67,0xF8,0x77,0xF8,0x16,0x08,0x37,0xF8,0x36,0x08,0x36,0x18,0x3E,0x18,0x67,0xFC,0x00,0xF8,0x00,0x00}},
    {0x900F, {0x00,0x00,0x63,0xF8,0x73,0xC0,0x37,0xFC,0x01,0xF0,0x03,0xD8,0x66,0x4C,0x77,0xE4,0x13,0xF0,0x31,0xBC,0x33,0x0C,0x36,0x18,0x3C,0x38,0x67,0xFC,0x00,0xF8,0x00,0x00}},
    {0x9010, {0x00,0x00,0x67,0xFC,0x30,0x80,0x13,0x8C,0x06,0xD8,0x04,0xF0,0x73,0x70,0x36,0x78,0x30,0xFC,0x33,0x24,0x36,0x20,0x30,0xE0,0x38,0x80,0x4F,0xFC,0x00,0xE0,0x00,0x00}},
    {0x9012, {0x01,0x10,0x61,0x30,0x27,0xF8,0x32,0xCC,0x00,0x4C,0x07,0xF8,0x76,0x40,0x77,0xFC,0x11,0xFC,0x11,0xC4,0x16,0x58,0x30,0x40,0x7C,0x40,0x47,0xFC,0x00,0x00,0x00,0x00}},
    {0x9014, {0x00,0x40,0x60,0xC0,0x31,0xB0,0x07,0x18,0x0F,0xFC,0x00,0xC0,0x77,0xF8,0x37,0xFC,0x32,0x40,0x32,0x58,0x36,0x4C,0x3C,0xC4,0x39,0x80,0x4F,0xFC,0x00,0xF0,0x00,0x00}},
    {0x901A, {0x00,0x00,0x67,0xF8,0x31,0xB8,0x10,0xE0,0x07,0xFC,0x06,0x4C,0x77,0xFC,0x77,0xFC,0x16,0x44,0x17,0xFC,0x16,0x4C,0x36,0x4C,0x3C,0x18,0x4F,0xFC,0x00,0x40,0x00,0x00}},
    {0x901F, {0x00,0x40,0x67,0xFC,0x37,0xFC,0x10,0x40,0x07,0xFC,0x06,0xCC,0x76,0x4C,0x17,0xFC,0x11,0xF0,0x11,0xF0,0x13,0x58,0x16,0x4C,0x3C,0x40,0x6F,0xFC,0x00,0xE0,0x00,0x00}},
    {0x9020, {0x00,0x40,0x62,0x40,0x33,0xF8,0x16,0xE8,0x04,0x40,0x0F,0xFC,0x70,0x00,0x33,0xF8,0x33,0xF8,0x32,0x08,0x32,0x18,0x33,0xF8,0x38,0x00,0x6F,0xFC,0x00,0xE0,0x00,0x00}},
    {0x9022, {0x00,0x80,0x61,0xE0,0x23,0xF0,0x37,0xA0,0x00,0xE0,0x07,0x9C,0x76,0xF8,0x73,0xF0,0x10,0x40,0x13,0xF8,0x10,0xC0,0x17,0xFC,0x38,0x40,0x6F,0xFC,0x00,0xF0,0x00,0x00}},
    {0x9038, {0x01,0x00,0x63,0xE0,0x23,0xF0,0x36,0x20,0x0F,0xF8,0x06,0x48,0x77,0xD8,0x13,0xF8,0x10,0xD0,0x11,0xD8,0x13,0x44,0x16,0x7C,0x3C,0x3C,0x6F,0xFC,0x00,0xF0,0x00,0x00}},
    {0x9047, {0x00,0x00,0x27,0xF8,0x37,0xF8,0x17,0xF8,0x06,0x48,0x03,0xF8,0x70,0xE0,0x37,0xFC,0x34,0x44,0x34,0xFC,0x37,0xFC,0x34,0x1C,0x3C,0x18,0x4F,0xFC,0x00,0xF0,0x00,0x00}},
    {0x904A, {0x02,0x20,0x62,0x3C,0x3F,0xFC,0x16,0xC0,0x06,0x7C,0x07,0x8C,0x76,0x98,0x34,0xFC,0x34,0xFC,0x34,0x98,0x3D,0x98,0x39,0xB0,0x3B,0x20,0x4F,0xFC,0x00,0xF0,0x00,0x00}},
    {0x9053, {0x03,0x10,0x61,0x10,0x27,0xFC,0x36,0xCC,0x00,0xC0,0x03,0xF8,0x72,0x18,0x13,0xF8,0x12,0x08,0x13,0xF8,0x12,0x18,0x13,0xF8,0x38,0x00,0x6F,0xFC,0x00,0xE0,0x00,0x00}},
    {0x9054, {0x00,0x40,0x63,0xF8,0x33,0xF8,0x1F,0xFC,0x03,0x30,0x03,0x30,0x67,0xFC,0x70,0x40,0x37,0xF8,0x30,0xC0,0x37,0xFC,0x30,0xC0,0x78,0x40,0x4F,0xFC,0x00,0xC0,0x00,0x00}},
    {0x9057, {0x00,0xC0,0x67,0xF8,0x34,0x48,0x17,0xF8,0x00,0xC0,0x6F,0xFC,0x70,0x00,0x37,0xF8,0x36,0x48,0x36,0xC8,0x30,0xF8,0x33,0xB8,0x7E,0x0C,0xCF,0xFC,0x01,0xF0,0x00,0x00}},
    {0x9065, {0x00,0x08,0x07,0xF8,0x77,0xC8,0x12,0x58,0x03,0x10,0x07,0xF8,0x74,0x40,0x37,0xFC,0x37,0xFC,0x32,0x48,0x36,0xC8,0x33,0xF8,0x38,0x00,0x4F,0xFC,0x00,0xF0,0x00,0x00}},
    {0x9075, {0x01,0x10,0x67,0xFC,0x27,0xFC,0x37,0xF8,0x05,0xAC,0x07,0x3C,0x77,0x0C,0x37,0xFC,0x30,0x30,0x3F,0xFC,0x33,0x10,0x11,0x10,0x38,0x30,0x6F,0xFC,0x00,0x80,0x00,0x00}},
    {0x907F, {0x00,0x10,0x47,0x90,0x65,0xFC,0x35,0xEC,0x05,0xA8,0x07,0xB8,0x64,0x7C,0x77,0x90,0x3F,0xFC,0x3C,0x98,0x3C,0x90,0x37,0x90,0x7F,0x00,0x4F,0xFC,0x00,0xE0,0x00,0x00}},
    {0x9091, {0x3F,0xF0,0x20,0x10,0x3F,0xF0,0x3F,0xF0,0x00,0x00,0x7F,0xF8,0x63,0x18,0x63,0x18,0x63,0x18,0x7F,0xF8,0x60,0x00,0x60,0x04,0x60,0x0C,0x3F,0xF8,0x0F,0xF0,0x00,0x00}},
    {0x9093, {0x7C,0x7E,0x7E,0x46,0x02,0x44,0x06,0x4C,0x66,0x48,0x26,0x58,0x3C,0x4C,0x1C,0x44,0x0C,0x46,0x1C,0x46,0x16,0x46,0x32,0x5C,0x60,0x48,0x40,0x40,0x00,0x40,0x00,0x00}},
    {0x90A2, {0x00,0x00,0x7F,0x38,0x7F,0x7C,0x32,0x4C,0x32,0x48,0x32,0x58,0x36,0x58,0x7F,0xD8,0x32,0x4C,0x32,0x44,0x32,0x44,0x22,0x4C,0x62,0x78,0x62,0x40,0x42,0x40,0x00,0x00}},
    {0x90A3, {0x00,0x00,0x7F,0x7C,0x13,0x4C,0x13,0x4C,0x1B,0x48,0x7F,0x58,0x13,0x58,0x13,0x48,0x7F,0x4C,0x3F,0x44,0x33,0x44,0x23,0x5C,0x62,0x58,0x4E,0x40,0x0C,0x40,0x00,0x00}},
    {0x90A6, {0x08,0x00,0x08,0x7C,0x7F,0xFC,0x7E,0xCC,0x08,0xC8,0x3E,0xD8,0x7E,0xD0,0x08,0xD8,0x08,0xCC,0x7F,0xC4,0x18,0xC4,0x10,0xCC,0x30,0xD8,0x60,0xC0,0x60,0xC0,0x00,0x00}},
    {0x90A8, {0x00,0x00,0x0C,0x7C,0x7F,0x4C,0x3E,0x4C,0x09,0x48,0x6D,0x58,0x6D,0x58,0x69,0x4C,0x7F,0x44,0x0C,0x44,0x0C,0x44,0x0C,0x4C,0x0F,0x58,0x0C,0x40,0x00,0x40,0x00,0x00}},
    {0x90AC, {0x08,0x00,0x1C,0x7C,0x3F,0x44,0x23,0x4C,0x23,0x48,0x23,0x58,0x26,0x58,0x3F,0x48,0x3F,0x4C,0x01,0x44,0x3F,0x44,0x79,0x4C,0x03,0x78,0x0F,0x40,0x00,0x40,0x00,0x00}},
    {0x90AE, {0x08,0x00,0x08,0x7C,0x3F,0x6C,0x7F,0x6C,0x69,0x68,0x69,0x78,0x69,0x78,0x7F,0x6C,0x7F,0x6C,0x69,0x64,0x69,0x64,0x7F,0x7C,0x7F,0x78,0x40,0x60,0x00,0x40,0x00,0x00}},
    {0x90AF, {0x22,0x00,0x23,0x7C,0x23,0x4C,0x7F,0x4C,0x63,0x48,0x23,0x58,0x23,0x78,0x3F,0x48,0x3F,0x4C,0x23,0x44,0x23,0x44,0x3F,0x7C,0x3F,0x78,0x23,0x40,0x00,0x40,0x00,0x00}},
    {0x90B1, {0x02,0x00,0x3E,0x7C,0x20,0x4C,0x20,0x4C,0x20,0x48,0x3F,0x58,0x26,0x58,0x26,0x48,0x26,0x4C,0x26,0x44,0x22,0x44,0x27,0xFC,0x7F,0x58,0x40,0x40,0x00,0x40,0x00,0x00}},
    {0x90B5, {0x00,0x00,0x7F,0x7C,0x19,0x4C,0x11,0x4C,0x33,0x48,0x33,0x58,0x6E,0x58,0x44,0x48,0x3E,0x4C,0x6F,0x44,0x63,0x44,0x63,0x5C,0x7F,0x58,0x7F,0x40,0x40,0x40,0x00,0x00}},
    {0x90B8, {0x02,0x00,0x3E,0x7C,0x64,0x6C,0x64,0x4C,0x64,0x48,0x64,0x58,0x3F,0x58,0x64,0x4C,0x64,0x6C,0x66,0x64,0x66,0x64,0x6A,0x6C,0x2B,0xF8,0x7F,0x60,0x01,0x40,0x00,0x00}},
    {0x90B9, {0x10,0x00,0x1C,0x7C,0x3F,0x4C,0x22,0x4C,0x66,0x48,0x4C,0x58,0x7F,0x58,0x01,0x48,0x01,0x4C,0x3F,0x44,0x03,0x44,0x01,0x7C,0x3F,0x58,0x7F,0x40,0x01,0x40,0x00,0x00}},
    {0x90BA, {0x12,0x00,0x1A,0x3C,0x1A,0x24,0x1A,0x2C,0x5A,0xEC,0x5A,0xA8,0x5A,0xA8,0x7B,0xAC,0x7B,0xA4,0x3B,0x24,0x1A,0x24,0x1B,0xAC,0x3F,0xA8,0x78,0x20,0x00,0x20,0x00,0x00}},
    {0x90BB, {0x06,0x00,0x06,0x3E,0x0F,0x36,0x19,0xA4,0x34,0xE4,0x26,0x2C,0x02,0x2C,0x1F,0x24,0x1F,0xB6,0x01,0x22,0x03,0x22,0x0E,0x3E,0x0E,0x3C,0x06,0x20,0x00,0x20,0x00,0x00}},
    {0x90C1, {0x08,0x00,0x18,0x7C,0x7F,0x7C,0x78,0x4C,0x30,0x48,0x3F,0x58,0x61,0x58,0xFF,0x48,0x3F,0x4C,0x21,0x44,0x3F,0x44,0x33,0x4C,0x21,0x58,0x27,0x40,0x00,0x40,0x00,0x00}},
    {0x90C5, {0x00,0x00,0x7F,0x7C,0x10,0x4C,0x36,0x4C,0x22,0x48,0x7F,0x58,0x29,0x58,0x08,0x48,0x08,0x4C,0x7F,0x44,0x08,0x44,0x08,0x7C,0x7F,0x58,0x78,0x40,0x00,0x40,0x00,0x00}},
    {0x90CA, {0x04,0x00,0x04,0x3E,0x3F,0xA6,0x3F,0xA4,0x19,0x2C,0x11,0xA8,0x30,0xA8,0x23,0x24,0x1A,0x26,0x0E,0x22,0x06,0x22,0x0F,0x3E,0x19,0x2C,0x30,0x20,0x00,0x20,0x00,0x00}},
    {0x90CE, {0x08,0x00,0x08,0x78,0x3E,0x7C,0x33,0x48,0x22,0x58,0x3E,0x50,0x22,0x50,0x3F,0x58,0x3E,0x4C,0x24,0xCC,0x26,0xCC,0x2E,0x5C,0x7F,0x78,0x60,0x40,0x00,0x40,0x00,0x00}},
    {0x90CF, {0x0C,0x00,0x0C,0x7C,0x7F,0x64,0x7F,0x6C,0x2D,0x68,0x2D,0x78,0x2C,0x78,0x7F,0xEC,0x7F,0xE4,0x0C,0x64,0x1E,0x64,0x13,0x7C,0x31,0x78,0x61,0x60,0x40,0x60,0x00,0x00}},
    {0x90D1, {0x21,0x00,0x33,0x7C,0x12,0x64,0x7F,0x6C,0x3D,0x48,0x0C,0x48,0x0C,0x58,0x7F,0xC8,0x7F,0x44,0x0C,0x44,0x1E,0x44,0x13,0x7C,0x31,0x78,0x60,0x40,0x40,0x40,0x00,0x00}},
    {0x90D3, {0x00,0x00,0x7F,0xFC,0x49,0xE4,0x18,0x6C,0x7F,0x68,0x30,0x68,0x30,0x78,0x24,0x6C,0x7F,0x64,0x0C,0x64,0x04,0x64,0x7F,0x7C,0x6C,0x78,0x04,0x60,0x04,0x40,0x00,0x00}},
    {0x90E1, {0x00,0x00,0x7F,0x7C,0x13,0x4C,0x7F,0xCC,0x1B,0x48,0x13,0x58,0x3F,0x58,0x7E,0x58,0x30,0x4C,0x3F,0x44,0x73,0x44,0xF3,0x5C,0x33,0x58,0x3F,0x40,0x30,0x40,0x00,0x00}},
    {0x90E6, {0x00,0x00,0x3F,0xFC,0x3F,0xA4,0x03,0xAC,0x3E,0xF8,0x2E,0x78,0x2E,0xFC,0x3F,0xE4,0x3F,0xF4,0x3E,0xF4,0x2E,0xF4,0x2E,0xFC,0x2E,0x70,0x2E,0xB0,0x00,0x00,0x00,0x00}},
    {0x90E8, {0x08,0x00,0x08,0x7C,0x7F,0x6C,0x33,0x6C,0x32,0x68,0x12,0x78,0x7F,0x78,0x7F,0x68,0x00,0x6C,0x3F,0x64,0x61,0x64,0x61,0x7C,0x61,0x78,0x3F,0x60,0x21,0x40,0x00,0x00}},
    {0x90ED, {0x04,0x00,0x3F,0xFC,0x3F,0xE4,0x00,0x6C,0x3F,0x68,0x3F,0x68,0x06,0x68,0x00,0x6C,0x3F,0x64,0x04,0x64,0x3F,0xE4,0x04,0x7C,0x04,0x60,0x1C,0x60,0x00,0x00,0x00,0x00}},
    {0x90F5, {0x01,0x00,0x7F,0x7C,0x68,0x64,0x7F,0xCC,0x7F,0x48,0x2B,0x48,0x7F,0x58,0x7F,0xCC,0x2B,0x44,0x6B,0x44,0x7F,0xC4,0x08,0x7C,0x0F,0xF8,0x7F,0x40,0x00,0x40,0x00,0x00}},
    {0x90F7, {0x10,0x00,0x37,0xBC,0x26,0xE4,0x6E,0xE4,0x7F,0xAC,0x76,0xE8,0x37,0xE8,0x2F,0xAC,0x7E,0x24,0x7F,0xA4,0x16,0xA4,0x16,0xBC,0x27,0xF8,0x66,0x60,0x00,0x20,0x00,0x00}},
    {0x90F8, {0x21,0x00,0x33,0x7C,0x12,0x6C,0x7F,0x6C,0x6D,0x68,0x6D,0x38,0x7F,0x78,0x49,0x2C,0x7F,0x2C,0x0C,0x64,0x0C,0x64,0x7F,0xFC,0x0C,0x78,0x0C,0x60,0x08,0x20,0x00,0x00}},
    {0x90FD, {0x00,0x00,0x19,0xFC,0x7F,0x7C,0x3F,0x4C,0x1E,0x48,0x7F,0xD8,0x18,0x58,0x3E,0x48,0x7F,0x44,0x63,0x44,0x3F,0x44,0x21,0x4C,0x3F,0x58,0x3F,0x40,0x20,0x40,0x00,0x00}},
    {0x9102, {0x00,0x00,0x7F,0xFC,0x4C,0xEC,0x7F,0xEC,0x00,0x68,0x00,0x78,0x3F,0x68,0x7F,0xEC,0x7F,0xE4,0x30,0x64,0x3F,0x64,0x03,0x7C,0x03,0x78,0x0E,0x60,0x00,0x60,0x00,0x00}},
    {0x9131, {0x07,0x00,0x7C,0x7C,0x2D,0x64,0x2F,0x6C,0x7F,0xE8,0x1E,0x78,0x3F,0x78,0x69,0x6C,0x7F,0x64,0x2D,0x64,0x2D,0x64,0x3F,0x7C,0x29,0x78,0x3F,0x60,0x21,0x40,0x00,0x00}},
    {0x914B, {0x08,0x20,0x0C,0x60,0x7F,0xFC,0x77,0xDC,0x06,0xC0,0x3F,0xF8,0x36,0xD8,0x24,0xC8,0x2C,0xF8,0x38,0x18,0x30,0x18,0x3F,0xF8,0x20,0x08,0x3F,0xF8,0x30,0x18,0x00,0x00}},
    {0x914D, {0xFE,0xFC,0x38,0x0C,0x38,0x04,0x7E,0x04,0xFE,0x04,0xD2,0xFC,0xFE,0xFC,0xEE,0x80,0xC2,0x80,0xD6,0x80,0xFE,0x80,0x82,0x86,0xFE,0x84,0xD6,0xFC,0x00,0x38,0x00,0x00}},
    {0x9152, {0x00,0x00,0x7F,0xFC,0x11,0xA0,0x01,0xA0,0x07,0xFC,0x65,0xAC,0x35,0xA4,0x05,0x3C,0x06,0x1C,0x14,0x0C,0x37,0xFC,0x24,0x0C,0x64,0x0C,0x67,0xFC,0x04,0x0C,0x00,0x00}},
    {0x9165, {0x00,0x00,0x7E,0x3C,0x28,0xF0,0x38,0x20,0x7E,0x30,0x6E,0xFC,0x6A,0xFC,0x6E,0x70,0x66,0x78,0x42,0xF8,0x7E,0xAC,0x43,0xB4,0x7E,0x30,0x7E,0x30,0x40,0x20,0x00,0x00}},
    {0x9169, {0x00,0x20,0x3F,0x38,0x1C,0x7E,0x1C,0x44,0x3F,0xCC,0x3F,0x68,0x3F,0x38,0x37,0x30,0x33,0x7E,0x23,0xF6,0x3F,0x46,0x23,0x46,0x3F,0x66,0x3F,0x7E,0x00,0x66,0x00,0x00}},
    {0x916C, {0x00,0x00,0x3E,0x52,0x1C,0x52,0x1C,0x52,0x3E,0x52,0x3F,0xFE,0x2B,0xFE,0x3F,0xFE,0x33,0xF6,0x22,0xD2,0x3E,0xD2,0x22,0xD2,0x3E,0x92,0x3F,0x92,0x21,0x02,0x00,0x00}},
    {0x9171, {0x04,0x40,0x24,0xF8,0x35,0xFC,0x0F,0x88,0x1C,0x78,0x64,0xE0,0x7F,0xFC,0x7F,0xFC,0x3F,0xF8,0x36,0xD8,0x3C,0x78,0x38,0x18,0x34,0xD8,0x3F,0xF8,0x20,0x08,0x00,0x00}},
    {0x9175, {0x00,0x40,0x7E,0xEC,0x39,0xFC,0x38,0x48,0x7C,0x78,0x7F,0xFC,0x74,0x20,0x6C,0xF8,0x67,0xD8,0x47,0x30,0x7E,0x30,0x47,0xFC,0x7C,0x20,0x7E,0xE0,0x40,0x40,0x00,0x00}},
    {0x9177, {0x00,0x30,0x7E,0xB0,0x38,0xFC,0x3C,0xFC,0x7F,0xB0,0x6B,0x30,0x6A,0xFC,0x6F,0xFC,0x66,0x00,0x42,0xFC,0x7E,0x84,0x42,0x84,0x7E,0x84,0x7E,0xFC,0x40,0x84,0x00,0x00}},
    {0x9178, {0x00,0x20,0x7E,0x78,0x28,0xC8,0x38,0xFC,0x7E,0xFC,0x6E,0x58,0x6A,0xCC,0x6F,0xC4,0x46,0x78,0x42,0xC8,0x7F,0xD8,0x42,0x30,0x7E,0x70,0x7E,0xDC,0x43,0x84,0x00,0x00}},
    {0x917D, {0x00,0x00,0x7D,0xFC,0x38,0x58,0x39,0x5C,0x7D,0xDC,0x7C,0x58,0x74,0xFC,0x7D,0xFC,0x6D,0x00,0x45,0x00,0x7D,0x00,0x47,0x00,0x7F,0x00,0x7F,0x00,0x42,0x00,0x00,0x00}},
    {0x917F, {0x00,0x40,0x7E,0x60,0x39,0xF8,0x39,0x8C,0x7D,0x8C,0x7D,0xF8,0x75,0x0C,0x7D,0xFC,0x65,0xF8,0x45,0x2C,0x7D,0x38,0x45,0x10,0x7D,0xF8,0x7F,0xCC,0x01,0x00,0x00,0x00}},
    {0x9187, {0x00,0x20,0x7F,0xFC,0x39,0xFC,0x38,0xF8,0x7D,0x8C,0x7D,0x8C,0x74,0xF8,0x6C,0x00,0x65,0xF8,0x44,0x18,0x7E,0x30,0x47,0xFC,0x7C,0x20,0x7C,0x20,0x40,0xE0,0x00,0x00}},
    {0x9189, {0x00,0x20,0x7C,0x20,0x39,0xFC,0x38,0xDC,0x7C,0x88,0x54,0xD8,0x55,0xFC,0x7D,0x24,0x64,0x20,0x44,0x20,0x7D,0xFC,0x44,0x20,0x7C,0x20,0x7C,0x20,0x40,0x20,0x00,0x00}},
    {0x918D, {0x00,0x00,0x7E,0xFC,0x39,0x8C,0x39,0xFC,0x7D,0x8C,0x7E,0xFC,0x56,0x00,0x6F,0xFC,0x67,0xFC,0x46,0xA0,0x7D,0xBC,0x47,0xB0,0x7F,0xE0,0x7F,0x7C,0x42,0x04,0x00,0x00}},
    {0x9192, {0x00,0x00,0x7F,0xFC,0x38,0x8C,0x38,0xFC,0x7E,0xCC,0x7B,0x8C,0x6A,0xFC,0x6E,0xA0,0x67,0xFC,0x43,0xB0,0x7F,0x30,0x42,0xFC,0x7E,0x20,0x7F,0xFC,0x40,0x00,0x00,0x00}},
    {0x91AB, {0x00,0x00,0x7F,0x78,0x7C,0x88,0x7F,0xFC,0x6C,0xD8,0x6E,0x70,0x32,0x70,0x7F,0xFC,0x46,0xF4,0x3F,0xF8,0x36,0xD8,0x3C,0xF8,0x31,0x18,0x3F,0xF8,0x20,0x08,0x00,0x00}},
    {0x91C7, {0x00,0x18,0x3F,0xF8,0x3F,0x00,0x23,0x18,0x31,0x10,0x19,0x30,0x01,0x20,0x7F,0xFC,0x7F,0xFC,0x07,0xC0,0x0D,0x60,0x19,0x30,0x71,0x1C,0x61,0x0C,0x01,0x00,0x00,0x00}},
    {0x91CA, {0x00,0x00,0x79,0xFC,0x70,0x88,0x54,0xD8,0x3C,0x70,0x18,0xF0,0x7F,0x9C,0x18,0x24,0x3D,0xF8,0x36,0xF8,0x70,0x20,0x51,0xFC,0x11,0xFC,0x10,0x20,0x10,0x20,0x00,0x00}},
    {0x91CC, {0x00,0x00,0x3F,0xF8,0x31,0x18,0x31,0x08,0x3F,0xF8,0x31,0x18,0x31,0x98,0x3F,0xF8,0x01,0x00,0x01,0x80,0x3F,0xF8,0x01,0x00,0x01,0x00,0x7F,0xFC,0x7F,0xFC,0x00,0x00}},
    {0x91CD, {0x03,0xF0,0x3F,0xC0,0x01,0x00,0x7F,0xFC,0x03,0x80,0x3F,0xF8,0x33,0x98,0x3F,0xF8,0x31,0x18,0x3F,0xF8,0x03,0x80,0x3F,0xF8,0x01,0x00,0x7F,0xFC,0x00,0x00,0x00,0x00}},
    {0x91CE, {0x00,0x00,0x7F,0xFC,0x4B,0x0C,0x4B,0x78,0x7F,0x70,0x4B,0x18,0x7F,0xFC,0x7F,0xFC,0x08,0x34,0x7F,0x3C,0x18,0x30,0x08,0x30,0x1F,0x30,0x7C,0x30,0x00,0xE0,0x00,0x00}},
    {0x91CF, {0x1F,0xF0,0x30,0x18,0x3F,0xF8,0x3F,0xF8,0x00,0x00,0x7F,0xFC,0x00,0x00,0x3F,0xF8,0x3F,0xF8,0x33,0x98,0x3F,0xF8,0x0F,0xF0,0x3F,0xF8,0x7F,0xFC,0x00,0x00,0x00,0x00}},
    {0x91D1, {0x01,0x00,0x03,0x80,0x06,0xC0,0x0C,0x60,0x38,0x38,0x7F,0xFC,0x01,0x00,0x01,0x00,0x3F,0xF8,0x3F,0xF8,0x11,0x10,0x19,0x30,0x09,0x20,0x7F,0xFC,0x7F,0xFC,0x00,0x00}},
    {0x91DC, {0x04,0x40,0x1C,0x70,0x3C,0x7C,0x03,0xC0,0x07,0xC0,0x7C,0x7C,0x78,0x3C,0x1F,0xF0,0x01,0x00,0x01,0x00,0x3F,0xF8,0x19,0x20,0x09,0x20,0x7F,0xFC,0x76,0xDC,0x00,0x00}},
    {0x9274, {0x04,0x40,0x6C,0xFC,0x6D,0xFC,0x6D,0x20,0x6D,0x30,0x07,0x98,0x0E,0xE0,0x7F,0xFC,0x43,0x84,0x01,0x00,0x3F,0xF8,0x09,0x30,0x09,0x20,0x7F,0xFC,0x00,0x00,0x00,0x00}},
    {0x9280, {0x10,0x00,0x19,0xFC,0x3D,0x8C,0x67,0x8C,0x7D,0xFC,0x19,0x0C,0x11,0x8C,0x7D,0xF8,0x7D,0x24,0x55,0xBC,0x7D,0xB8,0x39,0x10,0x1D,0xF8,0x79,0xEC,0x01,0x00,0x00,0x00}},
    {0x932B, {0x08,0x00,0x1C,0xFC,0x16,0x84,0x33,0xFC,0x3C,0x84,0x08,0xFC,0x08,0xC0,0x3E,0xC0,0x08,0xFC,0x2F,0x54,0x3E,0x54,0x0E,0xB4,0x3F,0x24,0x20,0x4C,0x00,0x00,0x00,0x00}},
    {0x934B, {0x08,0x00,0x1C,0xFC,0x1E,0xC4,0x32,0xF4,0x3E,0xF4,0x08,0xD4,0x08,0xFE,0x3F,0xFE,0x3D,0x82,0x09,0xBA,0x3F,0xCA,0x3D,0xFA,0x1F,0xBA,0x3D,0x82,0x01,0x8E,0x00,0x00}},
    {0x938C, {0x11,0x18,0x30,0x90,0x3F,0xFC,0x45,0xFC,0xF8,0xA0,0x13,0xF8,0x11,0xFC,0x7F,0xFC,0x7C,0xAC,0x57,0xFC,0x79,0xB0,0x39,0xB8,0x1F,0xAC,0x7E,0xA4,0x00,0xA0,0x00,0x00}},
    {0x938F, {0x00,0x00,0x26,0xCC,0x37,0xFC,0x43,0x10,0x67,0xF8,0x02,0x08,0x12,0xD8,0x36,0xD0,0x6F,0x9C,0x3E,0x78,0x7F,0xEC,0x03,0x80,0x1F,0xF0,0x09,0x20,0x7F,0xFC,0x00,0x00}},
    {0x93AE, {0x10,0x20,0x39,0xFC,0x3D,0xFC,0x65,0xF8,0x79,0x8C,0x11,0x0C,0x11,0xFC,0x7D,0xFC,0x39,0x8C,0x15,0xFC,0x7D,0x8C,0x3B,0xFC,0x3D,0x98,0x7F,0x8C,0x02,0x04,0x00,0x00}},
    {0x946B, {0x01,0x80,0x07,0xC0,0x7E,0xFC,0x23,0x80,0x1F,0xF0,0x0F,0xE0,0x3F,0xF8,0x18,0x20,0x7E,0xFC,0x7D,0xFC,0x18,0x20,0x7E,0xFC,0x0C,0xA8,0x7F,0xFC,0x40,0x00,0x00,0x00}},
    {0x9488, {0x00,0x20,0x30,0x20,0x3C,0x20,0x60,0x20,0x40,0x20,0x3D,0xFC,0x13,0xFC,0x10,0x20,0x7C,0x20,0x18,0x20,0x10,0x20,0x10,0x20,0x1E,0x20,0x18,0x20,0x00,0x20,0x00,0x00}},
    {0x948A, {0x00,0x00,0x18,0x06,0x1F,0x26,0x34,0x36,0x20,0x36,0x1F,0x36,0x0C,0x36,0x04,0x36,0x3F,0xB6,0x0C,0x36,0x04,0x36,0x04,0x06,0x07,0x86,0x0F,0x06,0x0C,0x1C,0x00,0x00}},
    {0x9493, {0x00,0x40,0x18,0x60,0x1F,0x40,0x30,0xFE,0x20,0xC6,0x1F,0x82,0x08,0x46,0x0C,0x66,0x3F,0x36,0x0C,0x16,0x08,0x06,0x08,0x06,0x0F,0x06,0x1C,0x1C,0x00,0x18,0x00,0x00}},
    {0x949B, {0x00,0x20,0x30,0x60,0x3C,0x60,0x68,0x60,0x40,0x60,0x3F,0xFC,0x10,0x60,0x10,0x60,0x7C,0x70,0x10,0xD0,0x10,0x90,0x11,0x98,0x1F,0xCC,0x3B,0x64,0x02,0x04,0x00,0x00}},
    {0x949C, {0x30,0x00,0x31,0xFC,0x7D,0x80,0x69,0x80,0x41,0x80,0x3D,0xFC,0x11,0x8C,0x19,0x8C,0x7F,0x8C,0x19,0xFC,0x11,0x80,0x11,0x80,0x1F,0x80,0x19,0xFC,0x00,0x00,0x00,0x00}},
    {0x949D, {0x20,0x20,0x20,0x20,0x7F,0xFC,0x61,0xFC,0x40,0x20,0x7D,0x24,0x11,0x24,0x11,0x24,0x7D,0x24,0x11,0xFC,0x10,0x6C,0x10,0x24,0x1C,0x26,0x30,0x3C,0x00,0x18,0x00,0x00}},
    {0x949E, {0x00,0x20,0x30,0x60,0x3C,0x60,0x69,0x68,0x41,0x6C,0x3D,0x6C,0x13,0x64,0x13,0x60,0x7E,0x68,0x18,0x68,0x10,0x18,0x10,0x30,0x1C,0xE0,0x3B,0xC0,0x03,0x00,0x00,0x00}},
    {0x949F, {0x10,0x10,0x1C,0x30,0x3E,0x10,0x20,0xFE,0x21,0xFE,0x1F,0x92,0x09,0xB2,0x09,0x92,0x3F,0xFE,0x09,0xFE,0x08,0x10,0x08,0x10,0x0E,0x10,0x1C,0x30,0x00,0x10,0x00,0x00}},
    {0x94A2, {0x10,0x00,0x11,0xFE,0x3F,0x86,0x31,0x8E,0x21,0xDA,0x1F,0xF2,0x09,0xB2,0x09,0xB6,0x3F,0xB2,0x09,0xBA,0x09,0xEE,0x09,0xCE,0x0F,0x82,0x1D,0x8E,0x01,0x00,0x00,0x00}},
    {0x94A3, {0x00,0x08,0x21,0xFC,0x3D,0xC0,0x69,0x00,0x41,0x00,0x79,0xFC,0x11,0x8C,0x11,0xCC,0x7D,0x48,0x11,0x78,0x13,0x30,0x1F,0x30,0x1F,0x78,0x32,0xCC,0x02,0x84,0x00,0x00}},
    {0x94A5, {0x08,0x00,0x18,0xFE,0x1E,0xC6,0x30,0xC6,0x20,0xC6,0x1E,0xFE,0x08,0xC6,0x08,0xC6,0x3E,0xFE,0x08,0xF6,0x08,0xC6,0x08,0x86,0x0F,0x86,0x1D,0x8E,0x01,0x08,0x00,0x00}},
    {0x94A6, {0x00,0x00,0x30,0xC0,0x3E,0x80,0x60,0xFC,0x41,0x8C,0x7F,0x2C,0x11,0x68,0x10,0x60,0x7E,0x60,0x18,0x60,0x10,0x70,0x10,0xD0,0x1C,0x98,0x19,0x0C,0x03,0x04,0x00,0x00}},
    {0x94A7, {0x10,0x40,0x10,0xC0,0x3E,0xFC,0x20,0xFC,0x3D,0x84,0x1C,0xC4,0x08,0x64,0x18,0x24,0x3E,0x0C,0x08,0x3C,0x18,0xEC,0x0F,0x8C,0x1C,0x0C,0x18,0x38,0x00,0x00,0x00,0x00}},
    {0x94B0, {0x20,0x00,0x21,0xFC,0x7D,0xFC,0x60,0x20,0x40,0x20,0x3C,0x20,0x10,0xF8,0x11,0xFC,0x7C,0x20,0x10,0x28,0x10,0x2C,0x10,0x24,0x1C,0x20,0x3B,0xFC,0x00,0x00,0x00,0x00}},
    {0x94B1, {0x00,0x40,0x30,0x58,0x3C,0x48,0x68,0x7C,0x41,0xF0,0x3C,0x40,0x10,0x7C,0x13,0xF0,0x7E,0x64,0x10,0x6C,0x10,0x38,0x14,0x70,0x1C,0xF4,0x33,0x9C,0x00,0x00,0x00,0x00}},
    {0x94B3, {0x01,0x88,0x31,0x88,0x3D,0x88,0x63,0xFC,0x41,0x8C,0x3D,0x88,0x11,0x88,0x11,0xF8,0x7D,0xF8,0x11,0x88,0x11,0x88,0x11,0x88,0x1D,0xF8,0x39,0xF8,0x01,0x08,0x00,0x00}},
    {0x94B5, {0x20,0x20,0x20,0x60,0x7C,0x20,0x6B,0xFC,0xC1,0xFC,0x7C,0xF0,0x10,0xF0,0x10,0xF8,0x7D,0xA8,0x11,0x2C,0x13,0x6C,0x17,0xFC,0x1C,0x60,0x30,0x60,0x00,0x20,0x00,0x00}},
    {0x94BA, {0x00,0x20,0x38,0x2C,0x7C,0x24,0x41,0xFC,0x41,0xFC,0x7D,0x20,0x11,0x24,0x11,0x3C,0x7D,0x3C,0x11,0x18,0x11,0x18,0x11,0xD0,0x1F,0xB6,0x3B,0x6C,0x00,0x40,0x00,0x00}},
    {0x94BB, {0x00,0x60,0x30,0x60,0x3E,0x60,0x68,0x7C,0x40,0x7C,0x3C,0x60,0x10,0x60,0x10,0x60,0x7F,0xFC,0x11,0x0C,0x11,0x04,0x11,0x0C,0x1F,0x0C,0x39,0xFC,0x11,0x0C,0x00,0x00}},
    {0x94C1, {0x00,0x20,0x31,0xA0,0x3D,0xA0,0x69,0xFC,0x41,0x20,0x3F,0x20,0x10,0x20,0x19,0xFC,0x7F,0xFC,0x18,0x70,0x10,0x70,0x10,0xD8,0x1C,0x88,0x1B,0x8C,0x01,0x04,0x00,0x00}},
    {0x94C2, {0x10,0x20,0x10,0x30,0x3E,0x20,0x34,0xFE,0x60,0x86,0x3E,0x86,0x08,0x86,0x08,0xFE,0x3F,0xFE,0x0C,0x86,0x08,0x86,0x0D,0x86,0x0E,0xFE,0x18,0xFE,0x00,0x80,0x00,0x00}},
    {0x94C3, {0x00,0x20,0x30,0x60,0x3C,0x70,0x60,0xD0,0x41,0x88,0x3F,0x6C,0x12,0x24,0x11,0xF8,0x7D,0xF8,0x18,0x18,0x10,0x10,0x10,0xF0,0x1C,0x60,0x38,0x30,0x00,0x10,0x00,0x00}},
    {0x94D6, {0x00,0x00,0x20,0x3C,0x3C,0x34,0x6B,0xFC,0xC3,0x30,0x7A,0x34,0x33,0xF4,0x13,0xD4,0x7E,0x5C,0x7A,0x58,0x12,0xD8,0x1F,0xB0,0x3E,0x3C,0x36,0x4C,0x00,0x00,0x00,0x00}},
    {0x94D9, {0x00,0x80,0x20,0x80,0x7D,0xFC,0x61,0xE8,0x40,0x58,0x78,0x70,0x11,0xF4,0x11,0x9C,0x7C,0x08,0x33,0xFC,0x10,0xB0,0x10,0x90,0x39,0xB4,0x33,0x1C,0x02,0x00,0x00,0x00}},
    {0x94DB, {0x00,0x00,0x18,0x30,0x1F,0xB6,0x30,0xB4,0x20,0xF4,0x1E,0x30,0x08,0xFC,0x08,0xFE,0x3E,0x06,0x08,0xFE,0x08,0x06,0x08,0x06,0x0E,0xFE,0x1C,0xFE,0x00,0x02,0x00,0x00}},
    {0x94DC, {0x10,0x00,0x11,0xFC,0x3F,0x04,0x21,0x7C,0x3D,0x04,0x1D,0x04,0x09,0x74,0x19,0x54,0x3D,0x54,0x09,0x74,0x19,0x64,0x1F,0x04,0x1D,0x04,0x11,0x1C,0x00,0x00,0x00,0x00}},
    {0x94DD, {0x00,0x00,0x18,0xFC,0x1E,0x84,0x34,0x84,0x20,0x84,0x3E,0xFC,0x08,0x00,0x08,0x00,0x3F,0xFE,0x09,0x86,0x09,0x86,0x09,0x86,0x0F,0x86,0x1D,0xFE,0x01,0x86,0x00,0x00}},
    {0x94E0, {0x00,0x20,0x23,0x64,0x7F,0x24,0x6B,0x64,0xC3,0xFC,0x7C,0x00,0x31,0xF8,0x11,0xFC,0x7C,0x04,0x31,0xFC,0x11,0x00,0x11,0x00,0x1D,0x06,0x39,0xFC,0x00,0xF8,0x00,0x00}},
    {0x94E3, {0x00,0x20,0x30,0xA0,0x3D,0xA0,0x61,0xFC,0x41,0x20,0x3F,0x20,0x11,0x7C,0x11,0xFC,0x7C,0xD0,0x10,0xD0,0x10,0x90,0x14,0x90,0x1D,0x96,0x33,0x1C,0x00,0x00,0x00,0x00}},
    {0x94E8, {0x00,0x20,0x30,0x60,0x3C,0x70,0x60,0xD8,0x41,0x8C,0x3F,0x8C,0x11,0xF8,0x10,0x20,0x7C,0x20,0x11,0xFC,0x10,0x60,0x10,0x20,0x1C,0x20,0x3B,0xFC,0x01,0x9C,0x00,0x00}},
    {0x94EC, {0x00,0xC0,0x30,0xF0,0x3D,0xFC,0x69,0x88,0x43,0xD8,0x3C,0x70,0x10,0x70,0x11,0xDC,0x7F,0x0E,0x11,0xFC,0x11,0x8C,0x11,0x0C,0x1D,0xFC,0x39,0xFC,0x00,0x00,0x00,0x00}},
    {0x94ED, {0x00,0x20,0x18,0x20,0x1E,0x7C,0x34,0xDC,0x21,0x84,0x3F,0x68,0x08,0x38,0x08,0x30,0x3E,0xFC,0x09,0xD6,0x08,0x46,0x08,0x46,0x0E,0x46,0x1C,0x7E,0x08,0x46,0x00,0x00}},
    {0x94F6, {0x20,0x00,0x31,0xFC,0x7D,0x0C,0x69,0x0C,0x41,0xFC,0x3D,0x0C,0x11,0x8C,0x11,0xF8,0x7F,0x24,0x11,0x2C,0x11,0x38,0x11,0x10,0x1F,0x78,0x3B,0xEC,0x01,0x04,0x00,0x00}},
    {0x94F8, {0x00,0x40,0x23,0xF8,0x7F,0xFC,0x68,0x40,0x43,0xFC,0x78,0xC0,0x33,0xFC,0x33,0xFC,0x7C,0x88,0x31,0xFC,0x31,0x88,0x33,0x48,0x3E,0x68,0x34,0x08,0x20,0x38,0x00,0x00}},
    {0x94FA, {0x00,0x28,0x30,0x28,0x3D,0xFC,0x69,0x70,0x40,0x20,0x3D,0xFC,0x11,0x24,0x11,0xFC,0x7D,0xFC,0x11,0x24,0x11,0xFC,0x11,0x2C,0x1D,0x24,0x39,0x2C,0x01,0x2C,0x00,0x00}},
    {0x94FE, {0x20,0x20,0x26,0x20,0x7A,0xFC,0x73,0x7C,0xC0,0x50,0x78,0xF0,0x37,0xFC,0x33,0x10,0x7B,0x30,0x33,0xFC,0x33,0x30,0x33,0x30,0x3F,0x10,0x34,0xFC,0x00,0x3C,0x00,0x00}},
    {0x94FF, {0x20,0x80,0x22,0xFC,0x7E,0xAC,0x62,0xAC,0x42,0xB8,0x7A,0x98,0x32,0xB8,0x32,0xEC,0x78,0x60,0x30,0x60,0x33,0xFC,0x30,0x60,0x38,0x60,0x33,0xFE,0x00,0x00,0x00,0x00}},
    {0x9500, {0x00,0x20,0x31,0x24,0x3D,0xAC,0x60,0xA8,0x40,0x60,0x3D,0xFC,0x11,0x04,0x11,0xFC,0x7F,0xFC,0x13,0x04,0x11,0xFC,0x11,0x04,0x1D,0x04,0x39,0x1C,0x01,0x10,0x00,0x00}},
    {0x9501, {0x00,0x20,0x31,0x2C,0x3D,0xA8,0x68,0xE8,0x40,0x60,0x3D,0xFC,0x11,0x0C,0x11,0x6C,0x7F,0x6C,0x11,0x6C,0x11,0x6C,0x11,0x4C,0x1C,0xF8,0x3B,0x9C,0x02,0x04,0x00,0x00}},
    {0x9502, {0x00,0x00,0x31,0xFC,0x3F,0x2C,0x69,0x2C,0x41,0xFC,0x3D,0x2C,0x11,0x2C,0x11,0xFC,0x7E,0x70,0x18,0x20,0x11,0xFC,0x10,0x60,0x1C,0x20,0x3B,0xFC,0x01,0xDC,0x00,0x00}},
    {0x9504, {0x00,0x08,0x11,0xD8,0x3F,0xC8,0x33,0x58,0x61,0x7E,0x3F,0xDA,0x19,0x5A,0x19,0x5A,0x3F,0xDA,0x1B,0x52,0x19,0x72,0x1B,0x76,0x1F,0xF6,0x1A,0x2C,0x00,0x08,0x00,0x00}},
    {0x9505, {0x10,0x00,0x11,0xFC,0x3D,0x0C,0x21,0x8C,0x3D,0xF8,0x1C,0x20,0x19,0xFC,0x19,0x6C,0x3F,0x64,0x19,0x74,0x19,0xDC,0x1B,0x8C,0x1F,0x04,0x19,0x1C,0x00,0x00,0x00,0x00}},
    {0x9508, {0x10,0x78,0x11,0xF0,0x3E,0x20,0x21,0xFC,0x3C,0xF8,0x1C,0xE8,0x09,0xA4,0x1D,0x20,0x3F,0xF0,0x08,0xDC,0x08,0xCC,0x0E,0x84,0x1D,0x84,0x19,0x1C,0x00,0x00,0x00,0x00}},
    {0x950B, {0x20,0x40,0x20,0xE0,0x7D,0xF8,0x63,0x98,0x42,0xF0,0x78,0x60,0x11,0xF8,0x13,0x4C,0x7F,0xFC,0x30,0x60,0x11,0xF8,0x1C,0x60,0x3B,0xFC,0x30,0x60,0x00,0x60,0x00,0x00}},
    {0x950C, {0x00,0x00,0x30,0x20,0x3D,0xFC,0x61,0xDC,0x40,0x88,0x3C,0xD8,0x11,0xFC,0x11,0xFC,0x7C,0x20,0x10,0x60,0x11,0xFC,0x10,0x20,0x1C,0x20,0x38,0x20,0x00,0x20,0x00,0x00}},
    {0x9510, {0x21,0x08,0x31,0x98,0x7C,0x90,0x41,0xFC,0x41,0x6C,0x7D,0x0C,0x13,0x0C,0x11,0xFC,0x7C,0xF0,0x10,0x90,0x10,0xB0,0x11,0xB0,0x1D,0x36,0x33,0x1C,0x02,0x08,0x00,0x00}},
    {0x9511, {0x21,0x08,0x20,0x98,0x7F,0xF8,0x63,0xEC,0x40,0x64,0x7C,0x6C,0x13,0xFC,0x13,0x60,0x7F,0xFC,0x10,0xE4,0x10,0xE4,0x11,0xE4,0x1F,0x6C,0x3E,0x60,0x00,0x60,0x00,0x00}},
    {0x9519, {0x00,0x90,0x30,0x90,0x3D,0xFC,0x61,0xF8,0x40,0x90,0x3D,0xFC,0x13,0xFC,0x10,0xF8,0x7D,0xFC,0x11,0x0C,0x11,0x8C,0x11,0xF8,0x1D,0x0C,0x39,0xF8,0x01,0x88,0x00,0x00}},
    {0x951A, {0x00,0x88,0x30,0x98,0x3D,0xFC,0x61,0xFC,0x40,0x98,0x3C,0x88,0x11,0xF8,0x11,0xFC,0x7D,0x24,0x11,0x2C,0x11,0xFC,0x13,0x24,0x1F,0x2C,0x39,0xFC,0x01,0x0C,0x00,0x00}},
    {0x9521, {0x10,0x00,0x11,0xF8,0x3F,0x08,0x21,0xF8,0x3D,0x08,0x1D,0xF8,0x08,0xC0,0x18,0x80,0x3F,0xFC,0x0B,0x54,0x0A,0xB4,0x0D,0xA4,0x1F,0x6C,0x18,0x58,0x00,0x00,0x00,0x00}},
    {0x9524, {0x20,0x00,0x21,0xF8,0x7D,0xE0,0x60,0x60,0xC3,0xFC,0x7D,0x68,0x11,0x68,0x13,0xFC,0x7F,0xFC,0x31,0x68,0x13,0xFC,0x10,0x60,0x1C,0x60,0x31,0xFC,0x01,0xF8,0x00,0x00}},
    {0x9525, {0x00,0xA0,0x30,0xB0,0x3D,0x90,0x69,0xFC,0x41,0x30,0x3F,0x30,0x13,0xFC,0x11,0xFC,0x7D,0x30,0x11,0xFC,0x11,0xB0,0x11,0x30,0x1D,0xFC,0x39,0xFC,0x01,0x00,0x00,0x00}},
    {0x9526, {0x10,0x20,0x10,0x78,0x3F,0xFE,0x30,0x86,0x20,0xFE,0x3E,0x86,0x08,0xDE,0x08,0xFC,0x3E,0xFE,0x09,0xF6,0x09,0xB6,0x09,0xB2,0x0F,0xB6,0x18,0x34,0x00,0x10,0x00,0x00}},
    {0x952D, {0x00,0x40,0x30,0x60,0x3F,0xFC,0x63,0x9C,0x42,0x04,0x3D,0x98,0x11,0xFC,0x10,0x60,0x7D,0x60,0x11,0x7C,0x11,0x60,0x13,0x60,0x1F,0xE0,0x3E,0x7C,0x00,0x1C,0x00,0x00}},
    {0x952E, {0x20,0x00,0x27,0x78,0x67,0x7C,0x41,0xFC,0x42,0x3C,0x7E,0x3C,0x37,0xF8,0x31,0x20,0x7F,0xFC,0x33,0x30,0x33,0xFC,0x3B,0x30,0x3F,0xA0,0x34,0xFC,0x00,0x00,0x00,0x00}},
    {0x9530, {0x20,0x00,0x21,0xF8,0x7C,0x30,0x60,0x20,0xC3,0xFC,0x7C,0x60,0x10,0x20,0x10,0xE0,0x7C,0x40,0x31,0xFC,0x13,0xFC,0x13,0x7C,0x1D,0x04,0x33,0xFC,0x00,0x00,0x00,0x00}},
    {0x953B, {0x20,0x80,0x21,0xB8,0x7A,0x28,0x62,0x28,0xC3,0xE8,0x7A,0x4C,0x32,0x00,0x33,0xFC,0x7B,0x7C,0x32,0x2C,0x33,0xB8,0x37,0x98,0x3E,0x38,0x32,0x6C,0x02,0x44,0x00,0x00}},
    {0x9540, {0x20,0x20,0x20,0xF4,0x7F,0xFC,0x6B,0x48,0x43,0xFC,0x7F,0x48,0x13,0x78,0x13,0x78,0x7F,0x00,0x13,0xFC,0x13,0x48,0x12,0x78,0x1E,0x30,0x3E,0xFC,0x04,0x84,0x00,0x00}},
    {0x9541, {0x01,0x08,0x30,0x98,0x3F,0xFC,0x61,0x60,0x40,0x60,0x3D,0xFC,0x12,0x60,0x13,0xFC,0x7C,0x60,0x10,0x60,0x13,0xFC,0x10,0x60,0x1C,0xD0,0x3B,0x9C,0x02,0x04,0x00,0x00}},
    {0x9547, {0x00,0x20,0x31,0xFC,0x3F,0xFC,0x69,0xF8,0x41,0x8C,0x3D,0x8C,0x11,0xFC,0x11,0xFC,0x7D,0x8C,0x11,0xFC,0x11,0x8C,0x13,0xFC,0x1C,0x98,0x39,0x8C,0x03,0x04,0x00,0x00}},
    {0x9550, {0x20,0x40,0x31,0xFC,0x7F,0xFC,0x60,0x00,0x41,0xF8,0x3D,0x18,0x11,0xF8,0x10,0x00,0x7F,0xFC,0x33,0x0C,0x12,0xF4,0x12,0x94,0x1E,0xF4,0x3A,0x64,0x02,0x0C,0x00,0x00}},
    {0x955B, {0x00,0x20,0x30,0xFC,0x3F,0xFC,0x63,0x78,0x43,0x2C,0x3F,0xFC,0x13,0x7C,0x13,0x78,0x7F,0xFC,0x13,0xBC,0x13,0xFC,0x13,0xBC,0x1E,0xFC,0x3E,0xA4,0x00,0x0C,0x00,0x00}},
    {0x955C, {0x00,0x20,0x31,0xFC,0x3D,0xFC,0x68,0x90,0x43,0xFC,0x3C,0xF0,0x11,0xFC,0x11,0xFC,0x7D,0xAC,0x31,0x0C,0x11,0xFC,0x10,0x90,0x1D,0x94,0x3B,0x1C,0x02,0x00,0x00,0x00}},
    {0x956D, {0x00,0x00,0x21,0xFC,0x3C,0x20,0x63,0xFC,0x43,0x64,0x39,0xFC,0x11,0xE8,0x11,0xA8,0x7D,0xFC,0x33,0x6C,0x11,0x6C,0x11,0xFC,0x1D,0x24,0x31,0xFC,0x01,0x0C,0x00,0x00}},
    {0x957F, {0x08,0x00,0x08,0x10,0x08,0x60,0x08,0xC0,0x0B,0x80,0x08,0x00,0x7F,0xFC,0x7F,0xFC,0x08,0x80,0x08,0xC0,0x08,0x60,0x08,0x70,0x0F,0x98,0x1F,0x0C,0x00,0x00,0x00,0x00}},
    {0x9580, {0x7E,0x7E,0x62,0x46,0x7E,0x7E,0x7E,0x7E,0x62,0x46,0x7E,0x7E,0x60,0x06,0x60,0x06,0x60,0x06,0x60,0x06,0x60,0x06,0x60,0x06,0x60,0x06,0x60,0x1C,0x20,0x18,0x00,0x00}},
    {0x958B, {0x7E,0x7E,0x62,0x46,0x7E,0x7E,0x7E,0x7E,0x7E,0x7E,0x7C,0x3E,0x60,0x06,0x6F,0xF6,0x62,0x46,0x66,0xE6,0x6F,0xF6,0x66,0x46,0x66,0x46,0x6C,0x5E,0x00,0x08,0x00,0x00}},
    {0x9593, {0x7E,0xFC,0x62,0x8C,0x7E,0xFC,0x7E,0xFC,0x62,0x8C,0x7E,0xFC,0x61,0x0C,0x67,0xCC,0x64,0x4C,0x67,0xCC,0x64,0x4C,0x67,0xCC,0x67,0xCC,0x60,0x38,0x00,0x00,0x00,0x00}},
    {0x9594, {0x7E,0x7E,0x62,0x46,0x7E,0x7E,0x7E,0x7E,0x7E,0x7E,0x7D,0x3E,0x61,0x86,0x6F,0xF6,0x64,0x66,0x67,0xC6,0x61,0xC6,0x63,0xE6,0x6E,0x26,0x68,0x1E,0x00,0x08,0x00,0x00}},
    {0x95E8, {0x20,0x00,0x37,0xFC,0x18,0x0C,0x60,0x0C,0x60,0x0C,0x60,0x0C,0x60,0x0C,0x60,0x0C,0x60,0x0C,0x60,0x0C,0x60,0x0C,0x60,0x0C,0x60,0x0C,0x60,0x38,0x00,0x00,0x00,0x00}},
    {0x95EA, {0x00,0x00,0x37,0xFC,0x18,0x0C,0x08,0x0C,0x61,0x0C,0x61,0x0C,0x63,0x0C,0x63,0x8C,0x66,0xCC,0x66,0x6C,0x6C,0x6C,0x68,0x2C,0x60,0x0C,0x60,0x0C,0x60,0x38,0x00,0x00}},
    {0x95EE, {0x00,0x00,0x23,0xF8,0x13,0xFC,0x00,0x0C,0x60,0x0C,0x67,0xCC,0x64,0x4C,0x64,0x4C,0x64,0x4C,0x64,0x4C,0x67,0xCC,0x64,0x0C,0x60,0x0C,0x60,0x38,0x20,0x10,0x00,0x00}},
    {0x95EF, {0x00,0x00,0x37,0xFC,0x18,0x0C,0x6F,0xCC,0x64,0xCC,0x64,0x4C,0x64,0x4C,0x6F,0xEC,0x67,0xEC,0x60,0x2C,0x6F,0xAC,0x60,0x2C,0x61,0xEC,0x60,0x9C,0x60,0x00,0x00,0x00}},
    {0x95F2, {0x00,0x00,0x37,0xFC,0x18,0x0C,0x08,0x0C,0x61,0x0C,0x61,0x0C,0x6F,0xFC,0x63,0x8C,0x67,0xCC,0x6D,0x6C,0x69,0x2C,0x61,0x0C,0x61,0x0C,0x60,0x3C,0x40,0x30,0x00,0x00}},
    {0x95F4, {0x00,0x00,0x37,0xF8,0x13,0xFC,0x00,0x0C,0x60,0x0C,0x67,0xCC,0x64,0x4C,0x64,0x4C,0x67,0xCC,0x64,0x4C,0x64,0x6C,0x67,0xCC,0x60,0x0C,0x60,0x1C,0x00,0x10,0x00,0x00}},
    {0x95F5, {0x00,0x00,0x37,0xFC,0x18,0x0C,0x21,0x0C,0x61,0x0C,0x6F,0xEC,0x60,0xCC,0x6C,0xCC,0x67,0x8C,0x63,0x8C,0x63,0xCC,0x6E,0x6C,0x68,0x0C,0x60,0x3C,0x00,0x10,0x00,0x00}},
    {0x95F7, {0x00,0x00,0x37,0xFC,0x18,0x0C,0x21,0x0C,0x61,0x0C,0x61,0xAC,0x6E,0xAC,0x6E,0x2C,0x7E,0x3C,0x72,0x7C,0x76,0x4C,0x63,0xCC,0x63,0x8C,0x60,0x3C,0x00,0x10,0x00,0x00}},
    {0x95F8, {0x20,0x00,0x37,0xFC,0x10,0x0C,0x00,0x0C,0x6F,0xEC,0x69,0x2C,0x6F,0xEC,0x6F,0xEC,0x69,0x2C,0x6F,0xEC,0x69,0x2C,0x61,0x0C,0x61,0x0C,0x61,0x1C,0x00,0x10,0x00,0x00}},
    {0x95FB, {0x20,0x00,0x37,0xFC,0x10,0x0C,0x00,0x0C,0x6F,0xEC,0x6C,0x4C,0x67,0xCC,0x6C,0x4C,0x67,0xCC,0x64,0x4C,0x6C,0x6C,0x6F,0xFC,0x60,0x4C,0x60,0x1C,0x00,0x10,0x00,0x00}},
    {0x95FD, {0x20,0x00,0x37,0xFC,0x18,0x0C,0x01,0x0C,0x61,0x0C,0x6F,0xEC,0x69,0x2C,0x69,0x2C,0x6F,0xEC,0x63,0xEC,0x61,0x6C,0x6F,0xEC,0x6E,0x0C,0x60,0x1C,0x00,0x10,0x00,0x00}},
    {0x95FE, {0x00,0x00,0x37,0xFC,0x18,0x0C,0x00,0x0C,0x67,0xCC,0x6C,0x6C,0x6F,0xEC,0x67,0xCC,0x6F,0xEC,0x6C,0x2C,0x68,0x2C,0x6F,0xEC,0x6F,0xCC,0x60,0x3C,0x00,0x10,0x00,0x00}},
    {0x95FF, {0x20,0x00,0x37,0xFC,0x10,0x0C,0x09,0x2C,0x69,0x2C,0x6F,0xEC,0x60,0x0C,0x6F,0xEC,0x60,0x6C,0x6F,0xEC,0x68,0x1C,0x6F,0xFC,0x67,0xEC,0x60,0x1C,0x00,0x10,0x00,0x00}},
    {0x9600, {0x20,0x00,0x37,0xFC,0x10,0x0C,0x04,0x0C,0x65,0xEC,0x6D,0xAC,0x6F,0xEC,0x79,0xAC,0x68,0xAC,0x68,0xCC,0x68,0xCC,0x6B,0xFC,0x6A,0x2C,0x60,0x18,0x00,0x00,0x00,0x00}},
    {0x9601, {0x20,0x00,0x17,0xFC,0x1A,0x0C,0x67,0xEC,0x6E,0x4C,0x6B,0x8C,0x63,0x8C,0x6E,0x6C,0x7C,0x6C,0x67,0xEC,0x6C,0x6C,0x6F,0xEC,0x6C,0x6C,0x60,0x38,0x00,0x00,0x00,0x00}},
    {0x9605, {0x20,0x00,0x37,0xFC,0x10,0x0C,0x04,0x4C,0x66,0xCC,0x66,0xCC,0x6F,0xEC,0x68,0x2C,0x6F,0xEC,0x67,0xCC,0x66,0x8C,0x64,0x9C,0x6C,0xFC,0x68,0x6C,0x60,0x18,0x00,0x00}},
    {0x9614, {0x00,0x00,0x33,0xF8,0x13,0xFC,0x00,0x0C,0x6B,0xEC,0x60,0x8C,0x63,0xEC,0x7B,0xEC,0x68,0x8C,0x63,0xEC,0x6E,0x2C,0x6B,0xEC,0x73,0xEC,0x60,0x1C,0x00,0x10,0x00,0x00}},
    {0x9616, {0x00,0x00,0x37,0xFC,0x19,0x0C,0x6F,0xEC,0x61,0x0C,0x6F,0xEC,0x6F,0x6C,0x6F,0xEC,0x6F,0xEC,0x6F,0xEC,0x68,0x2C,0x6F,0xEC,0x6F,0xEC,0x60,0x38,0x00,0x00,0x00,0x00}},
    {0x9619, {0x20,0x00,0x37,0xFC,0x10,0x0C,0x08,0x4C,0x6A,0xCC,0x6E,0xFC,0x7F,0x9C,0x65,0xFC,0x7F,0x4C,0x7F,0x4C,0x7F,0x6C,0x6C,0xEC,0x69,0x8C,0x79,0x3C,0x00,0x10,0x00,0x00}},
    {0x961C, {0x03,0x00,0x0F,0xE0,0x3F,0xF0,0x30,0x10,0x3F,0xF0,0x30,0x00,0x3F,0xF0,0x3F,0xF8,0x30,0x18,0x1F,0xF8,0x03,0x80,0x7F,0xFC,0x01,0x00,0x01,0x00,0x01,0x00,0x00,0x00}},
    {0x961F, {0x00,0x60,0x3C,0x60,0x64,0x60,0x6C,0x60,0x68,0x60,0x68,0x60,0x6C,0x60,0x64,0x60,0x64,0x60,0x64,0xF0,0x6C,0x90,0x61,0x98,0x61,0x08,0x63,0x0C,0x22,0x04,0x00,0x00}},
    {0x9621, {0x00,0x08,0x7D,0xF8,0x6D,0xE0,0x68,0x60,0x48,0x60,0x58,0x60,0x69,0x60,0x6F,0xFC,0x64,0x60,0x6C,0x60,0x78,0x60,0x60,0x60,0x60,0x60,0x60,0x60,0x40,0x20,0x00,0x00}},
    {0x962A, {0x00,0x18,0x7D,0xF8,0x69,0x00,0x69,0x00,0x59,0x00,0x79,0xFC,0x69,0x8C,0x69,0xC8,0x6F,0x48,0x6F,0x78,0x7B,0x30,0x63,0x30,0x62,0x78,0x66,0xCC,0x40,0x84,0x00,0x00}},
    {0x962E, {0x00,0x00,0x7D,0xF8,0x69,0xF8,0x68,0x00,0x58,0x00,0x78,0x00,0x6B,0xFC,0x6C,0xB0,0x6C,0xB0,0x6D,0xB0,0x79,0xB0,0x61,0x30,0x63,0x36,0x66,0x1C,0x00,0x08,0x00,0x00}},
    {0x9632, {0x00,0x40,0x7C,0x40,0x6C,0x40,0x6F,0xF8,0x59,0x80,0x59,0x80,0x69,0xF8,0x69,0x98,0x6D,0x18,0x6D,0x18,0x7B,0x18,0x62,0x10,0x66,0x10,0x6C,0x70,0x00,0x00,0x00,0x00}},
    {0x9633, {0x00,0x00,0x7D,0xF8,0x6D,0xFC,0x69,0x0C,0x69,0x0C,0x79,0x0C,0x69,0xFC,0x6D,0xFC,0x65,0x0C,0x6D,0x0C,0x7D,0x0C,0x61,0x0C,0x61,0xFC,0x61,0xFC,0x61,0x00,0x00,0x00}},
    {0x9634, {0x00,0x00,0x7D,0xFC,0x6D,0x8C,0x6D,0x0C,0x69,0x8C,0x69,0xFC,0x6D,0x0C,0x65,0x0C,0x65,0xFC,0x6D,0xAC,0x7D,0x0C,0x63,0x0C,0x63,0x0C,0x66,0x1C,0x00,0x10,0x00,0x00}},
    {0x9635, {0x00,0x40,0x7C,0x40,0x6F,0xFC,0x69,0xDC,0x78,0x80,0x79,0xA0,0x69,0xF8,0x6D,0xFC,0x6C,0x20,0x6C,0x20,0x7B,0xFC,0x63,0xFC,0x60,0x20,0x60,0x20,0x60,0x20,0x00,0x00}},
    {0x9636, {0x00,0x60,0x7C,0x60,0x6C,0xE0,0x68,0x90,0x79,0x98,0x7B,0x0C,0x6A,0x90,0x6D,0x90,0x6D,0x90,0x6D,0x90,0x79,0x90,0x61,0x90,0x61,0x10,0x63,0x10,0x62,0x10,0x00,0x00}},
    {0x963B, {0x00,0x00,0x7D,0xF8,0x6D,0x08,0x69,0x08,0x69,0x08,0x79,0xF8,0x69,0x08,0x6D,0x08,0x65,0x08,0x6D,0xF8,0x79,0x08,0x61,0x08,0x61,0x08,0x67,0xFC,0x60,0x00,0x00,0x00}},
    {0x963F, {0x00,0x00,0x7F,0xF8,0x4B,0xF8,0x58,0x10,0x53,0x98,0x73,0xD8,0x4A,0x58,0x4A,0x58,0x4F,0xD8,0x7B,0xD8,0x72,0x18,0x40,0x18,0x40,0x18,0x60,0x70,0x00,0x00,0x00,0x00}},
    {0x9640, {0x00,0x40,0x7C,0x60,0x6F,0xFC,0x6B,0xFC,0x7A,0x04,0x79,0x80,0x69,0x88,0x6D,0xB8,0x65,0xE0,0x6D,0x80,0x79,0x80,0x61,0x84,0x61,0x84,0x61,0xFC,0x40,0x78,0x00,0x00}},
    {0x9642, {0x00,0x60,0x78,0x60,0x4B,0xFC,0x4B,0xFC,0x5A,0x64,0x72,0x6C,0x4B,0xF8,0x4B,0xFC,0x6F,0x88,0x6E,0x98,0x7A,0xF0,0x66,0x70,0x44,0xF0,0x6D,0x9C,0x41,0x04,0x00,0x00}},
    {0x9644, {0x00,0x88,0x79,0x88,0x69,0x08,0x6B,0x08,0x7B,0xFE,0x77,0x08,0x7F,0x08,0x69,0x48,0x69,0x48,0x69,0x68,0x69,0x28,0x7B,0x08,0x63,0x08,0x63,0x38,0x00,0x10,0x00,0x00}},
    {0x9645, {0x00,0x00,0x7D,0xF8,0x6D,0xF8,0x68,0x00,0x68,0x00,0x6B,0xFC,0x6C,0x60,0x6C,0x60,0x65,0x68,0x6D,0x68,0x7B,0x6C,0x62,0x64,0x62,0x64,0x60,0xE0,0x00,0xC0,0x00,0x00}},
    {0x9646, {0x00,0x20,0x7C,0x60,0x69,0xF8,0x49,0xF8,0x78,0x60,0x70,0x60,0x4B,0xFC,0x6B,0xFC,0x6C,0x60,0x6F,0x64,0x7B,0x64,0x63,0x64,0x63,0x64,0x63,0xFC,0x40,0x0C,0x00,0x00}},
    {0x9647, {0x00,0x80,0x7C,0x90,0x6C,0x88,0x69,0x80,0x6F,0xFC,0x59,0xA0,0x69,0xA4,0x6D,0xAC,0x65,0x38,0x6D,0x38,0x7B,0x30,0x62,0x60,0x66,0xE6,0x6C,0xBC,0x40,0x18,0x00,0x00}},
    {0x9648, {0x00,0xC0,0x7C,0x80,0x6F,0xFC,0x6B,0xBC,0x59,0x80,0x79,0x60,0x4B,0x60,0x6B,0xFC,0x6C,0xF0,0x6C,0x60,0x7B,0x68,0x62,0x6C,0x66,0x64,0x64,0xC0,0x00,0x80,0x00,0x00}},
    {0x964C, {0x00,0x00,0x7F,0xFC,0x6C,0x60,0x68,0x40,0x48,0x40,0x79,0xFC,0x69,0x0C,0x6D,0x0C,0x6D,0xFC,0x6D,0xEC,0x79,0x0C,0x61,0x0C,0x61,0xFC,0x61,0xFC,0x41,0x0C,0x00,0x00}},
    {0x964D, {0x00,0xC0,0x7C,0xF0,0x69,0xF8,0x4B,0x90,0x5A,0xF0,0x70,0xF0,0x4B,0x9C,0x6E,0x24,0x6F,0xFC,0x6D,0x60,0x7B,0x20,0x63,0xFC,0x63,0xFC,0x60,0x20,0x40,0x20,0x00,0x00}},
    {0x9650, {0x00,0x00,0x7D,0xF8,0x6D,0x08,0x69,0x08,0x69,0xF8,0x69,0x08,0x69,0x98,0x6D,0xF8,0x65,0x64,0x6D,0x2C,0x79,0x38,0x61,0x10,0x61,0x58,0x63,0xCC,0x21,0x04,0x00,0x00}},
    {0x9655, {0x00,0x60,0x78,0x60,0x6B,0xFC,0x5B,0xFC,0x71,0x68,0x71,0x68,0x59,0xF8,0x49,0x60,0x6F,0xFC,0x6C,0x60,0x78,0xF0,0x60,0x90,0x41,0x98,0x67,0x0C,0x46,0x04,0x00,0x00}},
    {0x9662, {0x00,0x40,0x7C,0x60,0x6B,0xFC,0x4B,0x9C,0x5A,0x04,0x71,0xF8,0x48,0x00,0x68,0x00,0x6F,0xFC,0x6D,0xB0,0x78,0x90,0x61,0xB0,0x63,0x36,0x66,0x1C,0x04,0x08,0x00,0x00}},
    {0x9664, {0x00,0x20,0x78,0x60,0x68,0xF0,0x59,0x98,0x73,0x0C,0x73,0xF8,0x48,0x60,0x68,0x60,0x6F,0xFC,0x6C,0x60,0x79,0x68,0x63,0x6C,0x62,0x64,0x66,0x64,0x60,0xC0,0x00,0x00}},
    {0x9669, {0x00,0x40,0x7C,0x60,0x68,0xF0,0x69,0x98,0x7B,0x0C,0x7F,0xF6,0x68,0x00,0x68,0x44,0x6F,0x6C,0x69,0x68,0x79,0x28,0x61,0x18,0x60,0x10,0x63,0xFC,0x60,0x00,0x00,0x00}},
    {0x966A, {0x00,0x40,0x7C,0x60,0x6B,0xFC,0x4B,0x9C,0x59,0x08,0x79,0x98,0x4B,0xFC,0x6F,0xFC,0x6C,0x00,0x6D,0xF8,0x7B,0x0C,0x63,0x0C,0x63,0x0C,0x63,0xF8,0x43,0x08,0x00,0x00}},
    {0x9675, {0x00,0x60,0x79,0xF8,0x6B,0xF8,0x48,0x60,0x58,0x60,0x73,0xFC,0x59,0x98,0x6F,0x8C,0x6C,0xF8,0x69,0x98,0x7B,0x90,0x60,0xE0,0x60,0xF0,0x67,0x9C,0x46,0x04,0x00,0x00}},
    {0x9676, {0x01,0x00,0x7B,0x00,0x4B,0xFC,0x5F,0x8C,0x7D,0x84,0x5B,0xE4,0x4A,0xC4,0x4B,0xFC,0x48,0xC4,0x7A,0x94,0x72,0xDC,0x43,0xFC,0x40,0x0C,0x40,0x38,0x00,0x00,0x00,0x00}},
    {0x9685, {0x00,0x00,0x7F,0xF8,0x4A,0x48,0x4B,0xF8,0x5B,0x68,0x53,0x68,0x4B,0xF8,0x48,0x40,0x4F,0xFC,0x6E,0x6C,0x7E,0x74,0x42,0xFC,0x43,0x8C,0x42,0x04,0x42,0x1C,0x00,0x00}},
    {0x9686, {0x00,0x80,0x7C,0xF0,0x69,0xF8,0x6B,0x90,0x58,0x70,0x71,0xF8,0x6F,0x9C,0x69,0xF0,0x6D,0x40,0x6F,0xFC,0x7A,0x60,0x63,0xF8,0x61,0xF8,0x67,0xFC,0x40,0x00,0x00,0x00}},
    {0x968A, {0x01,0x08,0x7D,0x98,0x68,0x90,0x6F,0xFC,0x58,0xC0,0x71,0xCC,0x7B,0x78,0x68,0xF0,0x6F,0xB8,0x6E,0x78,0x78,0xEC,0x63,0x24,0x62,0x20,0x60,0xE0,0x40,0x80,0x00,0x00}},
    {0x968D, {0x00,0x40,0x7C,0xF0,0x6B,0xFC,0x6B,0x0C,0x6B,0xFC,0x7B,0x0C,0x6B,0xFC,0x69,0xF8,0x6F,0xFC,0x6C,0x60,0x78,0x60,0x63,0xFC,0x60,0x60,0x67,0xFC,0x42,0x04,0x00,0x00}},
    {0x968F, {0x00,0x20,0x78,0x20,0x6C,0xFC,0x5A,0xE0,0x70,0xFC,0x70,0xCC,0x7F,0xFC,0x4E,0x7C,0x6A,0x44,0x6A,0x7C,0x7A,0x44,0x63,0x4C,0x67,0xC8,0x6C,0xFC,0x40,0x10,0x00,0x00}},
    {0x9690, {0x00,0x80,0x7D,0xE0,0x69,0xF0,0x6A,0x30,0x5B,0xFC,0x78,0x0C,0x69,0xFC,0x69,0xFC,0x6F,0xFC,0x6C,0xC0,0x78,0xC0,0x63,0x2C,0x67,0x0C,0x65,0xF4,0x40,0x00,0x00,0x00}},
    {0x9694, {0x00,0x00,0x7B,0xFC,0x69,0xF8,0x49,0xFC,0x59,0x0C,0x71,0xF8,0x48,0x00,0x6B,0xFC,0x6E,0x94,0x6E,0xD4,0x7A,0xF4,0x63,0xFC,0x62,0x64,0x62,0x64,0x42,0x0C,0x00,0x00}},
    {0x969B, {0x01,0x00,0x79,0x78,0x6B,0xFC,0x4E,0xA4,0x5C,0x98,0x73,0x18,0x4B,0xF8,0x6F,0xFC,0x6C,0x00,0x6B,0xFC,0x78,0x60,0x63,0x48,0x62,0x6C,0x66,0x64,0x40,0xC0,0x00,0x00}},
    {0x969C, {0x00,0x40,0x7F,0xF8,0x4B,0xFC,0x49,0x90,0x5F,0xFC,0x50,0x00,0x4B,0xF8,0x4B,0xF8,0x4F,0x18,0x4F,0xF8,0x78,0x60,0x43,0xFC,0x43,0xFC,0x40,0x60,0x40,0x60,0x00,0x00}},
    {0x96A7, {0x00,0x48,0x7C,0x48,0x4E,0x48,0x5A,0xFC,0x50,0x60,0x70,0xEC,0x5F,0x38,0x4A,0x78,0x4A,0x98,0x4A,0x7C,0x7A,0xD4,0x43,0x30,0x47,0x20,0x4D,0xFC,0x40,0x30,0x00,0x00}},
    {0x96B6, {0x01,0x00,0x1F,0xE0,0x3F,0xF8,0x01,0x18,0x7F,0xFC,0x01,0x18,0x17,0xD8,0x3F,0xF0,0x21,0x88,0x39,0x98,0x0B,0xF0,0x0F,0x60,0x39,0x38,0x61,0x1C,0x07,0x00,0x00,0x00}},
    {0x96BD, {0x08,0x80,0x0F,0xF8,0x1F,0xF8,0x18,0x80,0x3F,0xF0,0x0F,0xF0,0x0F,0xF0,0x0F,0xFC,0x19,0x00,0x1F,0xE0,0x06,0x7C,0x04,0x0C,0x0C,0x0C,0x30,0x38,0x00,0x00,0x00,0x00}},
    {0x96BE, {0x00,0xA0,0x00,0xB0,0x7D,0x90,0x3D,0xFC,0x0D,0x30,0x6F,0x30,0x2F,0xFC,0x39,0xFC,0x19,0x30,0x19,0xFC,0x3D,0xB0,0x65,0x30,0x41,0xFC,0x01,0xFC,0x01,0x00,0x00,0x00}},
    {0x96C0, {0x00,0x80,0x04,0x98,0x0C,0x9C,0x18,0xB6,0x10,0xE0,0x03,0xC0,0x3F,0x7C,0x3F,0xFE,0x0C,0x60,0x0F,0xFC,0x0C,0x60,0x0F,0xFC,0x0C,0x60,0x0F,0xFE,0x0C,0x00,0x00,0x00}},
    {0x96C1, {0x00,0x00,0x3F,0xFC,0x24,0x80,0x24,0xB0,0x2D,0xB0,0x2D,0xFC,0x3F,0x30,0x3F,0xF8,0x2D,0xF8,0x6D,0x30,0x6D,0xFC,0x6D,0xB0,0x4D,0x30,0x4D,0xFC,0x4D,0x80,0x00,0x00}},
    {0x96C4, {0x10,0x00,0x10,0xF0,0x10,0x90,0x7F,0xFC,0x31,0xF8,0x33,0x90,0x2F,0xFC,0x28,0xFC,0x68,0x90,0x5C,0x90,0xD6,0xFC,0x12,0x90,0x3F,0x90,0x3F,0xFC,0x00,0x80,0x00,0x00}},
    {0x96C5, {0x00,0x50,0x7E,0xD0,0x04,0x90,0x24,0xFC,0x65,0x90,0x65,0x90,0x7F,0xFC,0x7E,0xFC,0x1C,0x90,0x1C,0x90,0x34,0xFC,0x64,0x90,0x44,0xFC,0x1C,0xFC,0x18,0x80,0x00,0x00}},
    {0x96C6, {0x09,0x00,0x1F,0xF8,0x3F,0xF8,0x31,0x80,0x7F,0xF8,0x31,0x80,0x3F,0xF0,0x3F,0xFC,0x3F,0xF8,0x01,0x00,0x7F,0xFC,0x07,0xC0,0x1D,0x70,0x71,0x1C,0x41,0x00,0x00,0x00}},
    {0x96CD, {0x01,0x00,0x07,0x94,0x7F,0xFC,0x10,0xA0,0x21,0xB0,0x6D,0xFC,0x7B,0x30,0x13,0xF8,0x25,0xF8,0x7D,0x30,0x4D,0xFC,0x19,0x30,0x19,0x30,0x71,0xFC,0x41,0x80,0x00,0x00}},
    {0x96CF, {0x10,0x50,0x18,0xD0,0x3E,0x90,0x24,0xFC,0x65,0x98,0x6F,0x90,0x7F,0xFC,0x06,0xFC,0x06,0x90,0x3E,0xFC,0x06,0x98,0x06,0x90,0x7E,0xFC,0x7E,0xFC,0x00,0x80,0x00,0x00}},
    {0x96D5, {0x00,0x60,0x7F,0x78,0x4B,0x48,0x7F,0x7C,0x6B,0xFC,0x6B,0xD0,0x7F,0xFC,0x6B,0x7C,0x7F,0x50,0x67,0x58,0x77,0x7C,0x7F,0x58,0x43,0x58,0x47,0x7C,0x04,0xC0,0x00,0x00}},
    {0x96E8, {0x00,0x00,0x7F,0xFC,0x7F,0xFC,0x01,0x00,0x03,0x00,0x7F,0xFC,0x61,0x0C,0x69,0x6C,0x6F,0x3C,0x61,0x0C,0x79,0xEC,0x6F,0x3C,0x61,0x0C,0x61,0x3C,0x00,0x10,0x00,0x00}},
    {0x96EA, {0x3F,0xFC,0x01,0x80,0x3F,0xFC,0x7F,0xFE,0x6D,0xB6,0x61,0x86,0x1D,0xF8,0x01,0x00,0x1F,0xF8,0x00,0x08,0x1F,0xF8,0x1F,0xF8,0x00,0x08,0x3F,0xF8,0x00,0x08,0x00,0x00}},
    {0x96EF, {0x00,0x00,0x3F,0xF8,0x3F,0xF8,0x7F,0xFC,0x5D,0x74,0x41,0x04,0x1F,0x70,0x01,0x00,0x7F,0xFC,0x7E,0xFC,0x0C,0x60,0x06,0xC0,0x07,0xC0,0x7C,0xFC,0x60,0x1C,0x00,0x00}},
    {0x96F2, {0x00,0x00,0x3F,0xF8,0x01,0x00,0x7F,0xFC,0x63,0x8C,0x5D,0x74,0x41,0x04,0x1D,0x70,0x1F,0xF0,0x00,0x00,0x00,0x00,0x7F,0xFC,0x08,0x20,0x3F,0xF8,0x1E,0x08,0x00,0x00}},
    {0x96F6, {0x00,0x00,0x3F,0xF8,0x1B,0xB0,0x7F,0xFC,0x5D,0x74,0x01,0x00,0x1D,0x70,0x07,0x80,0x3F,0xF8,0x71,0x1C,0x3F,0xF0,0x00,0x30,0x07,0xC0,0x03,0xC0,0x00,0x60,0x00,0x00}},
    {0x96F7, {0x3F,0xFC,0x01,0x80,0x3F,0xFC,0x7F,0xFE,0x6D,0xB6,0x61,0x86,0x1D,0xF8,0x01,0x80,0x1F,0xF8,0x31,0x88,0x1F,0xF8,0x1F,0xF8,0x31,0x88,0x1F,0xF8,0x10,0x08,0x00,0x00}},
    {0x96FE, {0x1F,0xF8,0x1F,0xF8,0x3F,0xFC,0x2D,0xB4,0x21,0xA4,0x0C,0x30,0x0F,0xF8,0x1C,0x30,0x07,0xE0,0x3F,0xFC,0x01,0x00,0x1F,0xF8,0x06,0x18,0x1C,0x70,0x00,0x00,0x00,0x00}},
    {0x9701, {0x00,0x00,0x3F,0xF8,0x03,0x80,0x7F,0xFC,0x41,0x04,0x1C,0x70,0x03,0x80,0x7F,0xFC,0x04,0xC0,0x07,0xC0,0x78,0x3C,0x08,0x20,0x08,0x20,0x38,0x20,0x00,0x00,0x00,0x00}},
    {0x9704, {0x3F,0xFC,0x01,0x80,0x7F,0xFE,0x6D,0xB6,0x61,0x86,0x1C,0x38,0x1D,0x98,0x0D,0xB0,0x1F,0xF8,0x10,0x08,0x1F,0xF8,0x1F,0xF8,0x1F,0xF8,0x10,0x08,0x10,0x38,0x00,0x00}},
    {0x9707, {0x00,0x00,0x3F,0xF8,0x0B,0xA0,0x7F,0xFC,0x6D,0x6C,0x01,0x00,0x1F,0xF0,0x3F,0xF8,0x3F,0xF8,0x27,0xF0,0x3F,0xFC,0x2C,0xC8,0x6C,0xF0,0x4F,0xBC,0x4C,0x04,0x00,0x00}},
    {0x970D, {0x3F,0xFC,0x01,0x80,0x7F,0xFE,0x4D,0xB6,0x69,0x96,0x1D,0xB8,0x08,0x80,0x18,0x80,0x1F,0xFC,0x38,0xC0,0x7F,0xF8,0x1F,0xF8,0x19,0xC0,0x1F,0xFE,0x18,0x00,0x00,0x00}},
    {0x970F, {0x00,0x00,0x3F,0xF8,0x0B,0x80,0x7F,0xFC,0x49,0x64,0x41,0x04,0x1D,0x70,0x00,0x00,0x7E,0xFC,0x06,0xC0,0x3E,0xF8,0x06,0xC0,0x7E,0xFC,0x7E,0xFC,0x06,0xC0,0x00,0x00}},
    {0x9713, {0x3F,0xF8,0x03,0x80,0x7F,0xFC,0x6D,0x64,0x61,0x0C,0x1D,0x70,0x07,0xC0,0x3C,0xF8,0x30,0x08,0x3E,0xF8,0x30,0x18,0x3F,0xF8,0x04,0xC4,0x78,0x7C,0x60,0x00,0x00,0x00}},
    {0x9716, {0x00,0x00,0x3F,0xF8,0x1B,0xB0,0x7F,0xFC,0x5D,0x74,0x01,0x00,0x1D,0xF0,0x18,0x20,0x7F,0xFC,0x78,0xFC,0x38,0x70,0x3E,0xB8,0x5B,0xAC,0x59,0x24,0x18,0x20,0x00,0x00}},
    {0x971C, {0x3F,0xFC,0x01,0x80,0x7F,0xFE,0x41,0x82,0x41,0x82,0x1D,0xB8,0x08,0x00,0x08,0xFE,0x7F,0x86,0x18,0xFE,0x3C,0x86,0x3E,0xFE,0x68,0xC6,0x48,0xFE,0x08,0x84,0x00,0x00}},
    {0x971E, {0x7F,0xF8,0x03,0x00,0xFF,0xFC,0xC3,0x0C,0x3F,0xF0,0x03,0x00,0x7F,0xF8,0x46,0x08,0x46,0x08,0x7C,0xF8,0x7C,0x20,0x7D,0xF8,0x7C,0x70,0x61,0xFC,0x41,0x8C,0x00,0x00}},
    {0x9732, {0x7F,0xF8,0x03,0x00,0xFF,0xFC,0xC3,0x0C,0x3B,0x70,0x03,0x00,0x7C,0x40,0x44,0xF8,0x47,0xD8,0x7C,0x70,0x5F,0xFC,0x5F,0xFC,0x51,0x88,0x7F,0xF8,0xFC,0x88,0x00,0x00}},
    {0x9738, {0x1F,0xFC,0x01,0xC0,0x3F,0xFE,0x24,0xB6,0x00,0x80,0x1F,0xF8,0x3F,0xFE,0x1B,0x46,0x0C,0x7E,0x3F,0x66,0x3F,0x7E,0x3F,0x46,0x3F,0xC6,0x04,0xCC,0x00,0x00,0x00,0x00}},
    {0x9752, {0x01,0x00,0x3F,0xF8,0x3F,0xF8,0x1F,0xF0,0x1F,0xF0,0x7F,0xFC,0x00,0x00,0x1F,0xF0,0x1F,0xF0,0x1F,0xF0,0x10,0x10,0x1F,0xF0,0x10,0x10,0x10,0x70,0x00,0x00,0x00,0x00}},
    {0x9753, {0x08,0x00,0x7E,0xFC,0x7E,0x8C,0x7E,0xAC,0x18,0xA4,0x7F,0xA4,0x00,0xA4,0x3E,0xA4,0x66,0xAC,0x7E,0x30,0x66,0x30,0x7E,0x74,0x62,0xD6,0x63,0x9C,0x6F,0x80,0x00,0x00}},
    {0x9756, {0x00,0x20,0x31,0xFC,0x11,0xFC,0x7D,0xF8,0x00,0x60,0x4B,0xFC,0x68,0x00,0x69,0xF8,0x29,0xAC,0x39,0xFC,0x39,0x0C,0x3D,0xFC,0x71,0xFC,0x01,0x0C,0x01,0x18,0x00,0x00}},
    {0x9759, {0x10,0x40,0x7E,0x60,0x7E,0xF8,0x7F,0x90,0x19,0xFC,0x7E,0x6C,0x00,0x2C,0x3F,0xFC,0x66,0xFC,0x7E,0x2C,0x66,0xFC,0x7E,0x2C,0x66,0x20,0x66,0x60,0x6C,0xE0,0x00,0x00}},
    {0x975B, {0x08,0x20,0x3E,0x30,0x3E,0xFC,0x3E,0x84,0x3E,0x84,0x3E,0xFC,0x00,0xBC,0x3E,0x10,0x3E,0xDC,0x3E,0xDC,0x3E,0xD0,0x32,0xF0,0x23,0xBC,0x27,0x1C,0x00,0x00,0x00,0x00}},
    {0x975E, {0x06,0x40,0x06,0x40,0x3E,0x7C,0x7E,0x7C,0x06,0x40,0x06,0x40,0x3E,0x7C,0x3E,0x7C,0x06,0x40,0x06,0x60,0x7E,0x7C,0x06,0x40,0x06,0x40,0x06,0x40,0x06,0x40,0x00,0x00}},
    {0x9760, {0x01,0x00,0x1F,0xF0,0x3F,0xF0,0x7F,0xFC,0x00,0x00,0x3F,0xF8,0x30,0x18,0x1F,0xF0,0x00,0x7C,0x7E,0xC0,0x06,0xC0,0x3E,0xF8,0x7E,0xFC,0x7E,0xFC,0x06,0xC0,0x00,0x00}},
    {0x9762, {0x7E,0xFE,0x7F,0xFE,0x01,0x00,0x3F,0xFC,0x3F,0xFC,0x24,0x64,0x24,0x64,0x27,0xE4,0x24,0x64,0x26,0x64,0x27,0xE4,0x24,0x64,0x24,0x64,0x3F,0xFC,0x20,0x04,0x00,0x00}},
    {0x9769, {0x08,0x20,0x3F,0xF8,0x7F,0xFC,0x08,0x20,0x0F,0xE0,0x03,0x80,0x3F,0xF8,0x31,0x18,0x31,0x18,0x3F,0xF8,0x01,0x00,0x7F,0xFC,0x7F,0xFC,0x01,0x00,0x01,0x00,0x00,0x00}},
    {0x9774, {0x28,0x80,0x7C,0xB0,0x7C,0xB0,0x29,0xB4,0x39,0xBC,0x33,0xB8,0x7F,0xB0,0x55,0xB0,0x55,0xF0,0x7D,0xF0,0x31,0xB0,0x7D,0xB4,0x11,0xB6,0x11,0xBC,0x11,0x88,0x00,0x00}},
    {0x9776, {0x24,0x00,0x7D,0xFC,0x7F,0xA4,0x25,0xA4,0x3D,0xA4,0x19,0xA4,0x7F,0xFC,0x52,0xFC,0x53,0x80,0x7F,0x80,0x19,0x80,0x7F,0x84,0x19,0x86,0x18,0xFC,0x10,0x78,0x00,0x00}},
    {0x978B, {0x24,0x30,0x7E,0x30,0x7F,0xFC,0x24,0xF8,0x3C,0x30,0x18,0x30,0x7F,0xFC,0x5A,0x20,0x5A,0x30,0x7E,0xFC,0x18,0x30,0x7E,0x30,0x18,0x30,0x19,0xFC,0x18,0x00,0x00,0x00}},
    {0x978D, {0x24,0x60,0x7C,0x20,0x7F,0xFC,0x25,0x8C,0x3D,0x24,0x18,0x60,0x7E,0x60,0x57,0xFC,0x56,0xC8,0x7C,0x98,0x18,0xD8,0x7E,0x70,0x10,0x78,0x11,0xCC,0x11,0x04,0x00,0x00}},
    {0x97A0, {0x12,0x40,0x3E,0xC0,0x3E,0xFE,0x16,0xFE,0x1F,0xA2,0x09,0xAA,0x3E,0xFA,0x2A,0x22,0x2B,0xFE,0x3E,0x76,0x08,0x72,0x3F,0xFE,0x09,0xA6,0x09,0x26,0x08,0x2C,0x00,0x00}},
    {0x97E6, {0x01,0x00,0x01,0x00,0x3F,0xF8,0x0F,0x80,0x01,0x00,0x3F,0xF8,0x03,0x00,0x01,0x00,0x7F,0xFC,0x3F,0xFC,0x01,0x0C,0x01,0x0C,0x01,0x38,0x01,0x30,0x01,0x00,0x00,0x00}},
    {0x97E9, {0x10,0x20,0x7C,0x20,0x7F,0xFC,0x11,0xFC,0x7C,0x20,0x47,0xFC,0x7E,0x60,0x7E,0x20,0x7F,0xFC,0x18,0x64,0x18,0x24,0x7E,0x24,0x10,0x2C,0x10,0x28,0x10,0x20,0x00,0x00}},
    {0x97EC, {0x08,0x04,0x08,0xFC,0x3F,0xE0,0x3E,0xB6,0x08,0xD4,0x3E,0x44,0x08,0x68,0x08,0xCE,0x3F,0x82,0x1B,0xC6,0x0B,0xEE,0x0F,0x82,0x0E,0x86,0x08,0xFE,0x08,0x86,0x00,0x00}},
    {0x97F3, {0x01,0x00,0x27,0xC8,0x3F,0xF8,0x08,0x20,0x0C,0x60,0x7F,0xEC,0x7F,0xFC,0x00,0x00,0x1F,0xF0,0x10,0x10,0x10,0x10,0x1F,0xF0,0x10,0x10,0x1F,0xF0,0x10,0x10,0x00,0x00}},
    {0x97F5, {0x08,0x40,0x3E,0x40,0x3E,0xFC,0x16,0xFC,0x14,0x84,0x3F,0xC4,0x00,0x64,0x3E,0x2C,0x22,0x0C,0x3E,0x7C,0x36,0xCC,0x22,0x8C,0x3E,0x08,0x3E,0x38,0x00,0x00,0x00,0x00}},
    {0x97F6, {0x08,0x00,0x2C,0xFE,0x3F,0x36,0x12,0x26,0x16,0x26,0x3E,0x66,0x3F,0xCE,0x1E,0x0C,0x3E,0x7C,0x32,0xFE,0x32,0xC6,0x3E,0xC6,0x22,0xC6,0x3E,0xFE,0x30,0xC6,0x00,0x00}},
    {0x9824, {0xFF,0xFC,0xC8,0x20,0xC8,0x78,0xC9,0xFC,0xDD,0x8C,0xF7,0xFC,0xF7,0x8C,0xF7,0x8C,0xF7,0xFC,0xFD,0x8C,0xC9,0xFC,0xC8,0xF8,0xFE,0xC8,0x03,0x8C,0x03,0x04,0x00,0x00}},
    {0x9865, {0x00,0x00,0x7F,0xFC,0x66,0x30,0x7E,0x7C,0x7E,0xCC,0x18,0x84,0x7F,0xFC,0x3C,0x84,0x7E,0xFC,0x62,0xCC,0x7E,0xCC,0x08,0xFC,0x6A,0x48,0x48,0xCC,0x18,0x84,0x00,0x00}},
    {0x9876, {0x00,0x00,0x7F,0xFC,0x7C,0x60,0x11,0xFC,0x11,0xFC,0x11,0x24,0x11,0x24,0x11,0x24,0x11,0x24,0x11,0x2C,0x11,0x24,0x10,0x70,0x10,0xD8,0x73,0x8C,0x03,0x04,0x00,0x00}},
    {0x9879, {0x00,0x00,0x03,0xFC,0x78,0x60,0x78,0x40,0x33,0xF8,0x33,0x0C,0x33,0x6C,0x33,0x6C,0x33,0x6C,0x3F,0x6C,0x7B,0x4C,0x60,0xC0,0x01,0x98,0x07,0x0C,0x06,0x04,0x00,0x00}},
    {0x987A, {0x00,0x00,0x67,0xFC,0x56,0x20,0x5E,0xF8,0x56,0xFC,0x5E,0x84,0x5E,0xA4,0x5E,0xA4,0x5E,0xA4,0x5E,0xAC,0x56,0xA4,0x5E,0x30,0x46,0x78,0xC6,0xCC,0x01,0x84,0x00,0x00}},
    {0x987B, {0x00,0x00,0x1B,0xFC,0x30,0x40,0x61,0xF8,0x0B,0x7C,0x1B,0x08,0x33,0x68,0x63,0x68,0x43,0x68,0x0F,0x6C,0x0B,0x48,0x18,0xD0,0x70,0x98,0x63,0x0C,0x02,0x04,0x00,0x00}},
    {0x987D, {0x00,0x00,0x3C,0x84,0x7D,0xFC,0x00,0x20,0x00,0xFC,0x7F,0x8C,0x2D,0xA4,0x2D,0xA4,0x2D,0xA4,0x2D,0xAC,0x2D,0xAC,0x6F,0x60,0x6C,0x58,0x41,0x8C,0x01,0x04,0x00,0x00}},
    {0x987E, {0x00,0x00,0x7F,0xFC,0x60,0x20,0x60,0xF8,0x7E,0xCC,0x7A,0x84,0x72,0xB4,0x7A,0xB4,0x7A,0xB4,0x7E,0xB4,0x58,0xA4,0x50,0x20,0x5E,0x78,0x58,0xCC,0x40,0x84,0x00,0x00}},
    {0x987F, {0x18,0x00,0x19,0xFC,0x7E,0x20,0x7C,0x20,0x18,0xFC,0x5A,0x8C,0x5A,0xA4,0x52,0xA4,0x7E,0xAC,0x18,0xAC,0x18,0xA4,0x1A,0x70,0x1E,0xD8,0x19,0x8C,0x01,0x04,0x00,0x00}},
    {0x9882, {0x00,0x00,0x2D,0xFC,0x24,0x20,0x64,0xFC,0x47,0xFC,0xD3,0xA4,0x11,0xA4,0x31,0xA4,0x35,0xA4,0x25,0xA4,0x25,0xA4,0x7E,0x60,0x7E,0x58,0x01,0xCC,0x01,0x04,0x00,0x00}},
    {0x9884, {0x00,0x00,0x7F,0xFC,0x0C,0x20,0x78,0xFC,0x39,0xCC,0x1D,0xA4,0x7F,0xAC,0x17,0xAC,0x15,0xAC,0x15,0xAC,0x11,0xA4,0x10,0x60,0x10,0x58,0x11,0x8C,0x73,0x04,0x00,0x00}},
    {0x9886, {0x08,0x00,0x18,0xFC,0x1C,0x30,0x36,0x20,0x62,0xFC,0x5B,0x8C,0x08,0xB4,0x3C,0xA4,0x3E,0xA4,0x04,0xA4,0x0C,0xA4,0x38,0x20,0x18,0x78,0x0D,0xCC,0x01,0x04,0x00,0x00}},
    {0x9888, {0x00,0x00,0x7F,0xFC,0x0C,0x20,0x0C,0x20,0x18,0xFC,0x3D,0x8C,0x67,0xA4,0x01,0xA4,0x7F,0xA4,0x19,0xA4,0x19,0xA4,0x18,0x60,0x1E,0x58,0x79,0xCC,0x01,0x04,0x00,0x00}},
    {0x9890, {0xFF,0xFC,0xD8,0x20,0xC8,0x78,0xDC,0xFC,0xFC,0x84,0xF4,0xAC,0xF4,0xA4,0xF4,0xA4,0xF4,0xA4,0xFC,0xAC,0xC8,0xA4,0xC8,0x60,0xFE,0x58,0x7E,0xCC,0x01,0x04,0x00,0x00}},
    {0x9891, {0x08,0x00,0x08,0xFC,0x2E,0xFC,0x2C,0x30,0x68,0xFC,0x7F,0x84,0x18,0xB4,0x18,0xB4,0x6A,0xB4,0x4A,0xA4,0x4E,0xA4,0x0C,0x20,0x18,0x78,0x70,0xCC,0x41,0x84,0x00,0x00}},
    {0x9896, {0x40,0x00,0x6D,0xFC,0x78,0x60,0x62,0x60,0x7E,0xFC,0x04,0x8C,0x7E,0xAC,0x79,0xAC,0x19,0xAC,0x7F,0xAC,0x19,0xAC,0x3C,0x60,0x5A,0x58,0x59,0x8C,0x19,0x04,0x00,0x00}},
    {0x9898, {0x00,0x00,0x3F,0xFC,0x62,0x20,0x7E,0xF8,0x66,0xCC,0x3E,0x8C,0x00,0xAC,0x7F,0xAC,0x08,0xAC,0x28,0xAC,0x2E,0x60,0x78,0xD8,0x79,0x84,0x4F,0xFC,0x00,0x00,0x00,0x00}},
    {0x989B, {0x08,0x00,0x5B,0xFC,0x5B,0x30,0x5B,0x20,0x7E,0xFC,0x00,0xC4,0x7F,0x94,0x18,0xB4,0x7E,0xB4,0x7F,0xF4,0x53,0xA4,0x57,0x20,0x53,0x68,0x57,0xCC,0x00,0x80,0x00,0x00}},
    {0x989C, {0x08,0x00,0x1C,0xFC,0x7F,0xFC,0x26,0x20,0x34,0xFC,0x7F,0x8C,0x66,0xA4,0x7C,0xA4,0x72,0xA4,0x6C,0xA4,0x78,0xA4,0x66,0x20,0x4C,0x58,0xF9,0xCC,0x41,0x04,0x00,0x00}},
    {0x989D, {0x00,0x00,0x3C,0xFC,0x7F,0xFC,0x53,0x20,0x3E,0xFC,0x64,0x8C,0x7C,0xA4,0x1C,0xA4,0x77,0xA4,0x62,0xA4,0x3E,0xA4,0x26,0x60,0x26,0x58,0x3E,0xCC,0x27,0x84,0x00,0x00}},
    {0x98A0, {0x08,0x00,0x7F,0xFC,0x7E,0x30,0x3C,0x20,0x62,0xFC,0x62,0x84,0x7E,0xB4,0x7E,0xB4,0x66,0xB4,0x3E,0xA4,0x66,0xA4,0x7F,0x20,0x24,0x78,0x63,0xCC,0x41,0x84,0x00,0x00}},
    {0x98CE, {0x00,0x00,0x3F,0xF8,0x30,0x18,0x30,0x58,0x3C,0xD8,0x36,0x98,0x33,0x98,0x33,0x98,0x31,0x98,0x23,0xD8,0x26,0xD8,0x2C,0x68,0x68,0x2E,0x40,0x0C,0x00,0x04,0x00,0x00}},
    {0x98D2, {0x20,0x00,0x33,0xF8,0x13,0x08,0x7F,0x18,0x7B,0xB8,0x4B,0xA8,0x6B,0x68,0x6B,0x68,0x2B,0x68,0x3B,0x68,0x3A,0xF8,0x1F,0x98,0x77,0x8C,0x06,0x0C,0x00,0x04,0x00,0x00}},
    {0x98D3, {0x00,0x00,0x7E,0xF8,0x62,0x8C,0x66,0xF8,0x76,0xCC,0x7A,0xF8,0x4A,0xCC,0x6A,0xF8,0x4B,0xFC,0x5F,0x78,0x57,0x48,0x77,0xCC,0x61,0x84,0xC0,0xFC,0x00,0x00,0x00,0x00}},
    {0x98D8, {0x00,0x00,0x7F,0xF8,0x08,0x88,0x7F,0x88,0x7F,0x98,0x7F,0xD8,0x7F,0xF8,0x3C,0xA8,0x3D,0xA8,0x7F,0xB8,0x1D,0xF8,0x7D,0xD8,0x5B,0xCC,0x5B,0x04,0x30,0x04,0x00,0x00}},
    {0x98DB, {0x00,0x00,0x3F,0xEC,0x00,0x38,0x1F,0x38,0x7B,0x3C,0x13,0x30,0x13,0x1C,0x7F,0xEC,0x7F,0xEC,0x13,0x38,0x33,0x38,0x33,0x34,0x23,0x30,0x63,0x1E,0x43,0x0C,0x00,0x00}},
    {0x98DE, {0x00,0x00,0xFF,0x80,0xFF,0xC0,0x00,0xCC,0x00,0xD8,0x00,0xF0,0x00,0xE0,0x00,0x70,0x00,0x5C,0x00,0x44,0x00,0x60,0x00,0x64,0x00,0x24,0x00,0x3C,0x00,0x1C,0x00,0x00}},
    {0x98DF, {0x01,0x00,0x03,0x80,0x06,0xC0,0x0F,0x70,0x39,0x3C,0x7F,0xF4,0x18,0x30,0x1F,0xF0,0x10,0x10,0x1F,0xF0,0x19,0x18,0x19,0xE0,0x18,0x60,0x1F,0x38,0x18,0x08,0x00,0x00}},
    {0x98E8, {0x10,0x40,0x30,0xE0,0x30,0xB0,0x2B,0xD8,0x6E,0x4C,0x73,0xFC,0x33,0x18,0x2F,0xF8,0x7F,0x08,0x7B,0xF8,0x1B,0x44,0x13,0x78,0x33,0x38,0x63,0xCC,0x43,0x00,0x00,0x00}},
    {0x98EF, {0x10,0x00,0x38,0xFC,0x2D,0xE0,0x77,0x80,0x59,0x80,0x7D,0xFC,0x6D,0xCC,0x7D,0xC8,0x65,0xC8,0x7D,0xB8,0x61,0x30,0x6D,0x30,0x7F,0x78,0x77,0xCC,0x02,0x04,0x00,0x00}},
    {0x9910, {0x08,0x00,0x0F,0xF8,0x3C,0x18,0x66,0x70,0x7D,0xF8,0x3B,0xCC,0x6E,0xE0,0x7F,0xFC,0x78,0x34,0x1F,0xF0,0x18,0x30,0x1F,0xF8,0x18,0xF0,0x1F,0x38,0x18,0x08,0x00,0x00}},
    {0x9918, {0x10,0x20,0x38,0x60,0x2C,0xD8,0x65,0x8C,0x53,0x04,0x7C,0xF8,0x6C,0x20,0x7D,0xFC,0x6D,0xFC,0x7C,0x20,0x69,0xA8,0x69,0x2C,0x7F,0x24,0x74,0x24,0x00,0xE0,0x00,0x00}},
    {0x9928, {0x08,0x10,0x1C,0x10,0x16,0xFE,0x3B,0x86,0x28,0xFC,0x3E,0x4C,0x36,0x44,0x3E,0x7C,0x32,0x78,0x3E,0x40,0x34,0x7C,0x36,0xC4,0x3E,0xC4,0x3A,0x7C,0x00,0x44,0x00,0x00}},
    {0x9957, {0x03,0x00,0x27,0xFC,0x7E,0xE4,0x37,0xEC,0x7E,0xA4,0x1E,0xF4,0x77,0xFC,0x43,0x00,0x3F,0xF8,0x78,0x3C,0x1F,0xE0,0x18,0x30,0x1F,0xF0,0x1E,0x70,0x18,0x18,0x00,0x00}},
    {0x9968, {0x20,0x20,0x20,0x60,0x3F,0xFC,0x7D,0xF8,0x4C,0x60,0x4B,0x6C,0xB3,0x6C,0x33,0x6C,0x33,0x6C,0x33,0xFC,0x30,0x6C,0x3C,0x64,0x38,0x66,0x30,0x3C,0x00,0x18,0x00,0x00}},
    {0x996A, {0x20,0x08,0x21,0xF8,0x3F,0xE0,0x7E,0x60,0x64,0x60,0x4C,0x60,0xD1,0xFC,0x13,0xFC,0x10,0x60,0x10,0x60,0x10,0x60,0x1C,0x60,0x1C,0x60,0x33,0xFC,0x00,0x00,0x00,0x00}},
    {0x996D, {0x20,0x00,0x21,0xFC,0x3F,0xC0,0x7F,0x00,0x6F,0x00,0x49,0xFC,0xF3,0xC8,0x33,0xC8,0x33,0x58,0x33,0x78,0x33,0x30,0x3E,0x30,0x3E,0xF8,0x37,0x8C,0x05,0x04,0x00,0x00}},
    {0x996E, {0x20,0x80,0x20,0x80,0x3C,0xFC,0x7F,0xFC,0x65,0x84,0x45,0x6C,0x90,0x60,0x30,0x60,0x30,0x60,0x30,0x70,0x30,0xF0,0x1C,0xD0,0x39,0x98,0x33,0x0C,0x02,0x04,0x00,0x00}},
    {0x9970, {0x10,0x40,0x10,0xC0,0x1E,0xFE,0x3F,0xBE,0x37,0xB0,0x26,0x30,0x78,0xFC,0x19,0xFE,0x19,0xB6,0x19,0xB6,0x19,0xB6,0x1F,0xB6,0x1C,0x34,0x18,0x30,0x00,0x30,0x00,0x00}},
    {0x9971, {0x20,0x80,0x21,0x80,0x3D,0xF8,0x7D,0x3C,0x6F,0x0C,0x4F,0xEC,0x71,0x2C,0x31,0x2C,0x31,0xEC,0x31,0xAC,0x31,0x38,0x3D,0x00,0x39,0x06,0x31,0xFC,0x00,0x78,0x00,0x00}},
    {0x9976, {0x20,0x80,0x20,0x80,0x3D,0xFC,0x7D,0xC8,0x68,0x58,0x48,0x70,0x71,0xF4,0x33,0x9C,0x30,0x08,0x33,0xFC,0x30,0xB0,0x39,0xB0,0x39,0x34,0x27,0x3C,0x04,0x00,0x00,0x00}},
    {0x9978, {0x20,0x20,0x20,0x60,0x3C,0x70,0x7C,0x90,0x6D,0x98,0x4B,0xFC,0xF3,0xFC,0x30,0x00,0x31,0xF8,0x31,0xFC,0x31,0x0C,0x31,0x0C,0x39,0x0C,0x31,0xF8,0x21,0x08,0x00,0x00}},
    {0x9979, {0x20,0x40,0x20,0xF0,0x3C,0xF8,0x7D,0x98,0x6F,0xD0,0x48,0x70,0xF0,0x70,0x30,0xD8,0x33,0x8C,0x31,0xFC,0x31,0x08,0x31,0x0C,0x39,0x0C,0x31,0xF8,0x01,0x08,0x00,0x00}},
    {0x997A, {0x20,0x40,0x20,0x60,0x3F,0xFC,0x3F,0xFC,0x6C,0x98,0x49,0x88,0x53,0x0C,0x33,0x9C,0x30,0x90,0x30,0xF0,0x30,0x60,0x3C,0x60,0x38,0xF0,0x33,0x9C,0x02,0x04,0x00,0x00}},
    {0x997C, {0x21,0x08,0x21,0x98,0x3C,0x90,0x7F,0xFC,0x6D,0xF8,0x48,0x90,0xF0,0x90,0x30,0x90,0x33,0xFC,0x30,0x98,0x30,0x90,0x3D,0x90,0x39,0x10,0x33,0x10,0x02,0x10,0x00,0x00}},
    {0x9984, {0x20,0x00,0x23,0xFC,0x3F,0x0C,0x7F,0xFC,0x4B,0x0C,0x4B,0x0C,0x53,0xF8,0x32,0x20,0x33,0x34,0x33,0xFC,0x33,0x30,0x37,0x30,0x3B,0x76,0x33,0xFC,0x00,0x00,0x00,0x00}},
    {0x9985, {0x10,0x60,0x10,0x60,0x1E,0xFC,0x3E,0xCC,0x37,0x88,0x25,0x08,0x18,0xD8,0x19,0x9E,0x19,0x06,0x19,0x86,0x19,0xFE,0x1B,0x06,0x1D,0x86,0x19,0xFE,0x11,0x86,0x00,0x00}},
    {0x9986, {0x10,0x20,0x10,0x30,0x1F,0xFE,0x3F,0x86,0x24,0xFC,0x24,0x8C,0x38,0x84,0x18,0xFC,0x18,0xF8,0x18,0x80,0x18,0xFE,0x1E,0x86,0x1C,0x86,0x18,0xFE,0x00,0x84,0x00,0x00}},
    {0x998B, {0x20,0x80,0x20,0xE0,0x21,0xF0,0x7F,0xFC,0x6F,0x6C,0x4B,0x6C,0xB1,0xFC,0x30,0xF0,0x31,0xB6,0x37,0x1C,0x30,0x60,0x3C,0x30,0x39,0xC0,0x30,0x78,0x00,0x18,0x00,0x00}},
    {0x998D, {0x20,0x90,0x23,0xFC,0x3F,0xFC,0x7C,0x80,0x49,0xFC,0x49,0x0C,0xF1,0xFC,0x31,0x0C,0x31,0xFC,0x30,0x60,0x33,0xFC,0x3C,0x70,0x38,0xD0,0x33,0x9C,0x02,0x04,0x00,0x00}},
    {0x9992, {0x20,0x00,0x21,0xF8,0x3D,0xF8,0x7D,0x8C,0x6D,0xF8,0x48,0x00,0xF3,0xFC,0x33,0xFC,0x30,0x00,0x33,0xF8,0x31,0x98,0x3C,0xD0,0x38,0xF0,0x33,0xFC,0x06,0x0C,0x00,0x00}},
    {0x9996, {0x08,0x30,0x08,0x20,0x7F,0xFC,0x7F,0xFC,0x03,0x00,0x3F,0xF8,0x30,0x18,0x3F,0xF8,0x3F,0xF8,0x30,0x18,0x3F,0xF8,0x30,0x18,0x30,0x18,0x3F,0xF8,0x30,0x18,0x00,0x00}},
    {0x9999, {0x00,0x30,0x3F,0xF0,0x3B,0x00,0x01,0x00,0x7F,0xFC,0x07,0xC0,0x0D,0x70,0x31,0x1C,0x7F,0xFC,0x18,0x30,0x10,0x10,0x1F,0xF0,0x10,0x10,0x1F,0xF0,0x10,0x10,0x00,0x00}},
    {0x99A5, {0x1C,0x40,0x78,0xFC,0x18,0xFC,0x7F,0xF8,0x3D,0x8C,0x3C,0x8C,0x7A,0xFC,0x50,0xFC,0x3C,0x60,0x66,0xFC,0x66,0xC8,0x7F,0xF8,0x66,0x30,0x7E,0xF8,0x27,0x8C,0x00,0x00}},
    {0x99A8, {0x08,0x00,0x7E,0x78,0x3E,0x8C,0x00,0xFC,0x3E,0xD8,0x6A,0x70,0x7F,0xFC,0x4F,0xE4,0x03,0x00,0x7F,0xFC,0x0F,0xE0,0x7F,0xFC,0x58,0x30,0x1F,0xF0,0x10,0x10,0x00,0x00}},
    {0x9A6C, {0x3F,0xE0,0x3F,0xF0,0x00,0x30,0x18,0x30,0x18,0x20,0x10,0x20,0x1F,0xF8,0x1F,0xFC,0x00,0x0C,0x00,0x0C,0x7F,0xE8,0x00,0x08,0x00,0x18,0x00,0x78,0x00,0x00,0x00,0x00}},
    {0x9A6D, {0x7C,0xF8,0x05,0xFC,0x04,0x8C,0x64,0x8C,0x6C,0xC8,0x6C,0xC8,0x7C,0x58,0x7E,0x70,0x06,0x30,0x1E,0x30,0x7E,0x70,0x44,0xD8,0x05,0x8C,0x1D,0x04,0x00,0x00,0x00,0x00}},
    {0x9A70, {0x00,0x20,0x3C,0xB0,0x04,0xA0,0x34,0xBC,0x24,0xFC,0x25,0xE4,0x25,0xB4,0x3E,0xA4,0x06,0xA4,0x06,0xBC,0x3E,0x80,0x24,0x86,0x04,0xFC,0x1C,0x7C,0x00,0x00,0x00,0x00}},
    {0x9A71, {0x00,0x00,0x7D,0xFC,0x0D,0xFC,0x69,0x08,0x69,0xC8,0x69,0x78,0x49,0x30,0x7D,0x30,0x3F,0x38,0x07,0x68,0x3D,0x6C,0x75,0xC4,0x0D,0x00,0x39,0xFC,0x00,0x00,0x00,0x00}},
    {0x9A73, {0x00,0x00,0x3E,0xC8,0x06,0x70,0x36,0x78,0x36,0xCC,0x35,0x84,0x24,0x88,0x3E,0xC8,0x02,0x58,0x02,0x70,0x3A,0x30,0x22,0x78,0x06,0xCC,0x0F,0x84,0x00,0x00,0x00,0x00}},
    {0x9A74, {0x00,0x20,0x3C,0x20,0x04,0xFC,0x24,0xEC,0x24,0x84,0x24,0x84,0x24,0xFC,0x3E,0xEC,0x02,0x80,0x07,0x80,0x3F,0x80,0x27,0x80,0x07,0x80,0x1D,0x00,0x00,0x00,0x00,0x00}},
    {0x9A76, {0x00,0x20,0x3E,0x20,0x04,0xFC,0x35,0xBC,0x25,0xA4,0x25,0x24,0x25,0xFC,0x3E,0x30,0x03,0xA0,0x06,0xE0,0x3E,0x60,0x26,0x60,0x06,0xF8,0x1D,0x8C,0x00,0x00,0x00,0x00}},
    {0x9A7B, {0x00,0x00,0x3C,0x20,0x04,0x20,0x25,0xFC,0x24,0x30,0x24,0x20,0x24,0x20,0x3E,0x30,0x03,0xFC,0x06,0x20,0x3E,0x20,0x26,0x20,0x07,0xFC,0x1D,0xFC,0x00,0x00,0x00,0x00}},
    {0x9A7C, {0x00,0x60,0x3C,0x20,0x07,0xFC,0x27,0xFE,0x27,0x04,0x24,0x80,0x24,0x88,0x3E,0xF8,0x02,0xE0,0x0E,0x80,0x3E,0x84,0x06,0x84,0x06,0xFC,0x1C,0x78,0x00,0x00,0x00,0x00}},
    {0x9A7E, {0x08,0x00,0x3F,0x7C,0x3F,0x44,0x19,0x44,0x37,0x7C,0x20,0x00,0x0F,0xF0,0x0F,0xF8,0x04,0x18,0x0C,0x18,0x0F,0xFE,0x10,0x06,0x3F,0xF4,0x00,0x1C,0x00,0x00,0x00,0x00}},
    {0x9A7F, {0x38,0x00,0x3D,0xFC,0x04,0x88,0x24,0x58,0x24,0x70,0x25,0xFC,0x25,0x0C,0x3E,0x20,0x03,0xFC,0x0E,0x20,0x3F,0xFC,0x06,0x70,0x04,0x20,0x1C,0x20,0x00,0x00,0x00,0x00}},
    {0x9A84, {0x00,0x00,0x7D,0xF8,0x09,0xE0,0x48,0x40,0x6B,0xFE,0x48,0xD8,0x48,0x88,0x7D,0x8C,0x3F,0x9C,0x04,0xD8,0x7C,0x98,0xEC,0x98,0x0D,0x98,0x3B,0x18,0x00,0x00,0x00,0x00}},
    {0x9A85, {0x00,0x80,0x3C,0xB4,0x05,0xBC,0x25,0xB8,0x27,0xF0,0x25,0xF0,0x2D,0xB6,0x3C,0xBC,0x04,0x20,0x07,0xFC,0x3E,0x60,0x24,0x20,0x04,0x20,0x1C,0x20,0x00,0x00,0x00,0x00}},
    {0x9A86, {0x38,0x40,0x3C,0xF8,0x04,0xFC,0x25,0xC8,0x27,0x58,0x24,0x70,0x24,0xF8,0x3F,0x8E,0x03,0xFC,0x06,0xFC,0x3E,0x84,0x26,0x8C,0x06,0xFC,0x1C,0x84,0x00,0x00,0x00,0x00}},
    {0x9A8A, {0x7B,0xFC,0x0B,0xFC,0x08,0x00,0x6B,0xFC,0x6B,0x74,0x4A,0x64,0x7B,0x74,0x7F,0xFC,0x0F,0xFC,0x3E,0x64,0xFE,0x64,0x0A,0x64,0x0A,0x64,0x3A,0xEC,0x00,0x00,0x00,0x00}},
    {0x9A8B, {0x00,0x20,0x3C,0xF8,0x05,0xFC,0x25,0xA4,0x25,0xFC,0x25,0xFC,0x24,0x58,0x3F,0xFC,0x02,0xC0,0x0E,0xF8,0x7E,0x6C,0x06,0x0C,0x06,0x0C,0x1C,0x38,0x00,0x00,0x00,0x00}},
    {0x9A8C, {0x00,0x20,0x7C,0x60,0x0C,0xF0,0x6C,0x98,0x69,0x8C,0x6F,0xFE,0x48,0x00,0x7C,0x24,0x3D,0x2C,0x05,0xAC,0x3D,0xA8,0x74,0x98,0x04,0x10,0x39,0xFC,0x00,0x00,0x00,0x00}},
    {0x9A8F, {0x00,0x60,0x3C,0x58,0x04,0xD8,0x35,0xFC,0x24,0x58,0x24,0xC8,0x25,0xC4,0x3E,0x60,0x06,0xF8,0x07,0xD8,0x3F,0x70,0x24,0x70,0x06,0xDC,0x1D,0x8C,0x00,0x00,0x00,0x00}},
    {0x9A90, {0x00,0xC8,0x3C,0xC8,0x05,0xFC,0x34,0xCC,0x24,0xD8,0x24,0xF8,0x24,0xC8,0x3E,0xF8,0x02,0xC8,0x07,0xFC,0x3E,0x40,0x26,0x48,0x06,0xCC,0x1D,0x84,0x00,0x00,0x00,0x00}},
    {0x9A91, {0x00,0x20,0x3C,0xFC,0x04,0xFC,0x24,0x30,0x24,0xD8,0x25,0x8C,0x25,0xFC,0x3E,0x0C,0x02,0xFC,0x06,0xBC,0x3E,0xBC,0x36,0xEC,0x06,0x8C,0x1C,0x1C,0x00,0x00,0x00,0x00}},
    {0x9AA5, {0x00,0xC0,0x3D,0xD8,0x04,0xD4,0x27,0xDC,0x24,0x00,0x2D,0xFC,0x2D,0xFC,0x3F,0x6C,0x07,0xF8,0x07,0xF8,0x3C,0xD8,0x27,0xFC,0x04,0x98,0x1D,0x8C,0x00,0x00,0x00,0x00}},
    {0x9AA8, {0x1F,0xF8,0x18,0x18,0x1F,0x98,0x18,0x90,0x7F,0xFE,0x7F,0xFE,0x60,0x06,0x7F,0xFE,0x18,0x18,0x1F,0xF8,0x18,0x18,0x1F,0xF8,0x1F,0xF8,0x18,0x18,0x18,0x70,0x00,0x00}},
    {0x9AD3, {0x00,0x20,0x7C,0x7C,0x67,0x7C,0x7D,0x7C,0x7C,0xD8,0x7E,0xFC,0x46,0x00,0x7D,0x7C,0x65,0x7C,0x7D,0x6C,0x6D,0x7C,0x7D,0x6C,0x65,0xC8,0x67,0x7E,0x6C,0x1C,0x00,0x00}},
    {0x9AD4, {0x00,0x50,0x3C,0xF8,0x35,0xFC,0x35,0xFC,0x3D,0xFC,0x7F,0xFC,0x42,0x00,0x3D,0xFC,0x25,0xFC,0x3D,0x8C,0x25,0x8C,0x3C,0xF8,0x24,0x88,0x25,0xFC,0x2C,0x00,0x00,0x00}},
    {0x9AD8, {0x01,0x00,0x7F,0xFC,0x7F,0xFC,0x00,0x00,0x1F,0xF0,0x1F,0xF0,0x00,0x00,0x00,0x00,0x7F,0xFC,0x67,0xCC,0x6C,0x6C,0x6C,0x6C,0x6F,0xCC,0x60,0x18,0x00,0x00,0x00,0x00}},
    {0x9AEE, {0x3F,0x18,0x30,0x70,0x32,0x60,0x3E,0x18,0x30,0x60,0x7F,0x0C,0x32,0x70,0x06,0x60,0x7F,0xFC,0x0C,0x00,0x0C,0x00,0x1F,0xF0,0x12,0x60,0x33,0xE0,0x5E,0x3C,0x00,0x00}},
    {0x9B06, {0x00,0x00,0x1F,0x38,0x1E,0x60,0x18,0x08,0x1E,0x70,0x3F,0x0C,0x3F,0x38,0x3F,0x60,0x08,0x50,0x3E,0xC8,0x1D,0xAC,0x1D,0x64,0x3E,0xD8,0x28,0xF8,0x08,0x84,0x00,0x00}},
    {0x9B0D, {0x00,0x00,0x1F,0x38,0x1A,0x60,0x10,0x18,0x10,0x70,0x3F,0x8C,0x3F,0x30,0x0C,0x78,0x3F,0xFC,0x08,0xFC,0x1E,0xFC,0x32,0xCC,0x33,0x84,0x3F,0x9C,0x00,0x00,0x00,0x00}},
    {0x9B3C, {0x03,0x00,0x0F,0xE0,0x3F,0xF8,0x31,0x18,0x31,0x18,0x3F,0xF8,0x31,0x18,0x3F,0xF8,0x0F,0xE0,0x03,0x20,0x07,0xB8,0x0D,0xF8,0x19,0x84,0x71,0xFC,0x00,0x70,0x00,0x00}},
    {0x9B41, {0x08,0x08,0x3C,0x48,0x7F,0x78,0x49,0x18,0x7F,0xC8,0x4B,0x48,0x49,0x68,0x7F,0x1C,0x3F,0x7C,0x19,0x58,0x3F,0x88,0x3F,0x98,0x2C,0x06,0x47,0xFC,0x00,0x00,0x00,0x00}},
    {0x9B42, {0x00,0x40,0x38,0xF0,0x7D,0xFC,0x03,0x6C,0x01,0x6C,0x4B,0xFC,0x7F,0x6C,0x21,0xFC,0x28,0xF8,0x6C,0x68,0x7C,0xFC,0x64,0xFC,0x01,0x64,0x03,0x3C,0x02,0x00,0x00,0x00}},
    {0x9B45, {0x18,0x00,0x3C,0x30,0x7E,0xFC,0x52,0xFC,0x7E,0x30,0x5A,0x34,0x53,0xFC,0x7E,0x70,0x3E,0x78,0x1A,0xFC,0x3F,0xB4,0x3F,0x30,0x68,0x04,0x4F,0xFC,0x00,0x00,0x00,0x00}},
    {0x9B4F, {0x0C,0x20,0x78,0x70,0x19,0xFC,0x7F,0x24,0x3D,0xAC,0x3D,0xFC,0x5B,0x24,0x11,0xFC,0x7E,0x78,0x76,0x78,0x24,0xFC,0x3C,0xFC,0x1D,0xB4,0x77,0x3C,0x40,0x00,0x00,0x00}},
    {0x9B54, {0x01,0x00,0x1F,0xFC,0x3F,0xFC,0x2F,0x7C,0x2F,0x38,0x2F,0xFC,0x30,0x94,0x6F,0xF8,0x6D,0xD8,0x6F,0xF8,0x69,0x88,0x6F,0xF8,0x43,0xB0,0xDE,0xFC,0x18,0x00,0x00,0x00}},
    {0x9BA8, {0x10,0x80,0x30,0x88,0x3C,0xF8,0x6C,0xC0,0x7F,0x86,0x6B,0xC4,0x7E,0xFC,0x7E,0x00,0x6A,0xFC,0x6A,0x84,0x7E,0xCC,0x00,0xFC,0x7F,0x84,0x55,0xFC,0x40,0x84,0x00,0x00}},
    {0x9BAE, {0x10,0x88,0x38,0xC8,0x3C,0x48,0x6C,0xFC,0x7E,0xB4,0x6A,0x20,0x7E,0xFC,0x7E,0xFC,0x6A,0x20,0x7E,0x30,0x01,0xFC,0x2A,0x20,0x7F,0x20,0x55,0x20,0x40,0x20,0x00,0x00}},
    {0x9C7C, {0x06,0x00,0x0F,0xC0,0x0F,0xE0,0x18,0x40,0x7F,0xF8,0x7F,0xFC,0x11,0x8C,0x11,0x8C,0x1F,0xFC,0x11,0x8C,0x11,0x8C,0x1F,0xFC,0x0E,0x70,0x00,0x00,0x7F,0xFE,0x00,0x00}},
    {0x9C7F, {0x10,0x20,0x38,0x68,0x3C,0x6C,0x64,0x60,0x7F,0xFC,0x7A,0x60,0x42,0x70,0x7E,0x70,0x7E,0x70,0x52,0x70,0x7E,0xD0,0x00,0x94,0x7F,0x96,0x7B,0x9C,0x01,0x08,0x00,0x00}},
    {0x9C81, {0x06,0x00,0x0F,0xE0,0x08,0x40,0x3F,0xF8,0x39,0x8C,0x1F,0xF8,0x19,0x88,0x1F,0xFC,0x30,0x84,0x0F,0xF8,0x08,0x08,0x0F,0xF8,0x0F,0xF8,0x0F,0xF8,0x08,0x18,0x00,0x00}},
    {0x9C8D, {0x10,0x00,0x38,0xC0,0x3C,0xFC,0x6D,0xBC,0x7F,0x04,0x57,0xF4,0x52,0x94,0x7E,0x94,0x7E,0xF4,0x52,0x8C,0x7E,0x98,0x00,0x80,0x7F,0x86,0x78,0xFC,0x00,0x00,0x00,0x00}},
    {0x9C9C, {0x10,0x00,0x38,0xC8,0x3E,0x48,0x65,0xFC,0x7E,0xF4,0x7A,0x30,0x42,0xF8,0x7E,0xFC,0x7E,0x30,0x4A,0x30,0x7F,0xFC,0x00,0x30,0x3E,0x30,0x7C,0x30,0x00,0x30,0x00,0x00}},
    {0x9CA1, {0x10,0x00,0x1D,0xFC,0x3C,0xFC,0x24,0x00,0x3F,0xFC,0x2F,0x74,0x2F,0x74,0x3F,0xFC,0x2B,0xFC,0x3F,0x74,0x01,0x74,0x01,0x74,0x3F,0x74,0x21,0x7C,0x00,0x00,0x00,0x00}},
    {0x9CA4, {0x10,0x00,0x39,0xFC,0x3D,0xA4,0x6D,0xA4,0x7F,0xFC,0x57,0xA4,0x53,0x24,0x7F,0xFC,0x7E,0x70,0x56,0x20,0x7D,0xFC,0x00,0x20,0x3E,0x20,0x71,0xFC,0x01,0xDC,0x00,0x00}},
    {0x9CA8, {0x30,0x40,0x1B,0x58,0x62,0x4C,0x16,0x5C,0x10,0x30,0x33,0xE0,0x67,0x00,0x0F,0xC0,0x18,0xC0,0x3F,0xF8,0x1F,0xF8,0x11,0x98,0x11,0x10,0x7F,0xFC,0x00,0x00,0x00,0x00}},
    {0x9CB8, {0x10,0x20,0x30,0x20,0x3D,0xFC,0x69,0x04,0x7C,0x00,0x55,0xFC,0x55,0x8C,0x7D,0xFC,0x7C,0xF8,0x54,0x20,0x7D,0xA8,0x01,0xAC,0x1F,0x24,0x7F,0x24,0x00,0xE0,0x00,0x00}},
    {0x9CC4, {0x10,0x00,0x39,0xFC,0x3D,0x74,0x69,0x74,0x7D,0xFC,0x54,0x00,0x55,0xF8,0x7C,0x00,0x7F,0xFC,0x54,0xC0,0x7C,0xF8,0x00,0x08,0x7C,0x08,0x70,0x78,0x00,0x00,0x00,0x00}},
    {0x9CCC, {0x18,0x40,0x7E,0x74,0x18,0xFC,0x7F,0xD8,0x30,0x70,0x3E,0x70,0x6E,0xDC,0x4F,0xC4,0x3F,0xC0,0x7F,0xF8,0x3F,0xF8,0x33,0x98,0x11,0x10,0x7F,0xFC,0x00,0x00,0x00,0x00}},
    {0x9CD0, {0x10,0x00,0x31,0xFC,0x3D,0xE0,0x69,0x6C,0x7D,0xA8,0x54,0x80,0x54,0xF8,0x7F,0xF8,0x7F,0x20,0x57,0xFC,0x7C,0x20,0x01,0x2C,0x1F,0x2C,0x79,0xFC,0x00,0x0C,0x00,0x00}},
    {0x9CD7, {0x20,0x00,0x31,0xFC,0x7D,0xFC,0x49,0x8C,0x7D,0xF8,0x54,0x00,0x55,0xFC,0x7D,0x54,0x7D,0xFC,0x54,0x00,0x7D,0xFC,0x00,0x98,0x1C,0x70,0x79,0xFC,0x03,0x8C,0x00,0x00}},
    {0x9CE5, {0x01,0x00,0x0F,0xF0,0x1E,0xF8,0x1F,0xF0,0x18,0x18,0x1F,0xF8,0x1F,0xE0,0x1F,0xFC,0x1F,0xF8,0x0F,0xFC,0x10,0x24,0x35,0xA4,0x34,0x8C,0x24,0x18,0x00,0x00,0x00,0x00}},
    {0x9CF3, {0x00,0x00,0x3F,0xF8,0x3F,0xD8,0x3F,0xF8,0x27,0xC8,0x2C,0x48,0x2F,0xC8,0x2C,0x48,0x2F,0xC8,0x2F,0xF8,0x2F,0xF8,0x60,0x3C,0x5F,0x2E,0x50,0xEC,0x00,0x04,0x00,0x00}},
    {0x9D28, {0x00,0x40,0x7D,0xF0,0x7F,0xB8,0x57,0xF8,0x7F,0x18,0x7F,0xF8,0x57,0xE0,0x57,0xF8,0x7F,0xF0,0x51,0xF8,0x12,0x18,0x13,0xF8,0x16,0x88,0x10,0x38,0x00,0x00,0x00,0x00}},
    {0x9DB4, {0x08,0x20,0x3C,0x70,0x7F,0xF8,0x53,0xF8,0x38,0x88,0x3D,0x88,0x7F,0xF8,0x68,0xFC,0x7E,0xFC,0x2C,0xFC,0x2C,0x0C,0x3F,0x7C,0x29,0xDC,0x3F,0x44,0x20,0x18,0x00,0x00}},
    {0x9E1F, {0x01,0x00,0x0F,0xF0,0x1F,0xF0,0x1A,0x10,0x1B,0x10,0x18,0xF0,0x18,0x20,0x1F,0xFC,0x00,0x0C,0x00,0x0C,0x3F,0xEC,0x00,0x08,0x00,0x08,0x00,0x38,0x00,0x00,0x00,0x00}},
    {0x9E21, {0x00,0x40,0x00,0xF0,0x3D,0xF8,0x07,0x08,0x05,0xE8,0x35,0x88,0x1D,0xB8,0x1D,0xB0,0x0D,0xFC,0x1C,0x04,0x17,0xFC,0x30,0x0C,0x60,0x0C,0x00,0x18,0x00,0x00,0x00,0x00}},
    {0x9E22, {0x01,0x20,0x01,0xBC,0x7F,0xFC,0x72,0xC0,0x02,0x74,0x1F,0xFC,0x12,0x10,0x13,0x70,0x10,0x00,0x1F,0xFC,0x00,0x0C,0x7F,0xCC,0x7F,0xEC,0x00,0x38,0x00,0x00,0x00,0x00}},
    {0x9E23, {0x00,0x40,0x00,0xF0,0x7B,0xF8,0x6B,0x48,0x6B,0x48,0x6B,0x18,0x6B,0x30,0x6B,0x00,0x6B,0xFC,0x68,0x0C,0x78,0x0C,0x43,0xFC,0x00,0x0C,0x00,0x38,0x00,0x00,0x00,0x00}},
    {0x9E25, {0x00,0x40,0x7E,0xF0,0x7D,0xF8,0x45,0x88,0x75,0xE8,0x7D,0x98,0x5D,0xB0,0x49,0xB0,0x4D,0xF8,0x74,0x08,0x73,0xF8,0x60,0x08,0x7E,0x08,0x3E,0x38,0x00,0x00,0x00,0x00}},
    {0x9E2A, {0x00,0x20,0x0C,0x38,0x0C,0xFC,0x3F,0xE4,0x3E,0xD4,0x0C,0xCC,0x0C,0xD8,0x1E,0xC0,0x3E,0xFE,0x32,0x06,0x33,0x06,0x33,0xFE,0x3E,0x06,0x30,0x1C,0x00,0x00,0x00,0x00}},
    {0x9E2D, {0x00,0x20,0x7E,0x78,0x7E,0xFC,0x4A,0x8C,0x7E,0xBC,0x7E,0x88,0x4A,0x98,0x5A,0x80,0x7E,0xFC,0x58,0x04,0x19,0xFC,0x18,0x04,0x18,0x0C,0x18,0x1C,0x00,0x00,0x00,0x00}},
    {0x9E2F, {0x01,0x00,0x0F,0xE0,0x3F,0xF8,0x31,0x18,0x7F,0xFC,0x0E,0x60,0x7F,0xFC,0x5F,0xF0,0x13,0x10,0x11,0x70,0x1F,0xFC,0x00,0x0C,0x7F,0xEC,0x7F,0xCC,0x00,0x38,0x00,0x00}},
    {0x9E33, {0x18,0x00,0x3F,0xF8,0x62,0x98,0x1C,0x84,0x1C,0xFC,0x73,0x00,0x67,0xE0,0x1F,0xF0,0x13,0x30,0x11,0x00,0x1F,0xFC,0x00,0x0C,0x7F,0xEC,0x7F,0xCC,0x00,0x38,0x00,0x00}},
    {0x9E35, {0x10,0x20,0x38,0x20,0x7F,0xFC,0x67,0xFC,0x7F,0x04,0x64,0x80,0x6C,0x80,0x68,0x98,0x7E,0xF0,0x02,0xC0,0x0A,0x80,0x7E,0x86,0x02,0x86,0x0E,0xFC,0x00,0x38,0x00,0x00}},
    {0x9E3D, {0x18,0x20,0x18,0x70,0x3C,0xFC,0x26,0x8C,0x60,0xBC,0x7C,0x8C,0x00,0x98,0x00,0x90,0x3C,0xFC,0x66,0x04,0x66,0x04,0x66,0xFC,0x7E,0x04,0x78,0x3C,0x00,0x10,0x00,0x00}},
    {0x9E3F, {0x00,0x20,0x30,0x78,0x1F,0xD8,0x06,0xE8,0x22,0xD8,0x36,0xD8,0x12,0xC0,0x06,0xC0,0x03,0xFC,0x1F,0x04,0x1C,0xFC,0x30,0x04,0x20,0x04,0x20,0x1C,0x00,0x00,0x00,0x00}},
    {0x9E42, {0x00,0x10,0x3F,0xB8,0x3F,0x6C,0x3B,0xEC,0x2E,0xDC,0x2C,0xCC,0x2E,0xD8,0x2F,0xE0,0x3F,0xFC,0x3F,0x84,0x2E,0xFC,0x2C,0x84,0x2F,0x84,0x39,0x1C,0x00,0x00,0x00,0x00}},
    {0x9E43, {0x00,0x20,0x3E,0x78,0x22,0xF8,0x3E,0xA8,0x00,0xB8,0x3E,0x88,0x66,0xB8,0x62,0xD0,0x7E,0xFC,0x62,0x04,0x7F,0xFC,0x62,0x0C,0x62,0x0C,0x6E,0x38,0x00,0x00,0x00,0x00}},
    {0x9E44, {0x04,0x20,0x34,0x78,0x3F,0xDC,0x3E,0xEC,0x24,0xBC,0x3F,0x88,0x3F,0x98,0x00,0xD0,0x3F,0xFC,0x23,0x04,0x23,0xFC,0x33,0x04,0x3F,0x0C,0x22,0x18,0x00,0x00,0x00,0x00}},
    {0x9E45, {0x00,0x20,0x3E,0x78,0x37,0x7C,0x15,0x6C,0x3E,0xFC,0x3F,0xC8,0x14,0x58,0x17,0xC0,0x3F,0x7C,0x32,0x04,0x16,0xFC,0x16,0x84,0x1F,0x04,0x31,0x1C,0x00,0x00,0x00,0x00}},
    {0x9E4A, {0x10,0x20,0x16,0x78,0x3F,0xDC,0x16,0xC8,0x12,0xF8,0x3F,0xC8,0x00,0xD8,0x3E,0xD0,0x32,0x7C,0x3E,0x04,0x3F,0xFC,0x23,0x04,0x3E,0x04,0x3E,0x1C,0x00,0x00,0x00,0x00}},
    {0x9E4F, {0x00,0x20,0x3F,0xB8,0x2C,0xFC,0x2F,0xEC,0x3F,0xD8,0x2E,0xC8,0x2C,0xD8,0x3F,0xD0,0x3F,0xFC,0x2D,0x04,0x2C,0xFC,0x2D,0x84,0x6D,0x9C,0x0F,0x18,0x00,0x00,0x00,0x00}},
    {0x9E64, {0x08,0x20,0x3E,0x78,0x3F,0x7C,0x39,0x6C,0x14,0xF8,0x1F,0xC8,0x36,0xD8,0x34,0xD0,0x3F,0x7C,0x34,0x04,0x3F,0xFC,0x34,0x04,0x3F,0x04,0x3F,0x1C,0x00,0x00,0x00,0x00}},
    {0x9E6B, {0x08,0x28,0x7F,0x7C,0x00,0xFC,0x3E,0x60,0x2E,0x74,0x6B,0x9C,0x1B,0xE0,0x1F,0xF0,0x13,0x10,0x11,0xF0,0x18,0x00,0x1F,0xFC,0x7F,0xE4,0x7F,0xEC,0x00,0x38,0x00,0x00}},
    {0x9E6D, {0x00,0x60,0x7E,0xF8,0x7E,0xF8,0x79,0x8C,0x6E,0xFC,0x7E,0xC8,0x63,0x78,0x0F,0xE0,0x1F,0xF0,0x11,0x30,0x19,0x00,0x1F,0xFC,0x7F,0xEC,0x7F,0xCC,0x00,0x38,0x00,0x00}},
    {0x9E70, {0x01,0x00,0x1B,0xDC,0x3F,0xFC,0x25,0xF8,0x2F,0xF8,0x3F,0x20,0x2D,0xFC,0x21,0x80,0x6F,0xF0,0x6F,0x18,0x6D,0xF8,0x6F,0xFC,0x5B,0xE4,0xC0,0x24,0x00,0x38,0x00,0x00}},
    {0x9E7F, {0x01,0x00,0x19,0x9C,0x3F,0xFC,0x26,0x40,0x3F,0xFC,0x26,0x4C,0x26,0x44,0x3F,0xFC,0x3D,0xF0,0x28,0x48,0x6F,0xF8,0x68,0x40,0x48,0x44,0x4F,0x7C,0x0C,0x00,0x00,0x00}},
    {0x9E92, {0x08,0x48,0x1E,0x48,0x7F,0xFC,0x54,0xFC,0x7E,0x48,0x7E,0x78,0x56,0x4C,0x7E,0x78,0x7C,0x68,0x74,0xCC,0x7F,0xFC,0x74,0x00,0x76,0x48,0x7E,0xC4,0x00,0x84,0x00,0x00}},
    {0x9E93, {0x00,0x20,0x58,0xBC,0x7F,0xFC,0x7E,0xBC,0x49,0xA4,0x3F,0xFC,0x24,0x40,0x3F,0xF8,0x26,0xEC,0x3F,0xFC,0x68,0xC8,0x6F,0xF8,0x48,0x44,0x5F,0x7C,0x48,0x00,0x00,0x00}},
    {0x9E9F, {0x08,0x20,0x1E,0xFC,0x7E,0x30,0x40,0xFC,0x7E,0x78,0x7F,0xFC,0x57,0xB4,0x7E,0x8C,0x7D,0xFC,0x65,0xFC,0x7F,0x74,0x64,0xFC,0x7C,0x9C,0x7F,0x8C,0x01,0x08,0x00,0x00}},
    {0x9EA5, {0x01,0x00,0x27,0xE8,0x7F,0xFC,0x19,0x10,0x19,0x30,0x3F,0xF8,0x67,0xCC,0x0D,0x60,0x32,0x38,0x67,0xEC,0x1C,0x60,0x37,0xC0,0x03,0xC0,0x3E,0x70,0x30,0x18,0x00,0x00}},
    {0x9EA6, {0x01,0x00,0x3F,0xF8,0x3F,0xF8,0x01,0x00,0x3F,0xF8,0x03,0x80,0x7F,0xFC,0x04,0x00,0x0F,0xF0,0x3C,0x70,0x6C,0x60,0x07,0xC0,0x07,0xC0,0x7C,0x7C,0x60,0x0C,0x00,0x00}},
    {0x9EB5, {0x00,0x00,0x7F,0xFC,0x7E,0x30,0x1C,0x20,0x7F,0xFC,0x19,0xFC,0x7F,0x54,0x51,0x74,0x3D,0x74,0x25,0x54,0x6D,0x74,0x19,0x54,0x19,0x54,0x65,0xFC,0x41,0x84,0x00,0x00}},
    {0x9EBA, {0x10,0x00,0x7F,0xFC,0x7C,0x30,0x7C,0x20,0x19,0xFC,0x19,0xFC,0x7F,0x54,0x3D,0x74,0x3F,0x74,0x65,0x54,0xFD,0x74,0x19,0x54,0x1D,0x54,0x75,0xFC,0x41,0x84,0x00,0x00}},
    {0x9EBB, {0x01,0x00,0x01,0x80,0x3F,0xFC,0x7E,0x7C,0x64,0x10,0x66,0x30,0x7F,0xFC,0x66,0x38,0x6F,0x38,0x6F,0x78,0x7E,0xD4,0x76,0x96,0x46,0x10,0xC6,0x10,0x04,0x10,0x00,0x00}},
    {0x9EC3, {0x08,0x20,0x3F,0xF8,0x3F,0xF8,0x0F,0xE0,0x00,0x00,0x7F,0xFC,0x1F,0xF0,0x3F,0xF8,0x31,0x18,0x3F,0xF8,0x31,0x18,0x33,0x98,0x1F,0xF0,0x38,0x38,0x60,0x0C,0x00,0x00}},
    {0x9EC4, {0x04,0x40,0x1F,0xF8,0x3F,0xF8,0x0C,0x60,0x7F,0xFC,0x01,0x00,0x0F,0xE0,0x3F,0xF8,0x3F,0xF8,0x31,0x18,0x31,0x18,0x3F,0xF8,0x0C,0x60,0x78,0x3C,0x60,0x0C,0x00,0x00}},
    {0x9ECD, {0x00,0x00,0x13,0xF0,0x01,0x80,0x7F,0xFC,0x07,0xE0,0x0D,0x70,0x73,0x9C,0x46,0xC0,0x1D,0x70,0x71,0x1C,0x59,0x24,0x0F,0xE0,0x1F,0xF0,0x31,0x18,0x07,0x00,0x00,0x00}},
    {0x9ECE, {0x0E,0x40,0x78,0xC8,0x08,0xFC,0x7F,0xA4,0x1D,0x64,0x3E,0x4C,0x7B,0x9C,0x07,0xD8,0x0C,0x60,0x79,0x3C,0x49,0x24,0x07,0xE0,0x1F,0xE0,0x39,0x38,0x03,0x00,0x00,0x00}},
    {0x9ED1, {0x00,0x00,0x3F,0xF8,0x31,0x18,0x35,0x58,0x35,0x58,0x3F,0xF8,0x01,0x00,0x3F,0xF8,0x3F,0xF8,0x01,0x00,0x7F,0xFC,0x20,0x18,0x26,0xC8,0x66,0x4C,0x00,0x00,0x00,0x00}},
    {0x9ED4, {0x00,0x20,0x7E,0x20,0x56,0x70,0x7E,0x58,0x7A,0xC8,0x5F,0xAC,0x7F,0x34,0x7C,0x10,0x7C,0xF8,0x18,0x18,0x7E,0x18,0x00,0x10,0x7E,0x30,0x5A,0x30,0x40,0x20,0x00,0x00}},
    {0x9ED8, {0x00,0x20,0x7F,0x38,0x6B,0x38,0x7F,0x24,0x6F,0x30,0x6B,0xFC,0x3E,0x30,0x3E,0x30,0x3E,0x30,0x18,0x70,0x7F,0x58,0x20,0x48,0x7E,0xCC,0x55,0x86,0x00,0x00,0x00,0x00}},
    {0x9EDB, {0x09,0x20,0x19,0xBC,0x77,0xFC,0x72,0xE0,0x10,0x3C,0x3F,0xF8,0x39,0x18,0x35,0x58,0x3F,0xF8,0x03,0x00,0x3F,0xF8,0x43,0x84,0x7F,0xFC,0x66,0xCC,0x00,0x00,0x00,0x00}},
    {0x9EDE, {0x00,0x20,0x7E,0x20,0x52,0x20,0x7E,0x30,0x7E,0x3C,0x5A,0x20,0x7E,0x20,0x7E,0xFC,0x7E,0xFC,0x1F,0x84,0x70,0x84,0x0A,0x84,0x7B,0x8C,0x55,0xFC,0x40,0x8C,0x00,0x00}},
    {0x9F0E, {0x0F,0xE0,0x2C,0x24,0x2F,0xE4,0x2F,0xE4,0x2C,0x64,0x2F,0xF4,0x20,0x04,0x3E,0x7C,0x06,0x40,0x06,0x60,0x7E,0x7E,0x36,0x46,0x26,0x46,0x66,0x46,0x42,0x44,0x00,0x00}},
    {0x9F13, {0x08,0x30,0x7E,0x30,0x7F,0xFC,0x18,0xFC,0x7E,0x30,0x00,0x30,0x7E,0xFC,0x62,0xFC,0x62,0x8C,0x7E,0xC8,0x24,0x78,0x24,0x30,0x3E,0x78,0x7F,0xDC,0x01,0x04,0x00,0x00}},
    {0x9F20, {0x1C,0x00,0x79,0xF0,0x60,0x10,0x7C,0xF0,0x60,0x30,0x60,0x30,0x7F,0xF0,0x22,0x20,0x6E,0xF0,0x62,0x30,0x7B,0xB0,0x6A,0xF0,0x62,0x70,0x7F,0xD8,0x00,0x00,0x00,0x00}},
    {0x9F3B, {0x03,0x00,0x1F,0xF0,0x18,0x30,0x18,0x30,0x1F,0xF0,0x10,0x30,0x1F,0xF0,0x33,0x98,0x3F,0xF8,0x3F,0xF8,0x00,0x00,0x7F,0xFC,0x08,0x60,0x78,0x60,0x60,0x60,0x00,0x00}},
    {0x9F50, {0x01,0x00,0x67,0xC8,0x7F,0xFC,0x0C,0x60,0x06,0xC0,0x03,0x80,0x0F,0xF0,0x78,0x3C,0x08,0x20,0x08,0x20,0x08,0x20,0x08,0x20,0x18,0x20,0x30,0x20,0x20,0x20,0x00,0x00}},
    {0x9F7F, {0x01,0x00,0x19,0xF0,0x19,0xF8,0x19,0x00,0x19,0x80,0x7F,0xFC,0x21,0x08,0x21,0x0C,0x21,0x08,0x23,0x8C,0x26,0xEC,0x2C,0x3C,0x38,0x0C,0x3F,0xF8,0x00,0x08,0x00,0x00}},
    {0x9F84, {0x08,0x20,0x28,0x30,0x6E,0x70,0x6C,0x58,0x68,0xCC,0x7F,0xA4,0x00,0x10,0x5A,0xF8,0x52,0xFC,0x5A,0x08,0x7E,0x18,0x76,0xD0,0x62,0x70,0x7E,0x30,0x02,0x10,0x00,0x00}},
    {0x9F8D, {0x10,0x80,0x5A,0xFC,0x7E,0xFC,0x24,0xC0,0x34,0xFC,0x7F,0x0C,0x00,0xFC,0x7E,0x80,0x62,0xFC,0x7E,0xC0,0x66,0xF8,0x7E,0xC0,0x62,0xFC,0x6E,0xC6,0x00,0x7C,0x00,0x00}},
    {0x9F99, {0x06,0x00,0x06,0x60,0x06,0x30,0x06,0x10,0x7F,0xFC,0x04,0x80,0x04,0x88,0x0C,0x98,0x0C,0xB0,0x08,0xE0,0x18,0xC0,0x11,0x80,0x37,0x86,0x66,0xFC,0x00,0x78,0x00,0x00}},
    {0x9F9A, {0x04,0x40,0x06,0x70,0x7F,0xFC,0x6D,0xDC,0x08,0xF0,0x33,0xC4,0x64,0xFC,0x0C,0x20,0x3F,0xF8,0x0C,0x60,0x0C,0x60,0x7F,0xFC,0x0C,0x60,0x78,0x3C,0x60,0x0C,0x00,0x00}},
    {0x9F9F, {0x04,0x00,0x0F,0xC0,0x1F,0xC0,0x30,0x80,0x7F,0xF8,0x73,0x18,0x21,0x18,0x3F,0xF8,0x3F,0xF8,0x21,0x18,0x3F,0xF8,0x21,0x04,0x01,0x04,0x01,0xFC,0x00,0xF8,0x00,0x00}},
    {0xAD00, {0x00,0x10,0x1F,0x90,0x1F,0x90,0x00,0x90,0x01,0x90,0x0D,0x9C,0x0C,0x10,0x0C,0x50,0x3F,0xD0,0x00,0x10,0x08,0x10,0x18,0x00,0x18,0x00,0x1F,0xF0,0x07,0xF0,0x00,0x00}},
    {0xB2DD, {0x00,0x08,0x10,0x08,0x10,0x08,0x10,0x08,0x10,0x08,0x10,0x08,0x1F,0xE8,0x1F,0xC8,0x00,0x08,0x03,0xE0,0x06,0x38,0x0C,0x08,0x0C,0x08,0x0E,0x18,0x03,0xF0,0x00,0x00}},
    {0xB3D9, {0x1F,0xF8,0x18,0x00,0x18,0x00,0x18,0x00,0x1F,0xF8,0x01,0x80,0x01,0x80,0x3F,0xFE,0x00,0x00,0x01,0x80,0x0F,0xF0,0x18,0x18,0x18,0x08,0x0C,0x38,0x07,0xF0,0x00,0x00}},
    {0xB8E8, {0x1F,0xF8,0x00,0x18,0x00,0x08,0x0F,0xF8,0x1F,0xF8,0x18,0x00,0x1F,0xF8,0x00,0x00,0x00,0x00,0x3F,0xFE,0x01,0x80,0x01,0x80,0x01,0x80,0x01,0x80,0x01,0x80,0x00,0x00}},
    {0xBCA0, {0x00,0x04,0x00,0x2C,0x33,0x2C,0x33,0x2C,0x33,0x2C,0x33,0x6C,0x3F,0xEC,0x33,0x2C,0x33,0x2C,0x33,0x2C,0x3F,0x2C,0x00,0x2C,0x00,0x2C,0x00,0x2C,0x00,0x0C,0x00,0x00}},
    {0xBE44, {0x00,0x08,0x00,0x08,0x10,0x88,0x10,0x88,0x10,0x88,0x19,0x88,0x1F,0x88,0x10,0x88,0x10,0x88,0x10,0x88,0x1F,0x88,0x00,0x08,0x00,0x08,0x00,0x08,0x00,0x08,0x00,0x00}},
    {0xC0E4, {0x00,0x10,0x00,0x10,0x04,0x10,0x04,0x10,0x04,0x1C,0x04,0x10,0x0E,0x10,0x0E,0x10,0x1B,0x1C,0x19,0x9C,0x31,0x90,0x20,0x10,0x00,0x10,0x00,0x10,0x00,0x10,0x00,0x00}},
    {0xC624, {0x00,0x00,0x00,0x00,0x0F,0xE0,0x18,0x30,0x30,0x18,0x30,0x08,0x30,0x08,0x18,0x18,0x0F,0xF0,0x03,0xC0,0x01,0x80,0x01,0x80,0x01,0x80,0x7F,0xFE,0x00,0x00,0x00,0x00}},
    {0xC774, {0x00,0x08,0x00,0x08,0x0F,0x08,0x19,0x88,0x10,0x88,0x30,0xC8,0x30,0xC8,0x30,0xC8,0x10,0x88,0x19,0x88,0x1F,0x08,0x06,0x08,0x00,0x08,0x00,0x08,0x00,0x08,0x00,0x00}},
    {0xCC28, {0x00,0x10,0x04,0x10,0x04,0x10,0x3F,0x90,0x06,0x10,0x04,0x10,0x06,0x1C,0x0E,0x1C,0x0E,0x10,0x1B,0x10,0x31,0x90,0x20,0x90,0x00,0x10,0x00,0x10,0x00,0x10,0x00,0x00}},
    {0xD0D5, {0x00,0x10,0x1F,0x10,0x3F,0x10,0x30,0x10,0x3F,0x1C,0x30,0x10,0x30,0x10,0x3F,0x90,0x08,0x10,0x00,0x00,0x07,0xE0,0x0C,0x30,0x18,0x10,0x0C,0x30,0x07,0xE0,0x00,0x00}},
    {0xD391, {0x00,0x08,0x1F,0xCC,0x1F,0xCC,0x0D,0x8C,0x0D,0xBC,0x0D,0x8C,0x0D,0x8C,0x1F,0xEC,0x10,0x0C,0x01,0xF0,0x07,0x18,0x04,0x0C,0x04,0x0C,0x06,0x18,0x03,0xF0,0x00,0x00}},
    {0xFF08, {0x00,0x00,0x00,0x80,0x01,0x00,0x03,0x00,0x02,0x00,0x02,0x00,0x06,0x00,0x06,0x00,0x06,0x00,0x06,0x00,0x02,0x00,0x02,0x00,0x03,0x00,0x01,0x80,0x00,0x80,0x00,0x00}},
    {0xFF09, {0x00,0x00,0x02,0x00,0x01,0x00,0x01,0x80,0x00,0x80,0x00,0x80,0x00,0xC0,0x00,0xC0,0x00,0xC0,0x00,0xC0,0x00,0x80,0x01,0x80,0x01,0x80,0x03,0x00,0x02,0x00,0x00,0x00}},
    {0xFF0C, {0x00,0x00,0x00,0x00,0x00,0x00,0x00,0x00,0x01,0xC0,0x01,0xC0,0x00,0xC0,0x00,0xC0,0x01,0x80,0x03,0x00,0x00,0x00,0x00,0x00,0x00,0x00,0x00,0x00,0x00,0x00,0x00,0x00}},
    {0xFF0D, {0x00,0x00,0x00,0x00,0x00,0x00,0x00,0x00,0x00,0x00,0x00,0x00,0x00,0x00,0x00,0x00,0x7F,0xFE,0x00,0x00,0x00,0x00,0x00,0x00,0x00,0x00,0x00,0x00,0x00,0x00,0x00,0x00}},
    {0xFF0F, {0x00,0x00,0x00,0x04,0x00,0x0C,0x00,0x18,0x00,0x30,0x00,0x60,0x00,0xC0,0x01,0x80,0x03,0x00,0x06,0x00,0x0C,0x00,0x18,0x00,0x20,0x00,0x40,0x00,0x40,0x00,0x00,0x00}},
    {0xFF10, {0x00,0x00,0x03,0xC0,0x07,0xE0,0x0C,0x30,0x08,0x10,0x18,0x18,0x18,0x18,0x18,0x18,0x18,0x18,0x18,0x18,0x18,0x18,0x08,0x10,0x0C,0x30,0x07,0xE0,0x03,0xC0,0x00,0x00}},
    {0xFF11, {0x00,0x00,0x03,0x80,0x0F,0x80,0x01,0x80,0x01,0x80,0x01,0x80,0x01,0x80,0x01,0x80,0x01,0x80,0x01,0x80,0x01,0x80,0x01,0x80,0x01,0x80,0x01,0xC0,0x1F,0xF8,0x00,0x00}},
    {0xFF12, {0x00,0x00,0x07,0xC0,0x0F,0xE0,0x18,0x30,0x00,0x30,0x00,0x30,0x00,0x30,0x00,0x30,0x00,0x60,0x00,0xC0,0x01,0x80,0x03,0x80,0x07,0x00,0x0E,0xF0,0x1F,0xF8,0x00,0x00}},
    {0xFF13, {0x00,0x00,0x07,0xC0,0x0F,0xF0,0x08,0x30,0x00,0x30,0x00,0x30,0x00,0x60,0x03,0xC0,0x01,0xE0,0x00,0x30,0x00,0x18,0x00,0x18,0x18,0x30,0x0F,0xF0,0x07,0xC0,0x00,0x00}},
    {0xFF14, {0x00,0x00,0x00,0x60,0x00,0xE0,0x01,0xE0,0x01,0xA0,0x03,0x20,0x06,0x20,0x06,0x20,0x0C,0x20,0x1C,0x70,0x1F,0xF8,0x00,0x20,0x00,0x20,0x00,0x20,0x00,0x20,0x00,0x00}},
    {0xFF15, {0x00,0x00,0x0F,0xF0,0x0F,0xF0,0x0C,0x00,0x0C,0x00,0x0C,0x00,0x0F,0xC0,0x0E,0xF0,0x00,0x30,0x00,0x18,0x00,0x18,0x00,0x10,0x18,0x30,0x1F,0xE0,0x07,0xC0,0x00,0x00}},
    {0xFF16, {0x00,0x00,0x01,0xE0,0x07,0xF0,0x0E,0x00,0x0C,0x00,0x08,0x00,0x1B,0xE0,0x1F,0x70,0x1C,0x30,0x18,0x18,0x18,0x18,0x0C,0x18,0x0C,0x30,0x07,0x70,0x03,0xE0,0x00,0x00}},
    {0xFF17, {0x00,0x00,0x1F,0xF8,0x0F,0xF8,0x00,0x30,0x00,0x60,0x00,0x60,0x00,0xC0,0x00,0xC0,0x01,0x80,0x01,0x80,0x01,0x80,0x01,0x80,0x01,0x00,0x03,0x00,0x03,0x00,0x00,0x00}},
    {0xFF18, {0x00,0x00,0x03,0xC0,0x0E,0x70,0x0C,0x30,0x08,0x10,0x0C,0x10,0x0E,0x30,0x07,0xE0,0x0F,0xE0,0x08,0x30,0x18,0x18,0x18,0x18,0x18,0x18,0x0E,0x70,0x07,0xE0,0x00,0x00}},
    {0xFF19, {0x00,0x00,0x07,0xC0,0x0F,0xE0,0x0C,0x30,0x18,0x30,0x18,0x18,0x18,0x18,0x18,0x38,0x0E,0xF8,0x07,0xD8,0x00,0x10,0x00,0x30,0x00,0x70,0x0F,0xE0,0x07,0x80,0x00,0x00}},
    {0xFF1A, {0x00,0x00,0x00,0x00,0x01,0x00,0x03,0x80,0x03,0x80,0x00,0x00,0x00,0x00,0x00,0x00,0x00,0x00,0x00,0x00,0x00,0x00,0x01,0x00,0x03,0x80,0x03,0x80,0x00,0x00,0x00,0x00}},
    {0xFF1F, {0x00,0x00,0x03,0xE0,0x06,0x60,0x00,0x20,0x00,0x20,0x00,0x60,0x00,0xC0,0x00,0xC0,0x01,0x80,0x01,0x80,0x00,0x00,0x00,0x00,0x01,0x80,0x01,0x80,0x00,0x00,0x00,0x00}},
};

static const size_t FT02_ROAD_GLYPH_COUNT = 3446;
